{
  "project_info": {
    "project_number": "711471444310",
    "firebase_url": "https://fairside-main-app-default-rtdb.firebaseio.com",
    "project_id": "fairside-main-app",
    "storage_bucket": "fairside-main-app.appspot.com"
  },
  "client": [
    {
      "client_info": {
        "mobilesdk_app_id": "1:711471444310:android:8fd9f2edd1735fce4d26f7",
        "android_client_info": {
          "package_name": "com.bigfatphoenix.fairside"
        }
      },
      "oauth_client": [
        {
          "client_id": "711471444310-7ovrm2hset3eonqpqg34vn58hlv2id00.apps.googleusercontent.com",
          "client_type": 3
        }
      ],
      "api_key": [
        {
          "current_key": "AIzaSyDCYs2owuvhLIAq_2NDZg0b5LHHSsYa81M"
        }
      ],
      "services": {
        "appinvite_service": {
          "other_platform_oauth_client": [
            {
              "client_id": "711471444310-7ovrm2hset3eonqpqg34vn58hlv2id00.apps.googleusercontent.com",
              "client_type": 3
            },
            {
              "client_id": "711471444310-01me8223n2uvlcor2ij1a04q487bie6c.apps.googleusercontent.com",
              "client_type": 2,
              "ios_info": {
                "bundle_id": "com.bigfatphoenix.fairsideproject",
                "app_store_id": "1572815838"
              }
            }
          ]
        }
      }
    },
    {
      "client_info": {
        "mobilesdk_app_id": "1:711471444310:android:d769c3b97f70837b4d26f7",
        "android_client_info": {
          "package_name": "com.bigfatphoenix.fairside.prototypes"
        }
      },
      "oauth_client": [
        {
          "client_id": "711471444310-7ovrm2hset3eonqpqg34vn58hlv2id00.apps.googleusercontent.com",
          "client_type": 3
        }
      ],
      "api_key": [
        {
          "current_key": "AIzaSyDCYs2owuvhLIAq_2NDZg0b5LHHSsYa81M"
        }
      ],
      "services": {
        "appinvite_service": {
          "other_platform_oauth_client": [
            {
              "client_id": "711471444310-7ovrm2hset3eonqpqg34vn58hlv2id00.apps.googleusercontent.com",
              "client_type": 3
            },
            {
              "client_id": "711471444310-01me8223n2uvlcor2ij1a04q487bie6c.apps.googleusercontent.com",
              "client_type": 2,
              "ios_info": {
                "bundle_id": "com.bigfatphoenix.fairsideproject",
                "app_store_id": "1572815838"
              }
            }
          ]
        }
      }
    }
  ],
  "configuration_version": "1"
}