{"scenarioName":"Detention Disaster","scenarioSummary":"Can you keep out of detention before the summer begins!","scenarioThumbnail":"Detention Disaster","scenarioDataJson":"{\"backgroundImage\":{\"description\":\"\",\"category\":\"background\",\"filename\":\"Class\",\"flipX\":false,\"flipY\":false},\"turnCount\":7,\"scenarioId\":0,\"endsWhenObjectiveMet\":false,\"unlockRequirements\":[],\"mainObjectives\":[{\"check\":{\"type\":1,\"name\":\"Trouble Meter\",\"value\":50.0},\"checkType\":3,\"comparePropName\":\"\"}],\"bonusObjectives\":[],\"scenarioName\":\"Detention Disaster\",\"mainObjectiveDescription\":\"Bonus objectives\",\"bonusObjectivesDescription\":\"7\",\"turnName\":\"Days\",\"summarySuccess\":\"You successfully avoided detention!\",\"summaryFailure\":\"You got yourself into detention!\",\"startingStats\":[{\"type\":1,\"name\":\"Trouble Meter\",\"value\":50.0}],\"minMaxStatValues\":{\"x\":0.0,\"y\":100.0},\"intro\":[{\"speakerImage\":{\"description\":\"\",\"category\":\"character\",\"filename\":\"Larry_Neutral\",\"flipX\":false,\"flipY\":false},\"anchorImage\":{\"description\":\"\",\"category\":\"\",\"filename\":\"\",\"flipX\":false,\"flipY\":false},\"dialogueText\":\"You know you've been very naughty at school lately.\",\"choices\":[],\"overrideName\":\"\",\"overrideNameReqs\":[]},{\"speakerImage\":{\"description\":\"\",\"category\":\"character\",\"filename\":\"Vanessa_Excited\",\"flipX\":false,\"flipY\":false},\"anchorImage\":{\"description\":\"\",\"category\":\"\",\"filename\":\"\",\"flipX\":false,\"flipY\":false},\"dialogueText\":\"The holidays kick off in a week and you have HUGE plans for the summer break!\",\"choices\":[],\"overrideName\":\"\",\"overrideNameReqs\":[]},{\"speakerImage\":{\"description\":\"\",\"category\":\"character\",\"filename\":\"Larry_Glaring\",\"flipX\":false,\"flipY\":false},\"anchorImage\":{\"description\":\"\",\"category\":\"\",\"filename\":\"\",\"flipX\":false,\"flipY\":false},\"dialogueText\":\"BUT if you get detention before that, you will be grounded for the summer holidays.\",\"choices\":[],\"overrideName\":\"\",\"overrideNameReqs\":[]},{\"speakerImage\":{\"description\":\"\",\"category\":\"character\",\"filename\":\"Vanessa_Smirk\",\"flipX\":false,\"flipY\":false},\"anchorImage\":{\"description\":\"\",\"category\":\"\",\"filename\":\"\",\"flipX\":false,\"flipY\":false},\"dialogueText\":\"You have one week to make sure your trouble meter stays low! [Trouble Meter]\",\"choices\":[],\"overrideName\":\"\",\"overrideNameReqs\":[]},{\"speakerImage\":{\"description\":\"\",\"category\":\"character\",\"filename\":\"Trish_Neutral\",\"flipX\":false,\"flipY\":false},\"anchorImage\":{\"description\":\"\",\"category\":\"\",\"filename\":\"\",\"flipX\":false,\"flipY\":false},\"dialogueText\":\"You can either be honest or sneaky. Which path will you choose to save your summer plans?\",\"choices\":[],\"overrideName\":\"\",\"overrideNameReqs\":[]}],\"outros\":[{\"outroID\":\"fofi_epi\",\"outcomeType\":1,\"traitCheck\":\"Craftiness\",\"traitCheckPositive\":false,\"dialogueOptions\":[{\"speakerImage\":{\"description\":\"\",\"category\":\"character\",\"filename\":\"Vanessa_Excited\",\"flipX\":false,\"flipY\":false},\"anchorImage\":{\"description\":\"\",\"category\":\"\",\"filename\":\"\",\"flipX\":false,\"flipY\":false},\"dialogueText\":\"Whoa! You did it! You avoided detention! And did whatever was necessary to avoid trouble.\",\"choices\":[],\"overrideName\":\"\",\"overrideNameReqs\":[]}],\"propsToShow\":[]},{\"outroID\":\"ceg_five\",\"outcomeType\":1,\"traitCheck\":\"Craftiness\",\"traitCheckPositive\":false,\"dialogueOptions\":[{\"speakerImage\":{\"description\":\"\",\"category\":\"character\",\"filename\":\"Vanessa_Awkward\",\"flipX\":false,\"flipY\":false},\"anchorImage\":{\"description\":\"\",\"category\":\"\",\"filename\":\"\",\"flipX\":false,\"flipY\":false},\"dialogueText\":\"And managed to blame the stinky food for the food fight. Your summer's going to be fuuun!\",\"choices\":[],\"overrideName\":\"\",\"overrideNameReqs\":[]}],\"propsToShow\":[]},{\"outroID\":\"ceg_six\",\"outcomeType\":1,\"traitCheck\":\"Craftiness\",\"traitCheckPositive\":false,\"dialogueOptions\":[{\"speakerImage\":{\"description\":\"\",\"category\":\"character\",\"filename\":\"Trish_Sad\",\"flipX\":false,\"flipY\":false},\"anchorImage\":{\"description\":\"\",\"category\":\"\",\"filename\":\"\",\"flipX\":false,\"flipY\":false},\"dialogueText\":\"You even managed to act innocent when questioned about the food fight. Your summer's going to be fuuun!\",\"choices\":[],\"overrideName\":\"\",\"overrideNameReqs\":[]}],\"propsToShow\":[]},{\"outroID\":\"fofi_epi\",\"outcomeType\":4,\"traitCheck\":\"Craftiness\",\"traitCheckPositive\":false,\"dialogueOptions\":[{\"speakerImage\":{\"description\":\"\",\"category\":\"character\",\"filename\":\"Trish_Sad\",\"flipX\":false,\"flipY\":false},\"anchorImage\":{\"description\":\"\",\"category\":\"\",\"filename\":\"\",\"flipX\":false,\"flipY\":false},\"dialogueText\":\"Ugghh...You couldn't stay out of trouble! You tried to do whatever was necessary to stay out of it.\",\"choices\":[],\"overrideName\":\"\",\"overrideNameReqs\":[]}],\"propsToShow\":[]},{\"outroID\":\"ceg_five\",\"outcomeType\":4,\"traitCheck\":\"Craftiness\",\"traitCheckPositive\":false,\"dialogueOptions\":[{\"speakerImage\":{\"description\":\"\",\"category\":\"character\",\"filename\":\"Trish_Angry\",\"flipX\":false,\"flipY\":false},\"anchorImage\":{\"description\":\"\",\"category\":\"\",\"filename\":\"\",\"flipX\":false,\"flipY\":false},\"dialogueText\":\"But then you blamed the stinky food for the food fight! Your summer's ruined.\",\"choices\":[],\"overrideName\":\"\",\"overrideNameReqs\":[]}],\"propsToShow\":[]},{\"outroID\":\"ceg_six\",\"outcomeType\":4,\"traitCheck\":\"Craftiness\",\"traitCheckPositive\":false,\"dialogueOptions\":[{\"speakerImage\":{\"description\":\"\",\"category\":\"character\",\"filename\":\"Trish_Curious\",\"flipX\":false,\"flipY\":false},\"anchorImage\":{\"description\":\"\",\"category\":\"\",\"filename\":\"\",\"flipX\":false,\"flipY\":false},\"dialogueText\":\"And even acted innocent when questioned about the food fight. But your summer's still ruined.\",\"choices\":[],\"overrideName\":\"\",\"overrideNameReqs\":[]}],\"propsToShow\":[]},{\"outroID\":\"bully_epi\",\"outcomeType\":1,\"traitCheck\":\"Nobleness\",\"traitCheckPositive\":false,\"dialogueOptions\":[{\"speakerImage\":{\"description\":\"\",\"category\":\"character\",\"filename\":\"Trish_Happy\",\"flipX\":false,\"flipY\":false},\"anchorImage\":{\"description\":\"\",\"category\":\"\",\"filename\":\"\",\"flipX\":false,\"flipY\":false},\"dialogueText\":\"Whoa! You did it! You avoided detention! And were honest and righteous in the face of trouble.\",\"choices\":[],\"overrideName\":\"\",\"overrideNameReqs\":[]}],\"propsToShow\":[]},{\"outroID\":\"eg_five\",\"outcomeType\":1,\"traitCheck\":\"Nobleness\",\"traitCheckPositive\":false,\"dialogueOptions\":[{\"speakerImage\":{\"description\":\"\",\"category\":\"character\",\"filename\":\"Larry_Happy\",\"flipX\":false,\"flipY\":false},\"anchorImage\":{\"description\":\"\",\"category\":\"\",\"filename\":\"\",\"flipX\":false,\"flipY\":false},\"dialogueText\":\"You even stood up to a bully. Your summer's going to be fuuun!\",\"choices\":[],\"overrideName\":\"\",\"overrideNameReqs\":[]}],\"propsToShow\":[]},{\"outroID\":\"eg_six\",\"outcomeType\":1,\"traitCheck\":\"Nobleness\",\"traitCheckPositive\":false,\"dialogueOptions\":[{\"speakerImage\":{\"description\":\"\",\"category\":\"character\",\"filename\":\"Larry_Happy\",\"flipX\":false,\"flipY\":false},\"anchorImage\":{\"description\":\"\",\"category\":\"\",\"filename\":\"\",\"flipX\":false,\"flipY\":false},\"dialogueText\":\"You even forgave a bully. Your summer's going to be fuuun!\",\"choices\":[],\"overrideName\":\"\",\"overrideNameReqs\":[]}],\"propsToShow\":[]},{\"outroID\":\"bully_epi\",\"outcomeType\":4,\"traitCheck\":\"Nobleness\",\"traitCheckPositive\":false,\"dialogueOptions\":[{\"speakerImage\":{\"description\":\"\",\"category\":\"character\",\"filename\":\"Vanessa_Disgusted\",\"flipX\":false,\"flipY\":false},\"anchorImage\":{\"description\":\"\",\"category\":\"\",\"filename\":\"\",\"flipX\":false,\"flipY\":false},\"dialogueText\":\"Ugghh...You couldn't stay out of trouble! Even though you were honest and righteous in the face of trouble.\",\"choices\":[],\"overrideName\":\"\",\"overrideNameReqs\":[]}],\"propsToShow\":[]},{\"outroID\":\"eg_five\",\"outcomeType\":4,\"traitCheck\":\"Nobleness\",\"traitCheckPositive\":false,\"dialogueOptions\":[{\"speakerImage\":{\"description\":\"\",\"category\":\"character\",\"filename\":\"Larry_Irritated\",\"flipX\":false,\"flipY\":false},\"anchorImage\":{\"description\":\"\",\"category\":\"\",\"filename\":\"\",\"flipX\":false,\"flipY\":false},\"dialogueText\":\"And stood up to a bully. But your summer's still ruined.\",\"choices\":[],\"overrideName\":\"\",\"overrideNameReqs\":[]}],\"propsToShow\":[]},{\"outroID\":\"eg_six\",\"outcomeType\":4,\"traitCheck\":\"Nobleness\",\"traitCheckPositive\":false,\"dialogueOptions\":[{\"speakerImage\":{\"description\":\"\",\"category\":\"character\",\"filename\":\"Vanessa_Confused\",\"flipX\":false,\"flipY\":false},\"anchorImage\":{\"description\":\"\",\"category\":\"\",\"filename\":\"\",\"flipX\":false,\"flipY\":false},\"dialogueText\":\"And even forgave a bully. But your summer's still ruined.\",\"choices\":[],\"overrideName\":\"\",\"overrideNameReqs\":[]}],\"propsToShow\":[]}],\"decisions\":[{\"decisionID\":\"what_the\",\"decisionText\":\"You got an F on a test. You're going to get in trouble at home, unless... you sneakily change it into an A.\",\"speakerName\":\"\",\"type\":0,\"speakerImage\":{\"description\":\"\",\"category\":\"character\",\"filename\":\"Vanessa_Thinking\",\"flipX\":false,\"flipY\":false},\"anchorImage\":{\"description\":\"\",\"category\":\"\",\"filename\":\"\",\"flipX\":false,\"flipY\":false},\"choices\":[{\"choiceText\":\"Change it\",\"choiceMadeSummary\":\"changed the F to an A, on your test\",\"choiceNotMadeSummary\":\"\",\"attributeEffects\":[],\"metaEffects\":[{\"type\":6,\"name\":\"Sneakiness\",\"value\":1.0}],\"consequences\":[{\"statEffects\":[],\"flagEffects\":[],\"consequenceText\":\"Oops! Looks like the marker you used was a different shade of red. Your parents know what you did.\",\"anchorImage\":{\"description\":\"\",\"category\":\"\",\"filename\":\"\",\"flipX\":false,\"flipY\":false},\"characterImage\":{\"description\":\"\",\"category\":\"character\",\"filename\":\"Vanessa_Shocked\",\"flipX\":false,\"flipY\":false}},{\"statEffects\":[{\"type\":1,\"name\":\"Trouble Meter\",\"value\":10.0}],\"flagEffects\":[],\"consequenceText\":\"Your fake A made them ANGRY. They're taking away your screen time!\",\"anchorImage\":{\"description\":\"\",\"category\":\"\",\"filename\":\"\",\"flipX\":false,\"flipY\":false},\"characterImage\":{\"description\":\"\",\"category\":\"character\",\"filename\":\"Trish_Nervous\",\"flipX\":false,\"flipY\":false}}],\"unlocks\":[],\"requirements\":[],\"secretUnlocked\":\"\"},{\"choiceText\":\"Tell your parents the truth\",\"choiceMadeSummary\":\"was honest to your parents about getting an F\",\"choiceNotMadeSummary\":\"\",\"attributeEffects\":[],\"metaEffects\":[{\"type\":6,\"name\":\"Bravery\",\"value\":1.0}],\"consequences\":[{\"statEffects\":[{\"type\":1,\"name\":\"Trouble Meter\",\"value\":10.0}],\"flagEffects\":[],\"consequenceText\":\"Your parents aren't happy with the F. That means no more screen time after 6 pm.\",\"anchorImage\":{\"description\":\"\",\"category\":\"\",\"filename\":\"\",\"flipX\":false,\"flipY\":false},\"characterImage\":{\"description\":\"\",\"category\":\"character\",\"filename\":\"Vanessa_Angry\",\"flipX\":false,\"flipY\":false}},{\"statEffects\":[],\"flagEffects\":[],\"consequenceText\":\"\\\"Failures are the pillars of success,\\\" they said. Whatever that means.\",\"anchorImage\":{\"description\":\"\",\"category\":\"\",\"filename\":\"\",\"flipX\":false,\"flipY\":false},\"characterImage\":{\"description\":\"\",\"category\":\"character\",\"filename\":\"Trish_Bored\",\"flipX\":false,\"flipY\":false}}],\"unlocks\":[],\"requirements\":[],\"secretUnlocked\":\"\"}],\"requirements\":[]},{\"decisionID\":\"dog_gone\",\"decisionText\":\"You snuck your dog into the classroom. Oh no, he just pooped on the teacher's chair! What do you say?\",\"speakerName\":\"\",\"type\":0,\"speakerImage\":{\"description\":\"\",\"category\":\"character\",\"filename\":\"Trish_Uh-Oh\",\"flipX\":false,\"flipY\":false},\"anchorImage\":{\"description\":\"\",\"category\":\"\",\"filename\":\"\",\"flipX\":false,\"flipY\":false},\"choices\":[{\"choiceText\":\"\\\"That's not my dog\\\"\",\"choiceMadeSummary\":\"disowned the dog at school\",\"choiceNotMadeSummary\":\"\",\"attributeEffects\":[],\"metaEffects\":[{\"type\":6,\"name\":\"Sneakiness\",\"value\":1.0}],\"consequences\":[{\"statEffects\":[{\"type\":1,\"name\":\"Trouble Meter\",\"value\":-10.0}],\"flagEffects\":[],\"consequenceText\":\"You managed to stay out of trouble, but you turned your back on your dog.\",\"anchorImage\":{\"description\":\"\",\"category\":\"\",\"filename\":\"\",\"flipX\":false,\"flipY\":false},\"characterImage\":{\"description\":\"\",\"category\":\"character\",\"filename\":\"Vanessa_Sad\",\"flipX\":false,\"flipY\":false}},{\"statEffects\":[],\"flagEffects\":[],\"consequenceText\":\"Because of you, he's been taken away to a dog shelter, and there's nothing you can do about it.\",\"anchorImage\":{\"description\":\"\",\"category\":\"\",\"filename\":\"\",\"flipX\":false,\"flipY\":false},\"characterImage\":{\"description\":\"\",\"category\":\"character\",\"filename\":\"PuppyDD_Sick\",\"flipX\":false,\"flipY\":false}}],\"unlocks\":[],\"requirements\":[],\"secretUnlocked\":\"\"},{\"choiceText\":\"\\\"Sorry about my dog\\\"\",\"choiceMadeSummary\":\"took responsibility for dog pooping on the teacher's chair\",\"choiceNotMadeSummary\":\"\",\"attributeEffects\":[],\"metaEffects\":[{\"type\":6,\"name\":\"Bravery\",\"value\":1.0}],\"consequences\":[{\"statEffects\":[],\"flagEffects\":[],\"consequenceText\":\"The teacher ran around to get the poop cleaned, while the whole class giggled.\",\"anchorImage\":{\"description\":\"\",\"category\":\"\",\"filename\":\"\",\"flipX\":false,\"flipY\":false},\"characterImage\":{\"description\":\"\",\"category\":\"character\",\"filename\":\"PuppyDD_Naughty\",\"flipX\":false,\"flipY\":false}},{\"statEffects\":[{\"type\":1,\"name\":\"Trouble Meter\",\"value\":10.0}],\"flagEffects\":[],\"consequenceText\":\"Your parents are being called to the school. You and your dog are in major trouble. It's looking BAD!\",\"anchorImage\":{\"description\":\"\",\"category\":\"\",\"filename\":\"\",\"flipX\":false,\"flipY\":false},\"characterImage\":{\"description\":\"\",\"category\":\"character\",\"filename\":\"Larry_Irritated\",\"flipX\":false,\"flipY\":false}}],\"unlocks\":[],\"requirements\":[],\"secretUnlocked\":\"\"}],\"requirements\":[]},{\"decisionID\":\"youre_alizard\",\"decisionText\":\"Oh no! The class pet, a smooth green snake escaped as you cleaned its tank. Quick, replace it with an identical one!\",\"speakerName\":\"\",\"type\":0,\"speakerImage\":{\"description\":\"\",\"category\":\"character\",\"filename\":\"Vanessa_Awkward\",\"flipX\":false,\"flipY\":false},\"anchorImage\":{\"description\":\"\",\"category\":\"\",\"filename\":\"\",\"flipX\":false,\"flipY\":false},\"choices\":[{\"choiceText\":\"Yes, but don't tell anyone\",\"choiceMadeSummary\":\"sneakily replaced the lost snake\",\"choiceNotMadeSummary\":\"\",\"attributeEffects\":[],\"metaEffects\":[{\"type\":6,\"name\":\"Sneakiness\",\"value\":1.0}],\"consequences\":[{\"statEffects\":[{\"type\":1,\"name\":\"Trouble Meter\",\"value\":-10.0}],\"flagEffects\":[],\"consequenceText\":\"Phew! Nobody seemed to notice that it's a new snake.\",\"anchorImage\":{\"description\":\"\",\"category\":\"\",\"filename\":\"\",\"flipX\":false,\"flipY\":false},\"characterImage\":{\"description\":\"\",\"category\":\"character\",\"filename\":\"Vanessa_Excited\",\"flipX\":false,\"flipY\":false}},{\"statEffects\":[],\"flagEffects\":[],\"consequenceText\":\"The snake clearly knows what you did! It hisses at you every time you walk by the tank.\",\"anchorImage\":{\"description\":\"\",\"category\":\"\",\"filename\":\"\",\"flipX\":false,\"flipY\":false},\"characterImage\":{\"description\":\"\",\"category\":\"character\",\"filename\":\"Trish_Nervous\",\"flipX\":false,\"flipY\":false}}],\"unlocks\":[],\"requirements\":[],\"secretUnlocked\":\"\"},{\"choiceText\":\"Confess to everyone\",\"choiceMadeSummary\":\"owned up to accidentally releasing the snake\",\"choiceNotMadeSummary\":\"\",\"attributeEffects\":[],\"metaEffects\":[{\"type\":6,\"name\":\"Honesty\",\"value\":1.0}],\"consequences\":[{\"statEffects\":[],\"flagEffects\":[],\"consequenceText\":\"The biology teacher was shocked, but he saw it as an opportunity for a lesson on reptile behavior.\",\"anchorImage\":{\"description\":\"\",\"category\":\"\",\"filename\":\"\",\"flipX\":false,\"flipY\":false},\"characterImage\":{\"description\":\"\",\"category\":\"character\",\"filename\":\"Larry_Curious\",\"flipX\":false,\"flipY\":false}},{\"statEffects\":[{\"type\":1,\"name\":\"Trouble Meter\",\"value\":-10.0}],\"flagEffects\":[],\"consequenceText\":\"Looks like you managed to slither out of trouble.\",\"anchorImage\":{\"description\":\"\",\"category\":\"\",\"filename\":\"\",\"flipX\":false,\"flipY\":false},\"characterImage\":{\"description\":\"\",\"category\":\"character\",\"filename\":\"Vanessa_Neutral\",\"flipX\":false,\"flipY\":false}}],\"unlocks\":[],\"requirements\":[],\"secretUnlocked\":\"\"}],\"requirements\":[]},{\"decisionID\":\"coffee_offie\",\"decisionText\":\"You added spices to your teacher's coffee for fun. She is about to sip it, but now you're scared it'll ruin her day!\",\"speakerName\":\"\",\"type\":0,\"speakerImage\":{\"description\":\"\",\"category\":\"character\",\"filename\":\"Trish_Curious\",\"flipX\":false,\"flipY\":false},\"anchorImage\":{\"description\":\"\",\"category\":\"\",\"filename\":\"\",\"flipX\":false,\"flipY\":false},\"choices\":[{\"choiceText\":\"Quick, warn the teacher\",\"choiceMadeSummary\":\"warned the teacher about your prank\",\"choiceNotMadeSummary\":\"\",\"attributeEffects\":[],\"metaEffects\":[{\"type\":6,\"name\":\"Honesty\",\"value\":1.0}],\"consequences\":[{\"statEffects\":[],\"flagEffects\":[],\"consequenceText\":\"The teacher became curious and decided to take a sip anyway.\",\"anchorImage\":{\"description\":\"\",\"category\":\"\",\"filename\":\"\",\"flipX\":false,\"flipY\":false},\"characterImage\":{\"description\":\"\",\"category\":\"character\",\"filename\":\"Vanessa_Awkward\",\"flipX\":false,\"flipY\":false}},{\"statEffects\":[{\"type\":1,\"name\":\"Trouble Meter\",\"value\":-10.0}],\"flagEffects\":[],\"consequenceText\":\"Phew! She loved the spicy coffee and thanked you for being innovative. You seem to have made her day.\",\"anchorImage\":{\"description\":\"\",\"category\":\"\",\"filename\":\"\",\"flipX\":false,\"flipY\":false},\"characterImage\":{\"description\":\"\",\"category\":\"character\",\"filename\":\"Larry_Excited\",\"flipX\":false,\"flipY\":false}}],\"unlocks\":[],\"requirements\":[],\"secretUnlocked\":\"\"},{\"choiceText\":\"Do nothing\",\"choiceMadeSummary\":\"let the teacher drink the spiced coffee\",\"choiceNotMadeSummary\":\"\",\"attributeEffects\":[],\"metaEffects\":[{\"type\":6,\"name\":\"Sneakiness\",\"value\":1.0}],\"consequences\":[{\"statEffects\":[],\"flagEffects\":[],\"consequenceText\":\"The teacher took a sip and wondered out loud why her coffee tasted different.\",\"anchorImage\":{\"description\":\"\",\"category\":\"\",\"filename\":\"\",\"flipX\":false,\"flipY\":false},\"characterImage\":{\"description\":\"\",\"category\":\"character\",\"filename\":\"Larry_Curious\",\"flipX\":false,\"flipY\":false}},{\"statEffects\":[{\"type\":1,\"name\":\"Trouble Meter\",\"value\":-10.0}],\"flagEffects\":[],\"consequenceText\":\"She didn't say anything else. You'll never know if she liked it, but you're off the hook.\",\"anchorImage\":{\"description\":\"\",\"category\":\"\",\"filename\":\"\",\"flipX\":false,\"flipY\":false},\"characterImage\":{\"description\":\"\",\"category\":\"character\",\"filename\":\"Trish_Confused\",\"flipX\":false,\"flipY\":false}}],\"unlocks\":[],\"requirements\":[],\"secretUnlocked\":\"\"}],\"requirements\":[]},{\"decisionID\":\"skip_sick\",\"decisionText\":\"You fake being sick to skip a surprise quiz! But the school nurse is sending you back to class.\",\"speakerName\":\"\",\"type\":0,\"speakerImage\":{\"description\":\"\",\"category\":\"character\",\"filename\":\"Larry_Smirk\",\"flipX\":false,\"flipY\":false},\"anchorImage\":{\"description\":\"\",\"category\":\"\",\"filename\":\"\",\"flipX\":false,\"flipY\":false},\"choices\":[{\"choiceText\":\"Go back and take the quiz\",\"choiceMadeSummary\":\"returned to class and took the quiz\",\"choiceNotMadeSummary\":\"\",\"attributeEffects\":[],\"metaEffects\":[{\"type\":6,\"name\":\"Honesty\",\"value\":1.0}],\"consequences\":[{\"statEffects\":[],\"flagEffects\":[],\"consequenceText\":\"You chewed half your pencil trying to come up with the answers.\",\"anchorImage\":{\"description\":\"\",\"category\":\"\",\"filename\":\"\",\"flipX\":false,\"flipY\":false},\"characterImage\":{\"description\":\"\",\"category\":\"character\",\"filename\":\"Trish_Nervous\",\"flipX\":false,\"flipY\":false}},{\"statEffects\":[{\"type\":1,\"name\":\"Trouble Meter\",\"value\":10.0}],\"flagEffects\":[],\"consequenceText\":\"You ended up failing the quiz. The teacher signed you up for extra classes. Bummer!\",\"anchorImage\":{\"description\":\"\",\"category\":\"\",\"filename\":\"\",\"flipX\":false,\"flipY\":false},\"characterImage\":{\"description\":\"\",\"category\":\"character\",\"filename\":\"Vanessa_Intense\",\"flipX\":false,\"flipY\":false}}],\"unlocks\":[],\"requirements\":[],\"secretUnlocked\":\"\"},{\"choiceText\":\"Hide and skip the quiz\",\"choiceMadeSummary\":\"hid to skip the quiz\",\"choiceNotMadeSummary\":\"\",\"attributeEffects\":[],\"metaEffects\":[{\"type\":6,\"name\":\"Sneakiness\",\"value\":1.0}],\"consequences\":[{\"statEffects\":[{\"type\":1,\"name\":\"Trouble Meter\",\"value\":-10.0}],\"flagEffects\":[],\"consequenceText\":\"You hid in the supply closet and nobody found out.\",\"anchorImage\":{\"description\":\"\",\"category\":\"\",\"filename\":\"\",\"flipX\":false,\"flipY\":false},\"characterImage\":{\"description\":\"\",\"category\":\"character\",\"filename\":\"Vanessa_Smirk\",\"flipX\":false,\"flipY\":false}},{\"statEffects\":[],\"flagEffects\":[],\"consequenceText\":\"Although you skipped the quiz, the bugs in the supply closet made you super itchy.\",\"anchorImage\":{\"description\":\"\",\"category\":\"\",\"filename\":\"\",\"flipX\":false,\"flipY\":false},\"characterImage\":{\"description\":\"\",\"category\":\"character\",\"filename\":\"Trish_Irritated\",\"flipX\":false,\"flipY\":false}}],\"unlocks\":[],\"requirements\":[],\"secretUnlocked\":\"\"}],\"requirements\":[]},{\"decisionID\":\"cheat_er\",\"decisionText\":\"Oh no! You completely forgot about the history assignment!\",\"speakerName\":\"\",\"type\":0,\"speakerImage\":{\"description\":\"\",\"category\":\"character\",\"filename\":\"Trish_Uh-Oh\",\"flipX\":false,\"flipY\":false},\"anchorImage\":{\"description\":\"\",\"category\":\"\",\"filename\":\"\",\"flipX\":false,\"flipY\":false},\"choices\":[{\"choiceText\":\"Ask teacher to push the deadline\",\"choiceMadeSummary\":\"asked teacher to push the deadline\",\"choiceNotMadeSummary\":\"\",\"attributeEffects\":[],\"metaEffects\":[{\"type\":6,\"name\":\"Honesty\",\"value\":1.0}],\"consequences\":[{\"statEffects\":[{\"type\":1,\"name\":\"Trouble Meter\",\"value\":-10.0}],\"flagEffects\":[],\"consequenceText\":\"Your classmates agreed with you. The deadline for the assignment was pushed.\",\"anchorImage\":{\"description\":\"\",\"category\":\"\",\"filename\":\"\",\"flipX\":false,\"flipY\":false},\"characterImage\":{\"description\":\"\",\"category\":\"character\",\"filename\":\"Vanessa_Happy\",\"flipX\":false,\"flipY\":false}},{\"statEffects\":[],\"flagEffects\":[],\"consequenceText\":\"Everyone is thanking you for speaking up.\",\"anchorImage\":{\"description\":\"\",\"category\":\"\",\"filename\":\"\",\"flipX\":false,\"flipY\":false},\"characterImage\":{\"description\":\"\",\"category\":\"character\",\"filename\":\"Trish_Happy\",\"flipX\":false,\"flipY\":false}}],\"unlocks\":[],\"requirements\":[],\"secretUnlocked\":\"\"},{\"choiceText\":\"Copy assignment from Matt\",\"choiceMadeSummary\":\"copied the assignment from a friend\",\"choiceNotMadeSummary\":\"\",\"attributeEffects\":[],\"metaEffects\":[{\"type\":6,\"name\":\"Sneakiness\",\"value\":1.0}],\"consequences\":[{\"statEffects\":[],\"flagEffects\":[],\"consequenceText\":\"Turns out Matt didn't do that well on the assignment. You both got bad grades!\",\"anchorImage\":{\"description\":\"\",\"category\":\"\",\"filename\":\"\",\"flipX\":false,\"flipY\":false},\"characterImage\":{\"description\":\"\",\"category\":\"character\",\"filename\":\"Vanessa_Uh-Oh\",\"flipX\":false,\"flipY\":false}},{\"statEffects\":[{\"type\":1,\"name\":\"Trouble Meter\",\"value\":10.0}],\"flagEffects\":[],\"consequenceText\":\"The teacher noticed the similarities in your papers. It's not looking good for either of you!\",\"anchorImage\":{\"description\":\"\",\"category\":\"\",\"filename\":\"\",\"flipX\":false,\"flipY\":false},\"characterImage\":{\"description\":\"\",\"category\":\"character\",\"filename\":\"Larry_Glaring\",\"flipX\":false,\"flipY\":false}}],\"unlocks\":[],\"requirements\":[],\"secretUnlocked\":\"\"}],\"requirements\":[]},{\"decisionID\":\"tab_let\",\"decisionText\":\"Somebody accidentally dropped a tablet in your backpack, the same kind you always wanted!\",\"speakerName\":\"\",\"type\":0,\"speakerImage\":{\"description\":\"\",\"category\":\"character\",\"filename\":\"Vanessa_Uh-Oh\",\"flipX\":false,\"flipY\":false},\"anchorImage\":{\"description\":\"\",\"category\":\"\",\"filename\":\"\",\"flipX\":false,\"flipY\":false},\"choices\":[{\"choiceText\":\"Find the owner\",\"choiceMadeSummary\":\"found the owner of the lost tablet\",\"choiceNotMadeSummary\":\"\",\"attributeEffects\":[],\"metaEffects\":[{\"type\":6,\"name\":\"Honesty\",\"value\":1.0}],\"consequences\":[{\"statEffects\":[{\"type\":1,\"name\":\"Trouble Meter\",\"value\":-10.0}],\"flagEffects\":[],\"consequenceText\":\"The news of your honor spread through the school like wildfire...\",\"anchorImage\":{\"description\":\"\",\"category\":\"\",\"filename\":\"\",\"flipX\":false,\"flipY\":false},\"characterImage\":{\"description\":\"\",\"category\":\"character\",\"filename\":\"Trish_Happy\",\"flipX\":false,\"flipY\":false}},{\"statEffects\":[],\"flagEffects\":[],\"consequenceText\":\"Your parents are even considering buying you the same model!\",\"anchorImage\":{\"description\":\"\",\"category\":\"\",\"filename\":\"\",\"flipX\":false,\"flipY\":false},\"characterImage\":{\"description\":\"\",\"category\":\"character\",\"filename\":\"Vanessa_Excited\",\"flipX\":false,\"flipY\":false}}],\"unlocks\":[],\"requirements\":[],\"secretUnlocked\":\"\"},{\"choiceText\":\"\\\"Borrow\\\" it for a few days\",\"choiceMadeSummary\":\"kept the lost tablet for yourself\",\"choiceNotMadeSummary\":\"\",\"attributeEffects\":[],\"metaEffects\":[{\"type\":6,\"name\":\"Slyness\",\"value\":1.0}],\"consequences\":[{\"statEffects\":[{\"type\":1,\"name\":\"Trouble Meter\",\"value\":-10.0}],\"flagEffects\":[],\"consequenceText\":\"You turned off the tracking system and used it for a day!\",\"anchorImage\":{\"description\":\"\",\"category\":\"\",\"filename\":\"\",\"flipX\":false,\"flipY\":false},\"characterImage\":{\"description\":\"\",\"category\":\"character\",\"filename\":\"Vanessa_Neutral\",\"flipX\":false,\"flipY\":false}},{\"statEffects\":[],\"flagEffects\":[],\"consequenceText\":\"But you felt bad about all the sneaking around and finally found the owner...\",\"anchorImage\":{\"description\":\"\",\"category\":\"\",\"filename\":\"\",\"flipX\":false,\"flipY\":false},\"characterImage\":{\"description\":\"\",\"category\":\"character\",\"filename\":\"Trish_Nervous\",\"flipX\":false,\"flipY\":false}},{\"statEffects\":[{\"type\":1,\"name\":\"Trouble Meter\",\"value\":20.0}],\"flagEffects\":[],\"consequenceText\":\"But the owner thinks you stole it! Now, everyone hides their tablets when you're around.\",\"anchorImage\":{\"description\":\"\",\"category\":\"\",\"filename\":\"\",\"flipX\":false,\"flipY\":false},\"characterImage\":{\"description\":\"\",\"category\":\"character\",\"filename\":\"Vanessa_Sad\",\"flipX\":false,\"flipY\":false}}],\"unlocks\":[],\"requirements\":[],\"secretUnlocked\":\"\"}],\"requirements\":[]},{\"decisionID\":\"vol_cano\",\"decisionText\":\"You poured extra baking soda into your friend's volcano by accident. You just ruined your friend's science experiment!\",\"speakerName\":\"\",\"type\":0,\"speakerImage\":{\"description\":\"\",\"category\":\"character\",\"filename\":\"Vanessa_Shocked\",\"flipX\":false,\"flipY\":false},\"anchorImage\":{\"description\":\"\",\"category\":\"\",\"filename\":\"\",\"flipX\":false,\"flipY\":false},\"choices\":[{\"choiceText\":\"Admit your mistake\",\"choiceMadeSummary\":\"told the truth about ruining the experiment\",\"choiceNotMadeSummary\":\"\",\"attributeEffects\":[],\"metaEffects\":[{\"type\":6,\"name\":\"Honesty\",\"value\":1.0}],\"consequences\":[{\"statEffects\":[],\"flagEffects\":[],\"consequenceText\":\"All your friends, including your teacher, had a good laugh watching the volcano burst into the sky...\",\"anchorImage\":{\"description\":\"\",\"category\":\"\",\"filename\":\"\",\"flipX\":false,\"flipY\":false},\"characterImage\":{\"description\":\"\",\"category\":\"character\",\"filename\":\"Trish_Awkward\",\"flipX\":false,\"flipY\":false}},{\"statEffects\":[{\"type\":1,\"name\":\"Trouble Meter\",\"value\":10.0}],\"flagEffects\":[],\"consequenceText\":\"But the ceiling was ruined and the teacher gave you an F.\",\"anchorImage\":{\"description\":\"\",\"category\":\"\",\"filename\":\"\",\"flipX\":false,\"flipY\":false},\"characterImage\":{\"description\":\"\",\"category\":\"character\",\"filename\":\"Larry_Smirk\",\"flipX\":false,\"flipY\":false}},{\"statEffects\":[],\"flagEffects\":[],\"consequenceText\":\"Your friend is pretty upset with you. He was hoping to win the science fair!\",\"anchorImage\":{\"description\":\"\",\"category\":\"\",\"filename\":\"\",\"flipX\":false,\"flipY\":false},\"characterImage\":{\"description\":\"\",\"category\":\"character\",\"filename\":\"Vanessa_Intense\",\"flipX\":false,\"flipY\":false}}],\"unlocks\":[],\"requirements\":[],\"secretUnlocked\":\"\"},{\"choiceText\":\"Ruin all volcanoes\",\"choiceMadeSummary\":\"ruined all volcano experiments to cover up your mistake\",\"choiceNotMadeSummary\":\"\",\"attributeEffects\":[],\"metaEffects\":[{\"type\":6,\"name\":\"Slyness\",\"value\":1.0}],\"consequences\":[{\"statEffects\":[],\"flagEffects\":[],\"consequenceText\":\"Everyone in the class was surprised when the volcanoes burst sky high. The lab is destroyed!\",\"anchorImage\":{\"description\":\"\",\"category\":\"\",\"filename\":\"\",\"flipX\":false,\"flipY\":false},\"characterImage\":{\"description\":\"\",\"category\":\"character\",\"filename\":\"Trish_Uh-Oh\",\"flipX\":false,\"flipY\":false}},{\"statEffects\":[{\"type\":1,\"name\":\"Trouble Meter\",\"value\":20.0}],\"flagEffects\":[],\"consequenceText\":\"Oh no! A classmate who saw you sneaking around the other volcanoes has ratted you out to the teacher!\",\"anchorImage\":{\"description\":\"\",\"category\":\"\",\"filename\":\"\",\"flipX\":false,\"flipY\":false},\"characterImage\":{\"description\":\"\",\"category\":\"character\",\"filename\":\"Larry_Smirk\",\"flipX\":false,\"flipY\":false}}],\"unlocks\":[],\"requirements\":[],\"secretUnlocked\":\"\"}],\"requirements\":[]},{\"decisionID\":\"throw_away\",\"decisionText\":\"Ugh! The school lunch looks so bad. The steamed vegetables are just one big lump. It's the last day at school, so let's start a food fight!\",\"speakerName\":\"\",\"type\":2,\"speakerImage\":{\"description\":\"\",\"category\":\"character\",\"filename\":\"Vanessa_Smirk\",\"flipX\":false,\"flipY\":false},\"anchorImage\":{\"description\":\"\",\"category\":\"\",\"filename\":\"\",\"flipX\":false,\"flipY\":false},\"choices\":[{\"choiceText\":\"Throw it at your friend Trish\",\"choiceMadeSummary\":\"threw food on a friend\",\"choiceNotMadeSummary\":\"\",\"attributeEffects\":[],\"metaEffects\":[],\"consequences\":[{\"statEffects\":[{\"type\":1,\"name\":\"Trouble Meter\",\"value\":10.0}],\"flagEffects\":[],\"consequenceText\":\"\\\"I saw you throw the vegetables at me! You're not getting away with it!\\\"\",\"anchorImage\":{\"description\":\"\",\"category\":\"\",\"filename\":\"\",\"flipX\":false,\"flipY\":false},\"characterImage\":{\"description\":\"\",\"category\":\"character\",\"filename\":\"Trish_Disgusted\",\"flipX\":false,\"flipY\":false}},{\"statEffects\":[],\"flagEffects\":[],\"consequenceText\":\"Oops! Trish throws a pastry at you, but misses and hits another kid!\",\"anchorImage\":{\"description\":\"\",\"category\":\"\",\"filename\":\"\",\"flipX\":false,\"flipY\":false},\"characterImage\":{\"description\":\"\",\"category\":\"character\",\"filename\":\"Vanessa_Uh-Oh\",\"flipX\":false,\"flipY\":false}}],\"unlocks\":[{\"property\":{\"type\":4,\"name\":\"food_fight\",\"value\":0.0},\"doUnlock\":true},{\"property\":{\"type\":4,\"name\":\"fofi_epi\",\"value\":0.0},\"doUnlock\":true}],\"requirements\":[],\"secretUnlocked\":\"\"},{\"choiceText\":\"Throw it at the school bully\",\"choiceMadeSummary\":\"threw food on the school bully\",\"choiceNotMadeSummary\":\"\",\"attributeEffects\":[],\"metaEffects\":[],\"consequences\":[{\"statEffects\":[],\"flagEffects\":[],\"consequenceText\":\"The school bully gets on top of the table and yells, \\\"<b>FOOD FIGHT!!</b>\\\"\",\"anchorImage\":{\"description\":\"\",\"category\":\"\",\"filename\":\"\",\"flipX\":false,\"flipY\":false},\"characterImage\":{\"description\":\"\",\"category\":\"character\",\"filename\":\"Vanessa_Excited\",\"flipX\":false,\"flipY\":false}},{\"statEffects\":[{\"type\":1,\"name\":\"Trouble Meter\",\"value\":-10.0}],\"flagEffects\":[],\"consequenceText\":\"Everyone thinks she started the food fight. Phew! You almost got into trouble there!\",\"anchorImage\":{\"description\":\"\",\"category\":\"\",\"filename\":\"\",\"flipX\":false,\"flipY\":false},\"characterImage\":{\"description\":\"\",\"category\":\"character\",\"filename\":\"Trish_Smirk\",\"flipX\":false,\"flipY\":false}}],\"unlocks\":[{\"property\":{\"type\":4,\"name\":\"food_fight\",\"value\":0.0},\"doUnlock\":true},{\"property\":{\"type\":4,\"name\":\"fofi_epi\",\"value\":0.0},\"doUnlock\":true}],\"requirements\":[],\"secretUnlocked\":\"\"}],\"requirements\":[{\"check\":{\"type\":3,\"name\":\"Craftiness\",\"value\":0.0},\"checkType\":5,\"comparePropName\":\"\"}]},{\"decisionID\":\"food_fight\",\"decisionText\":\"The whole cafeteria starts throwing food at each other! The school cook looks furious. He's going to put a stop to this nonsense!\",\"speakerName\":\"\",\"type\":1,\"speakerImage\":{\"description\":\"\",\"category\":\"character\",\"filename\":\"Larry_Irritated\",\"flipX\":false,\"flipY\":false},\"anchorImage\":{\"description\":\"\",\"category\":\"\",\"filename\":\"\",\"flipX\":false,\"flipY\":false},\"choices\":[{\"choiceText\":\"Quick, hide under the table\",\"choiceMadeSummary\":\"hid under the table to avoid the cook\",\"choiceNotMadeSummary\":\"\",\"attributeEffects\":[],\"metaEffects\":[],\"consequences\":[{\"statEffects\":[],\"flagEffects\":[],\"consequenceText\":\"The cook calls the principal.\",\"anchorImage\":{\"description\":\"\",\"category\":\"\",\"filename\":\"\",\"flipX\":false,\"flipY\":false},\"characterImage\":{\"description\":\"\",\"category\":\"character\",\"filename\":\"Larry_Smirk\",\"flipX\":false,\"flipY\":false}},{\"statEffects\":[{\"type\":1,\"name\":\"Trouble Meter\",\"value\":-10.0}],\"flagEffects\":[],\"consequenceText\":\"In the meantime, he writes down the names of everyone in the fight, except yours.\",\"anchorImage\":{\"description\":\"\",\"category\":\"\",\"filename\":\"\",\"flipX\":false,\"flipY\":false},\"characterImage\":{\"description\":\"\",\"category\":\"character\",\"filename\":\"Vanessa_Awkward\",\"flipX\":false,\"flipY\":false}}],\"unlocks\":[{\"property\":{\"type\":4,\"name\":\"princi_pal\",\"value\":0.0},\"doUnlock\":true}],\"requirements\":[],\"secretUnlocked\":\"\"},{\"choiceText\":\"Quick, throw food at the cook\",\"choiceMadeSummary\":\"threw food at the cook\",\"choiceNotMadeSummary\":\"\",\"attributeEffects\":[],\"metaEffects\":[],\"consequences\":[{\"statEffects\":[{\"type\":1,\"name\":\"Trouble Meter\",\"value\":10.0}],\"flagEffects\":[],\"consequenceText\":\"The cook caught you in the act, redhanded. He's calling the principal!\",\"anchorImage\":{\"description\":\"\",\"category\":\"\",\"filename\":\"\",\"flipX\":false,\"flipY\":false},\"characterImage\":{\"description\":\"\",\"category\":\"character\",\"filename\":\"Larry_Curious\",\"flipX\":false,\"flipY\":false}}],\"unlocks\":[{\"property\":{\"type\":4,\"name\":\"princi_pal\",\"value\":0.0},\"doUnlock\":true}],\"requirements\":[],\"secretUnlocked\":\"\"}],\"requirements\":[{\"check\":{\"type\":4,\"name\":\"food_fight\",\"value\":0.0},\"checkType\":0,\"comparePropName\":\"\"},{\"check\":{\"type\":4,\"name\":\"food_fight\",\"value\":0.0},\"checkType\":0,\"comparePropName\":\"\"}]},{\"decisionID\":\"princi_pal\",\"decisionText\":\"As soon as the principal walks in, everybody stopped the food fight. She wants to know who started it.\",\"speakerName\":\"\",\"type\":1,\"speakerImage\":{\"description\":\"\",\"category\":\"character\",\"filename\":\"Larry_Intense\",\"flipX\":false,\"flipY\":false},\"anchorImage\":{\"description\":\"\",\"category\":\"\",\"filename\":\"\",\"flipX\":false,\"flipY\":false},\"choices\":[{\"choiceText\":\"Blame the stinky food\",\"choiceMadeSummary\":\"blamed the bad food for the fight\",\"choiceNotMadeSummary\":\"\",\"attributeEffects\":[],\"metaEffects\":[],\"consequences\":[{\"statEffects\":[{\"type\":1,\"name\":\"Trouble Meter\",\"value\":10.0}],\"flagEffects\":[],\"consequenceText\":\"The principal takes one look at you and knows you're responsible for wasting food!\",\"anchorImage\":{\"description\":\"\",\"category\":\"\",\"filename\":\"\",\"flipX\":false,\"flipY\":false},\"characterImage\":{\"description\":\"\",\"category\":\"character\",\"filename\":\"Vanessa_Uh-Oh\",\"flipX\":false,\"flipY\":false}},{\"statEffects\":[{\"type\":1,\"name\":\"Trouble Meter\",\"value\":10.0}],\"flagEffects\":[],\"consequenceText\":\"Oh no! Looks like you're in BIG trouble!!!\",\"anchorImage\":{\"description\":\"\",\"category\":\"\",\"filename\":\"\",\"flipX\":false,\"flipY\":false},\"characterImage\":{\"description\":\"\",\"category\":\"character\",\"filename\":\"Larry_Awkward\",\"flipX\":false,\"flipY\":false}}],\"unlocks\":[{\"property\":{\"type\":4,\"name\":\"ceg_five\",\"value\":0.0},\"doUnlock\":true}],\"requirements\":[],\"secretUnlocked\":\"\"},{\"choiceText\":\"Act like you don't know\",\"choiceMadeSummary\":\"acted innocent when questioned\",\"choiceNotMadeSummary\":\"\",\"attributeEffects\":[],\"metaEffects\":[],\"consequences\":[{\"statEffects\":[],\"flagEffects\":[],\"consequenceText\":\"The principal is blaming Trish for starting the food fight.\",\"anchorImage\":{\"description\":\"\",\"category\":\"\",\"filename\":\"\",\"flipX\":false,\"flipY\":false},\"characterImage\":{\"description\":\"\",\"category\":\"character\",\"filename\":\"Vanessa_Shocked\",\"flipX\":false,\"flipY\":false}},{\"statEffects\":[{\"type\":1,\"name\":\"Trouble Meter\",\"value\":-10.0}],\"flagEffects\":[],\"consequenceText\":\"Even though you avoided trouble, you can't help feeling bad for your friend Trish!\",\"anchorImage\":{\"description\":\"\",\"category\":\"\",\"filename\":\"\",\"flipX\":false,\"flipY\":false},\"characterImage\":{\"description\":\"\",\"category\":\"character\",\"filename\":\"Larry_Sad\",\"flipX\":false,\"flipY\":false}}],\"unlocks\":[{\"property\":{\"type\":4,\"name\":\"ceg_six\",\"value\":0.0},\"doUnlock\":true}],\"requirements\":[],\"secretUnlocked\":\"\"}],\"requirements\":[{\"check\":{\"type\":4,\"name\":\"princi_pal\",\"value\":0.0},\"checkType\":0,\"comparePropName\":\"\"},{\"check\":{\"type\":4,\"name\":\"princi_pal\",\"value\":0.0},\"checkType\":0,\"comparePropName\":\"\"}]},{\"decisionID\":\"gym_bully\",\"decisionText\":\"Uh no! Julio is getting bullied at the basketball court! You have to help him.\",\"speakerName\":\"\",\"type\":2,\"speakerImage\":{\"description\":\"\",\"category\":\"character\",\"filename\":\"Vanessa_Angry\",\"flipX\":false,\"flipY\":false},\"anchorImage\":{\"description\":\"\",\"category\":\"\",\"filename\":\"\",\"flipX\":false,\"flipY\":false},\"choices\":[{\"choiceText\":\"Stop the bully\",\"choiceMadeSummary\":\"stopped the bully\",\"choiceNotMadeSummary\":\"\",\"attributeEffects\":[],\"metaEffects\":[],\"consequences\":[{\"statEffects\":[],\"flagEffects\":[],\"consequenceText\":\"You put yourself between the bully and Julio. The bully ends up pushing you instead.\",\"anchorImage\":{\"description\":\"\",\"category\":\"\",\"filename\":\"\",\"flipX\":false,\"flipY\":false},\"characterImage\":{\"description\":\"\",\"category\":\"character\",\"filename\":\"Trish_Uh-Oh\",\"flipX\":false,\"flipY\":false}},{\"statEffects\":[{\"type\":1,\"name\":\"Trouble Meter\",\"value\":10.0}],\"flagEffects\":[],\"consequenceText\":\"The gym teacher stops the bully, but writes down both your names for making a scene.\",\"anchorImage\":{\"description\":\"\",\"category\":\"\",\"filename\":\"\",\"flipX\":false,\"flipY\":false},\"characterImage\":{\"description\":\"\",\"category\":\"character\",\"filename\":\"Larry_Glaring\",\"flipX\":false,\"flipY\":false}}],\"unlocks\":[{\"property\":{\"type\":4,\"name\":\"bully_corner\",\"value\":0.0},\"doUnlock\":true},{\"property\":{\"type\":4,\"name\":\"bully_epi\",\"value\":0.0},\"doUnlock\":true}],\"requirements\":[],\"secretUnlocked\":\"\"},{\"choiceText\":\"Help Julio get away\",\"choiceMadeSummary\":\"helped Julio escape from the bully\",\"choiceNotMadeSummary\":\"\",\"attributeEffects\":[],\"metaEffects\":[],\"consequences\":[{\"statEffects\":[],\"flagEffects\":[],\"consequenceText\":\"The bully has declared you her next victim!\",\"anchorImage\":{\"description\":\"\",\"category\":\"\",\"filename\":\"\",\"flipX\":false,\"flipY\":false},\"characterImage\":{\"description\":\"\",\"category\":\"character\",\"filename\":\"Vanessa_Disgusted\",\"flipX\":false,\"flipY\":false}},{\"statEffects\":[{\"type\":1,\"name\":\"Trouble Meter\",\"value\":-10.0}],\"flagEffects\":[],\"consequenceText\":\"But at least you managed to stay out of trouble without making a scene.\",\"anchorImage\":{\"description\":\"\",\"category\":\"\",\"filename\":\"\",\"flipX\":false,\"flipY\":false},\"characterImage\":{\"description\":\"\",\"category\":\"character\",\"filename\":\"Trish_Happy\",\"flipX\":false,\"flipY\":false}}],\"unlocks\":[{\"property\":{\"type\":4,\"name\":\"bully_corner\",\"value\":0.0},\"doUnlock\":true},{\"property\":{\"type\":4,\"name\":\"bully_epi\",\"value\":0.0},\"doUnlock\":true}],\"requirements\":[],\"secretUnlocked\":\"\"}],\"requirements\":[{\"check\":{\"type\":3,\"name\":\"Nobleness\",\"value\":0.0},\"checkType\":5,\"comparePropName\":\"\"}]},{\"decisionID\":\"bully_corner\",\"decisionText\":\"The bully has cornered you near the watercooler. She is threatening to beat you up!\",\"speakerName\":\"\",\"type\":1,\"speakerImage\":{\"description\":\"\",\"category\":\"character\",\"filename\":\"Trish_Disgusted\",\"flipX\":false,\"flipY\":false},\"anchorImage\":{\"description\":\"\",\"category\":\"\",\"filename\":\"\",\"flipX\":false,\"flipY\":false},\"choices\":[{\"choiceText\":\"Complain to a teacher\",\"choiceMadeSummary\":\"complained to the teacher about the bully\",\"choiceNotMadeSummary\":\"\",\"attributeEffects\":[],\"metaEffects\":[],\"consequences\":[{\"statEffects\":[{\"type\":1,\"name\":\"Trouble Meter\",\"value\":-10.0}],\"flagEffects\":[],\"consequenceText\":\"The teacher thinks you're innocent...\",\"anchorImage\":{\"description\":\"\",\"category\":\"\",\"filename\":\"\",\"flipX\":false,\"flipY\":false},\"characterImage\":{\"description\":\"\",\"category\":\"character\",\"filename\":\"Larry_Happy\",\"flipX\":false,\"flipY\":false}},{\"statEffects\":[],\"flagEffects\":[],\"consequenceText\":\"But the bully wants to make her case in front of the prinicpal.\",\"anchorImage\":{\"description\":\"\",\"category\":\"\",\"filename\":\"\",\"flipX\":false,\"flipY\":false},\"characterImage\":{\"description\":\"\",\"category\":\"character\",\"filename\":\"Trish_Irritated\",\"flipX\":false,\"flipY\":false}}],\"unlocks\":[{\"property\":{\"type\":4,\"name\":\"com_plaint\",\"value\":0.0},\"doUnlock\":true}],\"requirements\":[],\"secretUnlocked\":\"\"},{\"choiceText\":\"Stand up to the bully\",\"choiceMadeSummary\":\"stood up to the bully\",\"choiceNotMadeSummary\":\"\",\"attributeEffects\":[],\"metaEffects\":[],\"consequences\":[{\"statEffects\":[],\"flagEffects\":[],\"consequenceText\":\"You asked the bully to stop scaring everyone, but it only made things worse!\",\"anchorImage\":{\"description\":\"\",\"category\":\"\",\"filename\":\"\",\"flipX\":false,\"flipY\":false},\"characterImage\":{\"description\":\"\",\"category\":\"character\",\"filename\":\"Vanessa_Glaring\",\"flipX\":false,\"flipY\":false}},{\"statEffects\":[{\"type\":1,\"name\":\"Trouble Meter\",\"value\":10.0}],\"flagEffects\":[],\"consequenceText\":\"Your shouting match with the bully lands you in the principal's office.\",\"anchorImage\":{\"description\":\"\",\"category\":\"\",\"filename\":\"\",\"flipX\":false,\"flipY\":false},\"characterImage\":{\"description\":\"\",\"category\":\"character\",\"filename\":\"Larry_Neutral\",\"flipX\":false,\"flipY\":false}}],\"unlocks\":[{\"property\":{\"type\":4,\"name\":\"com_plaint\",\"value\":0.0},\"doUnlock\":true}],\"requirements\":[],\"secretUnlocked\":\"\"}],\"requirements\":[{\"check\":{\"type\":4,\"name\":\"bully_corner\",\"value\":0.0},\"checkType\":0,\"comparePropName\":\"\"},{\"check\":{\"type\":4,\"name\":\"bully_corner\",\"value\":0.0},\"checkType\":0,\"comparePropName\":\"\"}]},{\"decisionID\":\"com_plaint\",\"decisionText\":\"The principal advises you to make a formal complaint so the bully gets suspended. What will you do?\",\"speakerName\":\"\",\"type\":1,\"speakerImage\":{\"description\":\"\",\"category\":\"character\",\"filename\":\"Larry_Confused\",\"flipX\":false,\"flipY\":false},\"anchorImage\":{\"description\":\"\",\"category\":\"\",\"filename\":\"\",\"flipX\":false,\"flipY\":false},\"choices\":[{\"choiceText\":\"File a complaint\",\"choiceMadeSummary\":\"filed a complaint against the bully\",\"choiceNotMadeSummary\":\"\",\"attributeEffects\":[],\"metaEffects\":[],\"consequences\":[{\"statEffects\":[],\"flagEffects\":[],\"consequenceText\":\"As soon as you filed the complaint, the bully files one against you!\",\"anchorImage\":{\"description\":\"\",\"category\":\"\",\"filename\":\"\",\"flipX\":false,\"flipY\":false},\"characterImage\":{\"description\":\"\",\"category\":\"character\",\"filename\":\"Trish_Disgusted\",\"flipX\":false,\"flipY\":false}},{\"statEffects\":[],\"flagEffects\":[],\"consequenceText\":\"The principal is losing her mind trying to understand who started the fight!\",\"anchorImage\":{\"description\":\"\",\"category\":\"\",\"filename\":\"\",\"flipX\":false,\"flipY\":false},\"characterImage\":{\"description\":\"\",\"category\":\"character\",\"filename\":\"Larry_Curious\",\"flipX\":false,\"flipY\":false}},{\"statEffects\":[{\"type\":1,\"name\":\"Trouble Meter\",\"value\":10.0}],\"flagEffects\":[],\"consequenceText\":\"You both are in trouble now, and the principal is considering summer detention for both of you!\",\"anchorImage\":{\"description\":\"\",\"category\":\"\",\"filename\":\"\",\"flipX\":false,\"flipY\":false},\"characterImage\":{\"description\":\"\",\"category\":\"character\",\"filename\":\"Vanessa_Sad\",\"flipX\":false,\"flipY\":false}}],\"unlocks\":[{\"property\":{\"type\":4,\"name\":\"eg_five\",\"value\":0.0},\"doUnlock\":true}],\"requirements\":[],\"secretUnlocked\":\"\"},{\"choiceText\":\"Forgive the bully\",\"choiceMadeSummary\":\"forgave the bully\",\"choiceNotMadeSummary\":\"\",\"attributeEffects\":[],\"metaEffects\":[],\"consequences\":[{\"statEffects\":[{\"type\":1,\"name\":\"Trouble Meter\",\"value\":-10.0}],\"flagEffects\":[],\"consequenceText\":\"The principal is impressed by your maturity! And the bully is relieved.\",\"anchorImage\":{\"description\":\"\",\"category\":\"\",\"filename\":\"\",\"flipX\":false,\"flipY\":false},\"characterImage\":{\"description\":\"\",\"category\":\"character\",\"filename\":\"Larry_Excited\",\"flipX\":false,\"flipY\":false}},{\"statEffects\":[],\"flagEffects\":[],\"consequenceText\":\"You talked out your differences, and she stopped bullying others until the school wrapped up.\",\"anchorImage\":{\"description\":\"\",\"category\":\"\",\"filename\":\"\",\"flipX\":false,\"flipY\":false},\"characterImage\":{\"description\":\"\",\"category\":\"character\",\"filename\":\"Trish_Excited\",\"flipX\":false,\"flipY\":false}}],\"unlocks\":[{\"property\":{\"type\":4,\"name\":\"eg_six\",\"value\":0.0},\"doUnlock\":true}],\"requirements\":[],\"secretUnlocked\":\"\"}],\"requirements\":[{\"check\":{\"type\":4,\"name\":\"com_plaint\",\"value\":0.0},\"checkType\":0,\"comparePropName\":\"\"},{\"check\":{\"type\":4,\"name\":\"com_plaint\",\"value\":0.0},\"checkType\":0,\"comparePropName\":\"\"}]}],\"secrets\":[],\"interstitials\":[{\"showAtTurnsLeft\":2,\"requirements\":[{\"check\":{\"type\":3,\"name\":\"Nobleness\",\"value\":0.0},\"checkType\":5,\"comparePropName\":\"\"}],\"dialogue\":{\"speakerImage\":{\"description\":\"\",\"category\":\"character\",\"filename\":\"Trish_Happy\",\"flipX\":false,\"flipY\":false},\"anchorImage\":{\"description\":\"\",\"category\":\"\",\"filename\":\"\",\"flipX\":false,\"flipY\":false},\"dialogueText\":\"You've chosen noble ways to avoid detention. Let's see whether you can keep it up till the holiday starts!\",\"choices\":[],\"overrideName\":\"\",\"overrideNameReqs\":[]},\"otherCharacter\":{\"description\":\"\",\"category\":\"\",\"filename\":\"\",\"flipX\":false,\"flipY\":false}},{\"showAtTurnsLeft\":2,\"requirements\":[{\"check\":{\"type\":3,\"name\":\"Craftiness\",\"value\":0.0},\"checkType\":5,\"comparePropName\":\"\"}],\"dialogue\":{\"speakerImage\":{\"description\":\"\",\"category\":\"character\",\"filename\":\"Vanessa_Confused\",\"flipX\":false,\"flipY\":false},\"anchorImage\":{\"description\":\"\",\"category\":\"\",\"filename\":\"\",\"flipX\":false,\"flipY\":false},\"dialogueText\":\"You've been very crafty with your choices. Are you sure you can keep it up to stay out of detention?\",\"choices\":[],\"overrideName\":\"\",\"overrideNameReqs\":[]},\"otherCharacter\":{\"description\":\"\",\"category\":\"\",\"filename\":\"\",\"flipX\":false,\"flipY\":false}},{\"showAtTurnsLeft\":0,\"requirements\":[{\"check\":{\"type\":3,\"name\":\"Nobleness\",\"value\":0.0},\"checkType\":5,\"comparePropName\":\"\"}],\"dialogue\":{\"speakerImage\":{\"description\":\"\",\"category\":\"character\",\"filename\":\"Larry_Happy\",\"flipX\":false,\"flipY\":false},\"anchorImage\":{\"description\":\"\",\"category\":\"\",\"filename\":\"\",\"flipX\":false,\"flipY\":false},\"dialogueText\":\"Your choices have lead you to a noble path. Now make sure that you stay out of trouble long enough to enjoy your summer!\",\"choices\":[],\"overrideName\":\"\",\"overrideNameReqs\":[]},\"otherCharacter\":{\"description\":\"\",\"category\":\"\",\"filename\":\"\",\"flipX\":false,\"flipY\":false}},{\"showAtTurnsLeft\":0,\"requirements\":[{\"check\":{\"type\":3,\"name\":\"Craftiness\",\"value\":0.0},\"checkType\":5,\"comparePropName\":\"\"}],\"dialogue\":{\"speakerImage\":{\"description\":\"\",\"category\":\"character\",\"filename\":\"Vanessa_Smirk\",\"flipX\":false,\"flipY\":false},\"anchorImage\":{\"description\":\"\",\"category\":\"\",\"filename\":\"\",\"flipX\":false,\"flipY\":false},\"dialogueText\":\"You're locked into a path full of craftiness. Make sure you don't get lost and end up in detention!\",\"choices\":[],\"overrideName\":\"\",\"overrideNameReqs\":[]},\"otherCharacter\":{\"description\":\"\",\"category\":\"\",\"filename\":\"\",\"flipX\":false,\"flipY\":false}}],\"goals\":[{\"goalID\":\"noble_troublemaker\",\"goalText\":\"You were honest and righteous in the face of trouble.\",\"hintText\":\"Stay out of detention by being honest and fair.\",\"requirements\":[{\"check\":{\"type\":3,\"name\":\"Nobleness\",\"value\":0.0},\"checkType\":5,\"comparePropName\":\"\"}],\"traits\":[\"Nobleness\"],\"onSuccess\":true,\"goalsForReveal\":0,\"type\":0},{\"goalID\":\"crafty_troublemaker\",\"goalText\":\"You did whatever was neccessary to avoid detention.\",\"hintText\":\"Do whatever it takes to avoid detention.\",\"requirements\":[{\"check\":{\"type\":3,\"name\":\"Craftiness\",\"value\":0.0},\"checkType\":5,\"comparePropName\":\"\"}],\"traits\":[\"Craftiness\"],\"onSuccess\":true,\"goalsForReveal\":0,\"type\":0}]}","playPattern":1,"isAvailable":true,"isPremium":false,"releaseOn":"","scenarioFile":{"instanceID":23434},"scenarioID":11,"character":{"description":"","category":"character","filename":"Larry_Happy","flipX":false,"flipY":false},"traitsName":["Kindness","Honor"]}