{"scenarioName":"Pandemic Panic","scenarioSummary":"Can you control a pandemic, without creating a pandemonium?","scenarioThumbnail":"Pandemic Panic","scenarioDataJson":"{\"backgroundImage\":{\"description\":\"\",\"category\":\"background\",\"filename\":\"Hospital\",\"flipX\":false,\"flipY\":false},\"turnCount\":7,\"scenarioId\":0,\"endsWhenObjectiveMet\":false,\"unlockRequirements\":[],\"mainObjectives\":[{\"check\":{\"type\":1,\"name\":\"Cases\",\"value\":20.0},\"checkType\":3,\"comparePropName\":\"\"},{\"check\":{\"type\":1,\"name\":\"Morale\",\"value\":50.0},\"checkType\":4,\"comparePropName\":\"\"}],\"bonusObjectives\":[{\"check\":{\"type\":1,\"name\":\"Funds\",\"value\":40.0},\"checkType\":4,\"comparePropName\":\"\"}],\"scenarioName\":\"Pandemic Panic\",\"mainObjectiveDescription\":\">40\",\"bonusObjectivesDescription\":\"7\",\"turnName\":\"Weeks\",\"summarySuccess\":\"You beat the pandemic!\",\"summaryFailure\":\"You couldn't paralyse the pandemic.\",\"startingStats\":[{\"type\":1,\"name\":\"Cases\",\"value\":80.0},{\"type\":1,\"name\":\"Morale\",\"value\":40.0},{\"type\":1,\"name\":\"Funds\",\"value\":30.0}],\"minMaxStatValues\":{\"x\":0.0,\"y\":100.0},\"intro\":[{\"speakerImage\":{\"description\":\"\",\"category\":\"character\",\"filename\":\"Janaki_Uh-Oh\",\"flipX\":false,\"flipY\":false},\"anchorImage\":{\"description\":\"\",\"category\":\"\",\"filename\":\"\",\"flipX\":false,\"flipY\":false},\"dialogueText\":\"A new virus- 'Anoroc-21!' has entered Fairside! The Top Doc(tor) has announced a lockdown and locked himself away!\",\"choices\":[],\"overrideName\":\"\",\"overrideNameReqs\":[]},{\"speakerImage\":{\"description\":\"\",\"category\":\"character\",\"filename\":\"Matt_Intense\",\"flipX\":false,\"flipY\":false},\"anchorImage\":{\"description\":\"\",\"category\":\"\",\"filename\":\"\",\"flipX\":false,\"flipY\":false},\"dialogueText\":\"Our funds are weak, the cases are high and the public believes we're all gonna die!\",\"choices\":[],\"overrideName\":\"\",\"overrideNameReqs\":[]},{\"speakerImage\":{\"description\":\"\",\"category\":\"character\",\"filename\":\"Janaki_Intense\",\"flipX\":false,\"flipY\":false},\"anchorImage\":{\"description\":\"\",\"category\":\"\",\"filename\":\"\",\"flipX\":false,\"flipY\":false},\"dialogueText\":\"You will have to be the new Top Doc and remedy this situation!\",\"choices\":[],\"overrideName\":\"\",\"overrideNameReqs\":[]},{\"speakerImage\":{\"description\":\"\",\"category\":\"character\",\"filename\":\"Janaki_Neutral\",\"flipX\":false,\"flipY\":false},\"anchorImage\":{\"description\":\"\",\"category\":\"\",\"filename\":\"\",\"flipX\":false,\"flipY\":false},\"dialogueText\":\"Pull down the cases and pump up the morale! [Cases,Morale]\",\"choices\":[],\"overrideName\":\"\",\"overrideNameReqs\":[]},{\"speakerImage\":{\"description\":\"\",\"category\":\"character\",\"filename\":\"Matt_Thinking\",\"flipX\":false,\"flipY\":false},\"anchorImage\":{\"description\":\"\",\"category\":\"\",\"filename\":\"\",\"flipX\":false,\"flipY\":false},\"dialogueText\":\"And maybe save us some money? [Funds]\",\"choices\":[],\"overrideName\":\"\",\"overrideNameReqs\":[]}],\"outros\":[{\"outroID\":\"\",\"outcomeType\":1,\"traitCheck\":\"\",\"traitCheckPositive\":false,\"dialogueOptions\":[{\"speakerImage\":{\"description\":\"\",\"category\":\"character\",\"filename\":\"Janaki_Excited\",\"flipX\":false,\"flipY\":false},\"anchorImage\":{\"description\":\"\",\"category\":\"\",\"filename\":\"\",\"flipX\":false,\"flipY\":false},\"dialogueText\":\"Mirthful Medics! We’ve managed to pull Fairside out of the pandemic! The people are well and the doctors are feeling humbly heroic!\",\"choices\":[],\"overrideName\":\"\",\"overrideNameReqs\":[]},{\"speakerImage\":{\"description\":\"\",\"category\":\"character\",\"filename\":\"Janaki_Happy\",\"flipX\":false,\"flipY\":false},\"anchorImage\":{\"description\":\"\",\"category\":\"\",\"filename\":\"\",\"flipX\":false,\"flipY\":false},\"dialogueText\":\"Fairside flung the flu out of the window! We turned the Pandemic into a Plan-medic!\",\"choices\":[],\"overrideName\":\"\",\"overrideNameReqs\":[]},{\"speakerImage\":{\"description\":\"\",\"category\":\"character\",\"filename\":\"Janaki_Happy\",\"flipX\":false,\"flipY\":false},\"anchorImage\":{\"description\":\"\",\"category\":\"\",\"filename\":\"\",\"flipX\":false,\"flipY\":false},\"dialogueText\":\"Symphonic syringes! The swift spread of the virus seems successfully sabotaged! The morale is sky high and we can kiss the cases goodbye!\",\"choices\":[],\"overrideName\":\"\",\"overrideNameReqs\":[]}],\"propsToShow\":[{\"type\":1,\"name\":\"Cases\",\"value\":0.0},{\"type\":1,\"name\":\"Morale\",\"value\":0.0}]},{\"outroID\":\"\",\"outcomeType\":3,\"traitCheck\":\"\",\"traitCheckPositive\":false,\"dialogueOptions\":[{\"speakerImage\":{\"description\":\"\",\"category\":\"character\",\"filename\":\"Matt_Glaring\",\"flipX\":false,\"flipY\":false},\"anchorImage\":{\"description\":\"\",\"category\":\"\",\"filename\":\"\",\"flipX\":false,\"flipY\":false},\"dialogueText\":\"It would’ve been nice if we had not fully funneled our funds though!\",\"choices\":[],\"overrideName\":\"\",\"overrideNameReqs\":[]}],\"propsToShow\":[{\"type\":1,\"name\":\"Funds\",\"value\":0.0}]},{\"outroID\":\"\",\"outcomeType\":2,\"traitCheck\":\"\",\"traitCheckPositive\":false,\"dialogueOptions\":[{\"speakerImage\":{\"description\":\"\",\"category\":\"character\",\"filename\":\"Matt_Smirk\",\"flipX\":false,\"flipY\":false},\"anchorImage\":{\"description\":\"\",\"category\":\"\",\"filename\":\"\",\"flipX\":false,\"flipY\":false},\"dialogueText\":\"And guess what, we saved some funds too!\",\"choices\":[],\"overrideName\":\"\",\"overrideNameReqs\":[]},{\"speakerImage\":{\"description\":\"\",\"category\":\"character\",\"filename\":\"Matt_Happy\",\"flipX\":false,\"flipY\":false},\"anchorImage\":{\"description\":\"\",\"category\":\"\",\"filename\":\"\",\"flipX\":false,\"flipY\":false},\"dialogueText\":\"The funds are fantastic too and the government can now use that money to buy cake for everyone!\",\"choices\":[],\"overrideName\":\"\",\"overrideNameReqs\":[]}],\"propsToShow\":[{\"type\":1,\"name\":\"Funds\",\"value\":0.0}]},{\"outroID\":\"\",\"outcomeType\":4,\"traitCheck\":\"\",\"traitCheckPositive\":false,\"dialogueOptions\":[{\"speakerImage\":{\"description\":\"\",\"category\":\"character\",\"filename\":\"Janaki_Sad\",\"flipX\":false,\"flipY\":false},\"anchorImage\":{\"description\":\"\",\"category\":\"\",\"filename\":\"\",\"flipX\":false,\"flipY\":false},\"dialogueText\":\"You'll need to be a better Top Doc next time and take healthier decisions!\",\"choices\":[],\"overrideName\":\"\",\"overrideNameReqs\":[]}],\"propsToShow\":[{\"type\":1,\"name\":\"Cases\",\"value\":0.0},{\"type\":1,\"name\":\"Morale\",\"value\":0.0}]},{\"outroID\":\"\",\"outcomeType\":1,\"traitCheck\":\"Generosity\",\"traitCheckPositive\":true,\"dialogueOptions\":[{\"speakerImage\":{\"description\":\"\",\"category\":\"character\",\"filename\":\"Janaki_Happy\",\"flipX\":false,\"flipY\":false},\"anchorImage\":{\"description\":\"\",\"category\":\"\",\"filename\":\"\",\"flipX\":false,\"flipY\":false},\"dialogueText\":\"The nurses have also noticed that you picked the GENEROUS option whenever you could. You’ve set a new standard for KINDNESS and they are going to name an Immunity Booster Protein Shake after you!\",\"choices\":[],\"overrideName\":\"\",\"overrideNameReqs\":[]}],\"propsToShow\":[{\"type\":1,\"name\":\"\",\"value\":0.0}]},{\"outroID\":\"\",\"outcomeType\":1,\"traitCheck\":\"Honesty\",\"traitCheckPositive\":true,\"dialogueOptions\":[{\"speakerImage\":{\"description\":\"\",\"category\":\"character\",\"filename\":\"Matt_Happy\",\"flipX\":false,\"flipY\":false},\"anchorImage\":{\"description\":\"\",\"category\":\"\",\"filename\":\"\",\"flipX\":false,\"flipY\":false},\"dialogueText\":\"Some doctors have also pointed out that most of your decisions HONEST! Fairside’s largest automotive company is going to build a super fast high tech ambulance in your Nobleness!\",\"choices\":[],\"overrideName\":\"\",\"overrideNameReqs\":[]}],\"propsToShow\":[{\"type\":1,\"name\":\"\",\"value\":0.0}]},{\"outroID\":\"\",\"outcomeType\":1,\"traitCheck\":\"Sneakiness\",\"traitCheckPositive\":true,\"dialogueOptions\":[{\"speakerImage\":{\"description\":\"\",\"category\":\"character\",\"filename\":\"Janaki_Uh-Oh\",\"flipX\":false,\"flipY\":false},\"anchorImage\":{\"description\":\"\",\"category\":\"\",\"filename\":\"\",\"flipX\":false,\"flipY\":false},\"dialogueText\":\"You beat the pandemic but you didn't always play by the rules. In the end, does that really matter?\",\"choices\":[],\"overrideName\":\"\",\"overrideNameReqs\":[]}],\"propsToShow\":[{\"type\":1,\"name\":\"\",\"value\":0.0}]},{\"outroID\":\"\",\"outcomeType\":4,\"traitCheck\":\"Generosity\",\"traitCheckPositive\":true,\"dialogueOptions\":[{\"speakerImage\":{\"description\":\"\",\"category\":\"character\",\"filename\":\"Janaki_Neutral\",\"flipX\":false,\"flipY\":false},\"anchorImage\":{\"description\":\"\",\"category\":\"\",\"filename\":\"\",\"flipX\":false,\"flipY\":false},\"dialogueText\":\"But the doctors have told us that you took most decisions with a GENEROUS heart, and the survivors will remember you fondly, until the next pandemic strikes!\",\"choices\":[],\"overrideName\":\"\",\"overrideNameReqs\":[]}],\"propsToShow\":[{\"type\":1,\"name\":\"\",\"value\":0.0}]},{\"outroID\":\"\",\"outcomeType\":4,\"traitCheck\":\"Honesty\",\"traitCheckPositive\":true,\"dialogueOptions\":[{\"speakerImage\":{\"description\":\"\",\"category\":\"character\",\"filename\":\"Janaki_Happy\",\"flipX\":false,\"flipY\":false},\"anchorImage\":{\"description\":\"\",\"category\":\"\",\"filename\":\"\",\"flipX\":false,\"flipY\":false},\"dialogueText\":\"The people of Fairside have noticed that you were always HONEST while taking decisions. They won't blame you till the next pandemic at least.\",\"choices\":[],\"overrideName\":\"\",\"overrideNameReqs\":[]}],\"propsToShow\":[{\"type\":1,\"name\":\"\",\"value\":0.0}]},{\"outroID\":\"\",\"outcomeType\":4,\"traitCheck\":\"Toughness\",\"traitCheckPositive\":true,\"dialogueOptions\":[{\"speakerImage\":{\"description\":\"\",\"category\":\"character\",\"filename\":\"Janaki_Sad\",\"flipX\":false,\"flipY\":false},\"anchorImage\":{\"description\":\"\",\"category\":\"\",\"filename\":\"\",\"flipX\":false,\"flipY\":false},\"dialogueText\":\"A new government report has revealed that many of your decisions were pretty TOUGH. Which may have contributed to our failure. Can you play with a little more heart next time, please?\",\"choices\":[],\"overrideName\":\"\",\"overrideNameReqs\":[]}],\"propsToShow\":[{\"type\":1,\"name\":\"\",\"value\":0.0}]},{\"outroID\":\"\",\"outcomeType\":4,\"traitCheck\":\"Sneakiness\",\"traitCheckPositive\":true,\"dialogueOptions\":[{\"speakerImage\":{\"description\":\"\",\"category\":\"character\",\"filename\":\"Janaki_Thinking\",\"flipX\":false,\"flipY\":false},\"anchorImage\":{\"description\":\"\",\"category\":\"\",\"filename\":\"\",\"flipX\":false,\"flipY\":false},\"dialogueText\":\"Some young doctors and nurses are running podcasts about how we failed because we were sneaky in our choices. Maybe we should think about that when the next Pandemic strikes.\",\"choices\":[],\"overrideName\":\"\",\"overrideNameReqs\":[]}],\"propsToShow\":[{\"type\":1,\"name\":\"\",\"value\":0.0}]},{\"outroID\":\"\",\"outcomeType\":1,\"traitCheck\":\"Friendliness\",\"traitCheckPositive\":true,\"dialogueOptions\":[{\"speakerImage\":{\"description\":\"\",\"category\":\"character\",\"filename\":\"Janaki_Happy\",\"flipX\":false,\"flipY\":false},\"anchorImage\":{\"description\":\"\",\"category\":\"\",\"filename\":\"\",\"flipX\":false,\"flipY\":false},\"dialogueText\":\"The nurses have also noticed that you picked the FRIENDLIER option whenever you could. You’ve set a new standard for KINDNESS and they are going to name an Immunity Booster Protein Shake after you!\",\"choices\":[],\"overrideName\":\"\",\"overrideNameReqs\":[]}],\"propsToShow\":[{\"type\":1,\"name\":\"\",\"value\":0.0}]},{\"outroID\":\"\",\"outcomeType\":1,\"traitCheck\":\"Practicality\",\"traitCheckPositive\":true,\"dialogueOptions\":[{\"speakerImage\":{\"description\":\"\",\"category\":\"character\",\"filename\":\"Janaki_Happy\",\"flipX\":false,\"flipY\":false},\"anchorImage\":{\"description\":\"\",\"category\":\"\",\"filename\":\"\",\"flipX\":false,\"flipY\":false},\"dialogueText\":\"The public has also noticed that your decisions were usually very PRACTICAL. They are going to put a framed portrait of you at every laboratory!\",\"choices\":[],\"overrideName\":\"\",\"overrideNameReqs\":[]}],\"propsToShow\":[{\"type\":1,\"name\":\"\",\"value\":0.0}]},{\"outroID\":\"\",\"outcomeType\":1,\"traitCheck\":\"Justice\",\"traitCheckPositive\":true,\"dialogueOptions\":[{\"speakerImage\":{\"description\":\"\",\"category\":\"character\",\"filename\":\"Matt_Happy\",\"flipX\":false,\"flipY\":false},\"anchorImage\":{\"description\":\"\",\"category\":\"\",\"filename\":\"\",\"flipX\":false,\"flipY\":false},\"dialogueText\":\"Some doctors have also pointed out that most of your decisions were taken with ideas of JUSTICE in mind! Fairside’s largest automotive company is going to build a super fast high tech ambulance in your Nobleness!\",\"choices\":[],\"overrideName\":\"\",\"overrideNameReqs\":[]}],\"propsToShow\":[{\"type\":1,\"name\":\"\",\"value\":0.0}]},{\"outroID\":\"\",\"outcomeType\":1,\"traitCheck\":\"Toughness\",\"traitCheckPositive\":true,\"dialogueOptions\":[{\"speakerImage\":{\"description\":\"\",\"category\":\"character\",\"filename\":\"Janaki_Uh-Oh\",\"flipX\":false,\"flipY\":false},\"anchorImage\":{\"description\":\"\",\"category\":\"\",\"filename\":\"\",\"flipX\":false,\"flipY\":false},\"dialogueText\":\"But some scientists have pointed out that most of your decisions were pretty TOUGH. Now that the Pandemic is over, they’ve decided to name the next deadly virus after you!\",\"choices\":[],\"overrideName\":\"\",\"overrideNameReqs\":[]}],\"propsToShow\":[{\"type\":1,\"name\":\"\",\"value\":0.0}]},{\"outroID\":\"\",\"outcomeType\":1,\"traitCheck\":\"Slyness\",\"traitCheckPositive\":true,\"dialogueOptions\":[{\"speakerImage\":{\"description\":\"\",\"category\":\"character\",\"filename\":\"Janaki_Uh-Oh\",\"flipX\":false,\"flipY\":false},\"anchorImage\":{\"description\":\"\",\"category\":\"\",\"filename\":\"\",\"flipX\":false,\"flipY\":false},\"dialogueText\":\"You beat the pandemic but many of your decisions were UNETHICAL. Some artists have decided to build a statue of you using dirty, old masks to celebrate your dirty tricks.\",\"choices\":[],\"overrideName\":\"\",\"overrideNameReqs\":[]}],\"propsToShow\":[{\"type\":1,\"name\":\"\",\"value\":0.0}]},{\"outroID\":\"\",\"outcomeType\":4,\"traitCheck\":\"Friendliness\",\"traitCheckPositive\":true,\"dialogueOptions\":[{\"speakerImage\":{\"description\":\"\",\"category\":\"character\",\"filename\":\"Janaki_Neutral\",\"flipX\":false,\"flipY\":false},\"anchorImage\":{\"description\":\"\",\"category\":\"\",\"filename\":\"\",\"flipX\":false,\"flipY\":false},\"dialogueText\":\"But the doctors have told us that you took most decisions in a FRIENDLY manner, and the survivors will remember you fondly, until the next pandemic strikes!\",\"choices\":[],\"overrideName\":\"\",\"overrideNameReqs\":[]}],\"propsToShow\":[{\"type\":1,\"name\":\"\",\"value\":0.0}]},{\"outroID\":\"\",\"outcomeType\":4,\"traitCheck\":\"Practicality\",\"traitCheckPositive\":true,\"dialogueOptions\":[{\"speakerImage\":{\"description\":\"\",\"category\":\"character\",\"filename\":\"Janaki_Curious\",\"flipX\":false,\"flipY\":false},\"anchorImage\":{\"description\":\"\",\"category\":\"\",\"filename\":\"\",\"flipX\":false,\"flipY\":false},\"dialogueText\":\"But the public believes that even when your decisions weren’t the most effective, they were always pretty PRACTICAL. The press will take a pass on blaming you!\",\"choices\":[],\"overrideName\":\"\",\"overrideNameReqs\":[]}],\"propsToShow\":[{\"type\":1,\"name\":\"\",\"value\":0.0}]},{\"outroID\":\"\",\"outcomeType\":4,\"traitCheck\":\"Justice\",\"traitCheckPositive\":true,\"dialogueOptions\":[{\"speakerImage\":{\"description\":\"\",\"category\":\"character\",\"filename\":\"Janaki_Happy\",\"flipX\":false,\"flipY\":false},\"anchorImage\":{\"description\":\"\",\"category\":\"\",\"filename\":\"\",\"flipX\":false,\"flipY\":false},\"dialogueText\":\"But the radiologists have noticed that you were always JUST while taking decisions. They've written an article which has made people see you in a new light. They won't blame you till the next pandemic at least.\",\"choices\":[],\"overrideName\":\"\",\"overrideNameReqs\":[]}],\"propsToShow\":[{\"type\":1,\"name\":\"\",\"value\":0.0}]},{\"outroID\":\"\",\"outcomeType\":4,\"traitCheck\":\"Slyness\",\"traitCheckPositive\":true,\"dialogueOptions\":[{\"speakerImage\":{\"description\":\"\",\"category\":\"character\",\"filename\":\"Janaki_Thinking\",\"flipX\":false,\"flipY\":false},\"anchorImage\":{\"description\":\"\",\"category\":\"\",\"filename\":\"\",\"flipX\":false,\"flipY\":false},\"dialogueText\":\"Some people are saying that we failed because we tried to hard to hide the truth. Maybe we should think about that when the next Pandemic strikes.\",\"choices\":[],\"overrideName\":\"\",\"overrideNameReqs\":[]}],\"propsToShow\":[{\"type\":1,\"name\":\"\",\"value\":0.0}]}],\"decisions\":[{\"decisionID\":\"tp_cheapy\",\"decisionText\":\"Everybody is hoarding toilet paper! Let's tax it and max out our funds!\",\"speakerName\":\"\",\"type\":0,\"speakerImage\":{\"description\":\"\",\"category\":\"character\",\"filename\":\"Matt_Excited\",\"flipX\":false,\"flipY\":false},\"anchorImage\":{\"description\":\"\",\"category\":\"\",\"filename\":\"\",\"flipX\":false,\"flipY\":false},\"choices\":[{\"choiceText\":\"Yes\",\"choiceMadeSummary\":\"taxed toilet paper\",\"choiceNotMadeSummary\":\"\",\"attributeEffects\":[],\"metaEffects\":[{\"type\":6,\"name\":\"Practicality\",\"value\":1.0}],\"consequences\":[{\"statEffects\":[{\"type\":1,\"name\":\"Funds\",\"value\":10.0}],\"flagEffects\":[],\"consequenceText\":\"We made a lot of money through the TP Tax!\",\"anchorImage\":{\"description\":\"\",\"category\":\"\",\"filename\":\"\",\"flipX\":false,\"flipY\":false},\"characterImage\":{\"description\":\"\",\"category\":\"character\",\"filename\":\"Matt_Happy\",\"flipX\":false,\"flipY\":false}},{\"statEffects\":[{\"type\":1,\"name\":\"Morale\",\"value\":-10.0}],\"flagEffects\":[],\"consequenceText\":\"But people are upset we're making money off basic needs.\",\"anchorImage\":{\"description\":\"\",\"category\":\"\",\"filename\":\"\",\"flipX\":false,\"flipY\":false},\"characterImage\":{\"description\":\"\",\"category\":\"character\",\"filename\":\"Janaki_Uh-Oh\",\"flipX\":false,\"flipY\":false}}],\"unlocks\":[{\"property\":{\"type\":4,\"name\":\"1\",\"value\":0.0},\"doUnlock\":true}],\"requirements\":[],\"secretUnlocked\":\"tissue_issue\"},{\"choiceText\":\"No\",\"choiceMadeSummary\":\"didn't tax toilet paper\",\"choiceNotMadeSummary\":\"\",\"attributeEffects\":[],\"metaEffects\":[{\"type\":6,\"name\":\"Generosity\",\"value\":1.0}],\"consequences\":[{\"statEffects\":[{\"type\":1,\"name\":\"Funds\",\"value\":-10.0}],\"flagEffects\":[],\"consequenceText\":\"We lost a chance to make good money!\",\"anchorImage\":{\"description\":\"\",\"category\":\"\",\"filename\":\"\",\"flipX\":false,\"flipY\":false},\"characterImage\":{\"description\":\"\",\"category\":\"character\",\"filename\":\"Matt_Angry\",\"flipX\":false,\"flipY\":false}}],\"unlocks\":[{\"property\":{\"type\":4,\"name\":\"1\",\"value\":0.0},\"doUnlock\":true}],\"requirements\":[],\"secretUnlocked\":\"\"}],\"requirements\":[]},{\"decisionID\":\"flight_spite\",\"decisionText\":\"Terrible times! Tourists want the Health Department to pay for their cancelled flights!\",\"speakerName\":\"\",\"type\":0,\"speakerImage\":{\"description\":\"\",\"category\":\"character\",\"filename\":\"Janaki_Uh-Oh\",\"flipX\":false,\"flipY\":false},\"anchorImage\":{\"description\":\"\",\"category\":\"\",\"filename\":\"\",\"flipX\":false,\"flipY\":false},\"choices\":[{\"choiceText\":\"Sure!\",\"choiceMadeSummary\":\"paid for cancelled flights\",\"choiceNotMadeSummary\":\"\",\"attributeEffects\":[],\"metaEffects\":[{\"type\":6,\"name\":\"Generosity\",\"value\":2.0}],\"consequences\":[{\"statEffects\":[{\"type\":1,\"name\":\"Funds\",\"value\":-20.0}],\"flagEffects\":[],\"consequenceText\":\"Oops ... many of those tickets were expensive first class tickets!\",\"anchorImage\":{\"description\":\"\",\"category\":\"\",\"filename\":\"\",\"flipX\":false,\"flipY\":false},\"characterImage\":{\"description\":\"\",\"category\":\"character\",\"filename\":\"Janaki_Uh-Oh\",\"flipX\":false,\"flipY\":false}},{\"statEffects\":[{\"type\":1,\"name\":\"Morale\",\"value\":10.0}],\"flagEffects\":[],\"consequenceText\":\"But now people won't be worried about wasted wealth.\",\"anchorImage\":{\"description\":\"\",\"category\":\"\",\"filename\":\"\",\"flipX\":false,\"flipY\":false},\"characterImage\":{\"description\":\"\",\"category\":\"character\",\"filename\":\"Janaki_Happy\",\"flipX\":false,\"flipY\":false}}],\"unlocks\":[{\"property\":{\"type\":4,\"name\":\"2\",\"value\":0.0},\"doUnlock\":true}],\"requirements\":[],\"secretUnlocked\":\"\"},{\"choiceText\":\"No, too expensive.\",\"choiceMadeSummary\":\"didn't pay for cancelled flights\",\"choiceNotMadeSummary\":\"\",\"attributeEffects\":[],\"metaEffects\":[{\"type\":6,\"name\":\"Practicality\",\"value\":1.0}],\"consequences\":[{\"statEffects\":[{\"type\":1,\"name\":\"Funds\",\"value\":20.0}],\"flagEffects\":[],\"consequenceText\":\"Phew! Refusing refunds saved us some funds!\",\"anchorImage\":{\"description\":\"\",\"category\":\"\",\"filename\":\"\",\"flipX\":false,\"flipY\":false},\"characterImage\":{\"description\":\"\",\"category\":\"character\",\"filename\":\"Janaki_Neutral\",\"flipX\":false,\"flipY\":false}},{\"statEffects\":[{\"type\":1,\"name\":\"Morale\",\"value\":-10.0}],\"flagEffects\":[],\"consequenceText\":\"But tourist temperament can be terrifying!\",\"anchorImage\":{\"description\":\"\",\"category\":\"\",\"filename\":\"\",\"flipX\":false,\"flipY\":false},\"characterImage\":{\"description\":\"\",\"category\":\"character\",\"filename\":\"Janaki_Awkward\",\"flipX\":false,\"flipY\":false}}],\"unlocks\":[{\"property\":{\"type\":4,\"name\":\"2\",\"value\":0.0},\"doUnlock\":true}],\"requirements\":[],\"secretUnlocked\":\"\"}],\"requirements\":[]},{\"decisionID\":\"celebrity_announcer\",\"decisionText\":\"The virus announcements are frightening veterans. Let’s hire movie stars to make announcements?\",\"speakerName\":\"\",\"type\":0,\"speakerImage\":{\"description\":\"\",\"category\":\"character\",\"filename\":\"Janaki_Thinking\",\"flipX\":false,\"flipY\":false},\"anchorImage\":{\"description\":\"\",\"category\":\"\",\"filename\":\"\",\"flipX\":false,\"flipY\":false},\"choices\":[{\"choiceText\":\"Yes!\",\"choiceMadeSummary\":\"hired movie stars to make virus announcements\",\"choiceNotMadeSummary\":\"\",\"attributeEffects\":[],\"metaEffects\":[{\"type\":6,\"name\":\"Friendliness\",\"value\":1.0}],\"consequences\":[{\"statEffects\":[{\"type\":1,\"name\":\"Morale\",\"value\":10.0}],\"flagEffects\":[],\"consequenceText\":\"Veterans are making viral jokes about the announcements!\",\"anchorImage\":{\"description\":\"\",\"category\":\"\",\"filename\":\"\",\"flipX\":false,\"flipY\":false},\"characterImage\":{\"description\":\"\",\"category\":\"character\",\"filename\":\"Janaki_Happy\",\"flipX\":false,\"flipY\":false}},{\"statEffects\":[{\"type\":1,\"name\":\"Funds\",\"value\":-10.0}],\"flagEffects\":[],\"consequenceText\":\"But the stars say this isn't charity. They've coughed up a huge bill!\",\"anchorImage\":{\"description\":\"\",\"category\":\"\",\"filename\":\"\",\"flipX\":false,\"flipY\":false},\"characterImage\":{\"description\":\"\",\"category\":\"character\",\"filename\":\"Matt_Irritated\",\"flipX\":false,\"flipY\":false}}],\"unlocks\":[{\"property\":{\"type\":4,\"name\":\"3\",\"value\":0.0},\"doUnlock\":true}],\"requirements\":[],\"secretUnlocked\":\"\"},{\"choiceText\":\"No, we can't afford it.\",\"choiceMadeSummary\":\"didn't make virus announcements less scary\",\"choiceNotMadeSummary\":\"\",\"attributeEffects\":[],\"metaEffects\":[{\"type\":6,\"name\":\"Toughness\",\"value\":1.0}],\"consequences\":[{\"statEffects\":[{\"type\":1,\"name\":\"Morale\",\"value\":-10.0}],\"flagEffects\":[],\"consequenceText\":\"The government announcements are still scaring our veterans!\",\"anchorImage\":{\"description\":\"\",\"category\":\"\",\"filename\":\"\",\"flipX\":false,\"flipY\":false},\"characterImage\":{\"description\":\"\",\"category\":\"character\",\"filename\":\"Janaki_Awkward\",\"flipX\":false,\"flipY\":false}},{\"statEffects\":[{\"type\":1,\"name\":\"Funds\",\"value\":20.0}],\"flagEffects\":[],\"consequenceText\":\"But at least we saved some time and money.\",\"anchorImage\":{\"description\":\"\",\"category\":\"\",\"filename\":\"\",\"flipX\":false,\"flipY\":false},\"characterImage\":{\"description\":\"\",\"category\":\"character\",\"filename\":\"Matt_Happy\",\"flipX\":false,\"flipY\":false}}],\"unlocks\":[{\"property\":{\"type\":4,\"name\":\"3\",\"value\":0.0},\"doUnlock\":true}],\"requirements\":[],\"secretUnlocked\":\"\"}],\"requirements\":[]},{\"decisionID\":\"case_manipulation\",\"decisionText\":\"How about we sneak into the cases register and fudge the numbers? People will be happier.\",\"speakerName\":\"\",\"type\":0,\"speakerImage\":{\"description\":\"\",\"category\":\"character\",\"filename\":\"Matt_Smirk\",\"flipX\":false,\"flipY\":false},\"anchorImage\":{\"description\":\"\",\"category\":\"\",\"filename\":\"\",\"flipX\":false,\"flipY\":false},\"choices\":[{\"choiceText\":\"Shh ... YES!\",\"choiceMadeSummary\":\"fudged the number of cases\",\"choiceNotMadeSummary\":\"\",\"attributeEffects\":[],\"metaEffects\":[{\"type\":6,\"name\":\"Slyness\",\"value\":1.0}],\"consequences\":[{\"statEffects\":[{\"type\":1,\"name\":\"Morale\",\"value\":10.0}],\"flagEffects\":[],\"consequenceText\":\"Manipulating the numbers has really pumped up public emotion!\",\"anchorImage\":{\"description\":\"\",\"category\":\"\",\"filename\":\"\",\"flipX\":false,\"flipY\":false},\"characterImage\":{\"description\":\"\",\"category\":\"character\",\"filename\":\"Matt_Excited\",\"flipX\":false,\"flipY\":false}},{\"statEffects\":[{\"type\":1,\"name\":\"Cases\",\"value\":10.0}],\"flagEffects\":[],\"consequenceText\":\"But now the department is busy figuring out figures instead of dealing with the disease.\",\"anchorImage\":{\"description\":\"\",\"category\":\"\",\"filename\":\"\",\"flipX\":false,\"flipY\":false},\"characterImage\":{\"description\":\"\",\"category\":\"character\",\"filename\":\"Janaki_Uh-Oh\",\"flipX\":false,\"flipY\":false}}],\"unlocks\":[{\"property\":{\"type\":4,\"name\":\"6\",\"value\":0.0},\"doUnlock\":true}],\"requirements\":[],\"secretUnlocked\":\"shot_short\"},{\"choiceText\":\"No.\",\"choiceMadeSummary\":\"didn't tamper with the number of cases\",\"choiceNotMadeSummary\":\"\",\"attributeEffects\":[],\"metaEffects\":[{\"type\":6,\"name\":\"Honesty\",\"value\":1.0}],\"consequences\":[{\"statEffects\":[{\"type\":1,\"name\":\"Morale\",\"value\":20.0}],\"flagEffects\":[],\"consequenceText\":\"Wrong numbers won't make our efforts numb-er!\",\"anchorImage\":{\"description\":\"\",\"category\":\"\",\"filename\":\"\",\"flipX\":false,\"flipY\":false},\"characterImage\":{\"description\":\"\",\"category\":\"character\",\"filename\":\"Janaki_Happy\",\"flipX\":false,\"flipY\":false}}],\"unlocks\":[{\"property\":{\"type\":4,\"name\":\"6\",\"value\":0.0},\"doUnlock\":true}],\"requirements\":[],\"secretUnlocked\":\"\"}],\"requirements\":[]},{\"decisionID\":\"vitamin_vitamax\",\"decisionText\":\"A company called FakePharma is selling a plain vitamin shot and calling it a cure. People are excited about it.\",\"speakerName\":\"\",\"type\":0,\"speakerImage\":{\"description\":\"\",\"category\":\"character\",\"filename\":\"Janaki_Sad\",\"flipX\":false,\"flipY\":false},\"anchorImage\":{\"description\":\"\",\"category\":\"\",\"filename\":\"\",\"flipX\":false,\"flipY\":false},\"choices\":[{\"choiceText\":\"If it doesn't harm people, they can keep selling it\",\"choiceMadeSummary\":\"allowed a placebo to be sold\",\"choiceNotMadeSummary\":\"\",\"attributeEffects\":[],\"metaEffects\":[{\"type\":6,\"name\":\"Practicality\",\"value\":1.0}],\"consequences\":[{\"statEffects\":[{\"type\":1,\"name\":\"Morale\",\"value\":20.0}],\"flagEffects\":[],\"consequenceText\":\"The shot is quite a morale boost for anxious people.\",\"anchorImage\":{\"description\":\"\",\"category\":\"\",\"filename\":\"\",\"flipX\":false,\"flipY\":false},\"characterImage\":{\"description\":\"\",\"category\":\"character\",\"filename\":\"Janaki_Happy\",\"flipX\":false,\"flipY\":false}},{\"statEffects\":[{\"type\":1,\"name\":\"Cases\",\"value\":20.0}],\"flagEffects\":[],\"consequenceText\":\"But people who got the fake vaccine think they’re immune now. They are out partying on the street!\",\"anchorImage\":{\"description\":\"\",\"category\":\"\",\"filename\":\"\",\"flipX\":false,\"flipY\":false},\"characterImage\":{\"description\":\"\",\"category\":\"character\",\"filename\":\"Janaki_Sad\",\"flipX\":false,\"flipY\":false}}],\"unlocks\":[{\"property\":{\"type\":4,\"name\":\"10\",\"value\":0.0},\"doUnlock\":true}],\"requirements\":[],\"secretUnlocked\":\"\"},{\"choiceText\":\"No, they can't lie to people\",\"choiceMadeSummary\":\"stopped a fake cure from being sold\",\"choiceNotMadeSummary\":\"\",\"attributeEffects\":[],\"metaEffects\":[{\"type\":6,\"name\":\"Honesty\",\"value\":2.0}],\"consequences\":[{\"statEffects\":[{\"type\":1,\"name\":\"Morale\",\"value\":-20.0}],\"flagEffects\":[],\"consequenceText\":\"Knowing that they were getting shots for nothing has added to people's frustration!\",\"anchorImage\":{\"description\":\"\",\"category\":\"\",\"filename\":\"\",\"flipX\":false,\"flipY\":false},\"characterImage\":{\"description\":\"\",\"category\":\"character\",\"filename\":\"Janaki_Irritated\",\"flipX\":false,\"flipY\":false}},{\"statEffects\":[{\"type\":1,\"name\":\"Cases\",\"value\":-10.0}],\"flagEffects\":[],\"consequenceText\":\"But now they know there is no vaccine! So they're being exta careful.\",\"anchorImage\":{\"description\":\"\",\"category\":\"\",\"filename\":\"\",\"flipX\":false,\"flipY\":false},\"characterImage\":{\"description\":\"\",\"category\":\"character\",\"filename\":\"Janaki_Happy\",\"flipX\":false,\"flipY\":false}}],\"unlocks\":[{\"property\":{\"type\":4,\"name\":\"10\",\"value\":0.0},\"doUnlock\":true}],\"requirements\":[],\"secretUnlocked\":\"\"}],\"requirements\":[]},{\"decisionID\":\"swift_swimmers\",\"decisionText\":\"Professional swimmers are worried their skills will sink. Can we sneakily open pools for the five fastest swimmers in Fairside?\",\"speakerName\":\"\",\"type\":0,\"speakerImage\":{\"description\":\"\",\"category\":\"character\",\"filename\":\"Janaki_Confused\",\"flipX\":false,\"flipY\":false},\"anchorImage\":{\"description\":\"\",\"category\":\"\",\"filename\":\"\",\"flipX\":false,\"flipY\":false},\"choices\":[{\"choiceText\":\"Sure!\",\"choiceMadeSummary\":\"opened pools for the five fastest swimmers\",\"choiceNotMadeSummary\":\"\",\"attributeEffects\":[],\"metaEffects\":[{\"type\":6,\"name\":\"Sneakiness\",\"value\":1.0}],\"consequences\":[{\"statEffects\":[{\"type\":1,\"name\":\"Morale\",\"value\":-10.0}],\"flagEffects\":[],\"consequenceText\":\"The news got leaked! The sixth fastest swimmer is really upset.\",\"anchorImage\":{\"description\":\"\",\"category\":\"\",\"filename\":\"\",\"flipX\":false,\"flipY\":false},\"characterImage\":{\"description\":\"\",\"category\":\"character\",\"filename\":\"Janaki_Uh-Oh\",\"flipX\":false,\"flipY\":false}},{\"statEffects\":[{\"type\":1,\"name\":\"Funds\",\"value\":10.0}],\"flagEffects\":[],\"consequenceText\":\"But the five fastest swimmers are now 'live streaming' races. We get more ad revenues!\",\"anchorImage\":{\"description\":\"\",\"category\":\"\",\"filename\":\"\",\"flipX\":false,\"flipY\":false},\"characterImage\":{\"description\":\"\",\"category\":\"character\",\"filename\":\"Matt_Happy\",\"flipX\":false,\"flipY\":false}}],\"unlocks\":[{\"property\":{\"type\":4,\"name\":\"11\",\"value\":0.0},\"doUnlock\":true}],\"requirements\":[],\"secretUnlocked\":\"pool_rule\"},{\"choiceText\":\"Nope\",\"choiceMadeSummary\":\"didn't open pools for the fastest swimmers\",\"choiceNotMadeSummary\":\"\",\"attributeEffects\":[],\"metaEffects\":[{\"type\":6,\"name\":\"Justice\",\"value\":1.0}],\"consequences\":[{\"statEffects\":[{\"type\":1,\"name\":\"Cases\",\"value\":-20.0}],\"flagEffects\":[],\"consequenceText\":\"Since you denied the swimmers, no other sports teams are asking for permission. Everybody stays in!\",\"anchorImage\":{\"description\":\"\",\"category\":\"\",\"filename\":\"\",\"flipX\":false,\"flipY\":false},\"characterImage\":{\"description\":\"\",\"category\":\"character\",\"filename\":\"Janaki_Smirk\",\"flipX\":false,\"flipY\":false}},{\"statEffects\":[{\"type\":1,\"name\":\"Funds\",\"value\":-10.0}],\"flagEffects\":[],\"consequenceText\":\"But all sportstars have asked for money to set up home gyms! Their fitness hurts our funds.\",\"anchorImage\":{\"description\":\"\",\"category\":\"\",\"filename\":\"\",\"flipX\":false,\"flipY\":false},\"characterImage\":{\"description\":\"\",\"category\":\"character\",\"filename\":\"Matt_Irritated\",\"flipX\":false,\"flipY\":false}}],\"unlocks\":[{\"property\":{\"type\":4,\"name\":\"11\",\"value\":0.0},\"doUnlock\":true}],\"requirements\":[],\"secretUnlocked\":\"\"}],\"requirements\":[]},{\"decisionID\":\"closed_creeps\",\"decisionText\":\"Closed spaces are creeping some people out! They're having trouble isolating.\",\"speakerName\":\"\",\"type\":0,\"speakerImage\":{\"description\":\"\",\"category\":\"character\",\"filename\":\"Janaki_Thinking\",\"flipX\":false,\"flipY\":false},\"anchorImage\":{\"description\":\"\",\"category\":\"\",\"filename\":\"\",\"flipX\":false,\"flipY\":false},\"choices\":[{\"choiceText\":\"They’ve gotta deal with it! We’re in a pandemic!\",\"choiceMadeSummary\":\"told people with isolation issues to deal with it\",\"choiceNotMadeSummary\":\"\",\"attributeEffects\":[],\"metaEffects\":[{\"type\":6,\"name\":\"Toughness\",\"value\":1.0}],\"consequences\":[{\"statEffects\":[{\"type\":1,\"name\":\"Cases\",\"value\":-20.0}],\"flagEffects\":[],\"consequenceText\":\"Staying in means staying safe ... umm ... at least from the virus.\",\"anchorImage\":{\"description\":\"\",\"category\":\"\",\"filename\":\"\",\"flipX\":false,\"flipY\":false},\"characterImage\":{\"description\":\"\",\"category\":\"character\",\"filename\":\"Janaki_Thinking\",\"flipX\":false,\"flipY\":false}},{\"statEffects\":[{\"type\":1,\"name\":\"Morale\",\"value\":-20.0}],\"flagEffects\":[],\"consequenceText\":\"But people aren't safe from feeling sad, blue, and cooped up in their cages.\",\"anchorImage\":{\"description\":\"\",\"category\":\"\",\"filename\":\"\",\"flipX\":false,\"flipY\":false},\"characterImage\":{\"description\":\"\",\"category\":\"character\",\"filename\":\"Janaki_Sad\",\"flipX\":false,\"flipY\":false}}],\"unlocks\":[{\"property\":{\"type\":4,\"name\":\"12\",\"value\":0.0},\"doUnlock\":true}],\"requirements\":[],\"secretUnlocked\":\"\"},{\"choiceText\":\"Send free Virtual Reality headsets to these people!\",\"choiceMadeSummary\":\"sent out VR headsets to help with isolation\",\"choiceNotMadeSummary\":\"\",\"attributeEffects\":[],\"metaEffects\":[{\"type\":6,\"name\":\"Generosity\",\"value\":1.0}],\"consequences\":[{\"statEffects\":[{\"type\":1,\"name\":\"Morale\",\"value\":20.0}],\"flagEffects\":[],\"consequenceText\":\"The VR headsets are actually helpful for many people!\",\"anchorImage\":{\"description\":\"\",\"category\":\"\",\"filename\":\"\",\"flipX\":false,\"flipY\":false},\"characterImage\":{\"description\":\"\",\"category\":\"character\",\"filename\":\"Janaki_Happy\",\"flipX\":false,\"flipY\":false}},{\"statEffects\":[{\"type\":1,\"name\":\"Funds\",\"value\":-10.0}],\"flagEffects\":[],\"consequenceText\":\"But it needed real money, not virtual, to send VR headsets to homes across the country.\",\"anchorImage\":{\"description\":\"\",\"category\":\"\",\"filename\":\"\",\"flipX\":false,\"flipY\":false},\"characterImage\":{\"description\":\"\",\"category\":\"character\",\"filename\":\"Matt_Irritated\",\"flipX\":false,\"flipY\":false}}],\"unlocks\":[{\"property\":{\"type\":4,\"name\":\"12\",\"value\":0.0},\"doUnlock\":true}],\"requirements\":[],\"secretUnlocked\":\"\"}],\"requirements\":[]},{\"decisionID\":\"the_otherend\",\"decisionText\":\"A country has created the vaccine. But they won’t sell it till the Diseases Department declares that Fairside's scientists are the stupidest, and the caregivers are the laziest.\",\"speakerName\":\"\",\"type\":2,\"speakerImage\":{\"description\":\"\",\"category\":\"character\",\"filename\":\"Janaki_Disgusted\",\"flipX\":false,\"flipY\":false},\"anchorImage\":{\"description\":\"\",\"category\":\"\",\"filename\":\"\",\"flipX\":false,\"flipY\":false},\"choices\":[{\"choiceText\":\"Sure, anything for the vaccine\",\"choiceMadeSummary\":\"called Fairside caregivers the laziest\",\"choiceNotMadeSummary\":\"\",\"attributeEffects\":[],\"metaEffects\":[{\"type\":6,\"name\":\"Practicality\",\"value\":1.0}],\"consequences\":[{\"statEffects\":[{\"type\":1,\"name\":\"Morale\",\"value\":-20.0}],\"flagEffects\":[],\"consequenceText\":\"Everyone is either insulted or cheated!\",\"anchorImage\":{\"description\":\"\",\"category\":\"\",\"filename\":\"\",\"flipX\":false,\"flipY\":false},\"characterImage\":{\"description\":\"\",\"category\":\"character\",\"filename\":\"Janaki_Sad\",\"flipX\":false,\"flipY\":false}},{\"statEffects\":[{\"type\":1,\"name\":\"Cases\",\"value\":-30.0}],\"flagEffects\":[],\"consequenceText\":\"But now that we have the vaccines, we can focus on the recovery.\",\"anchorImage\":{\"description\":\"\",\"category\":\"\",\"filename\":\"\",\"flipX\":false,\"flipY\":false},\"characterImage\":{\"description\":\"\",\"category\":\"character\",\"filename\":\"Janaki_Happy\",\"flipX\":false,\"flipY\":false}}],\"unlocks\":[{\"property\":{\"type\":4,\"name\":\"grumbly_docs\",\"value\":0.0},\"doUnlock\":true},{\"property\":{\"type\":4,\"name\":\"22\",\"value\":0.0},\"doUnlock\":true}],\"requirements\":[],\"secretUnlocked\":\"\"},{\"choiceText\":\"We can't insult our caregivers!\",\"choiceMadeSummary\":\"chose dignity over a potential vaccine\",\"choiceNotMadeSummary\":\"\",\"attributeEffects\":[],\"metaEffects\":[{\"type\":6,\"name\":\"Justice\",\"value\":1.0}],\"consequences\":[{\"statEffects\":[{\"type\":1,\"name\":\"Funds\",\"value\":-10.0}],\"flagEffects\":[],\"consequenceText\":\"We need to pump more money into research!\",\"anchorImage\":{\"description\":\"\",\"category\":\"\",\"filename\":\"\",\"flipX\":false,\"flipY\":false},\"characterImage\":{\"description\":\"\",\"category\":\"character\",\"filename\":\"Matt_Thinking\",\"flipX\":false,\"flipY\":false}},{\"statEffects\":[{\"type\":1,\"name\":\"Morale\",\"value\":20.0}],\"flagEffects\":[],\"consequenceText\":\"But Fairsiders are glad we didn’t demean our hardworking caregivers.\",\"anchorImage\":{\"description\":\"\",\"category\":\"\",\"filename\":\"\",\"flipX\":false,\"flipY\":false},\"characterImage\":{\"description\":\"\",\"category\":\"character\",\"filename\":\"Janaki_Happy\",\"flipX\":false,\"flipY\":false}}],\"unlocks\":[{\"property\":{\"type\":4,\"name\":\"limited_vax\",\"value\":0.0},\"doUnlock\":true},{\"property\":{\"type\":4,\"name\":\"22\",\"value\":0.0},\"doUnlock\":true}],\"requirements\":[],\"secretUnlocked\":\"\"}],\"requirements\":[]},{\"decisionID\":\"grumbly_docs\",\"decisionText\":\"The doctors are so busy grumbling because of the mean statement, the vaccine isn’t being administered quickly enough.\",\"speakerName\":\"\",\"type\":1,\"speakerImage\":{\"description\":\"\",\"category\":\"character\",\"filename\":\"Janaki_Uh-Oh\",\"flipX\":false,\"flipY\":false},\"anchorImage\":{\"description\":\"\",\"category\":\"\",\"filename\":\"\",\"flipX\":false,\"flipY\":false},\"choices\":[{\"choiceText\":\"Retract the announcement, you have the vaccine now\",\"choiceMadeSummary\":\"retracted insults against Fairside health workers\",\"choiceNotMadeSummary\":\"\",\"attributeEffects\":[],\"metaEffects\":[{\"type\":6,\"name\":\"Practicality\",\"value\":1.0}],\"consequences\":[{\"statEffects\":[{\"type\":1,\"name\":\"Morale\",\"value\":10.0}],\"flagEffects\":[],\"consequenceText\":\"Caregivers are still upset but the retraction has helped.\",\"anchorImage\":{\"description\":\"\",\"category\":\"\",\"filename\":\"\",\"flipX\":false,\"flipY\":false},\"characterImage\":{\"description\":\"\",\"category\":\"character\",\"filename\":\"Janaki_Awkward\",\"flipX\":false,\"flipY\":false}},{\"statEffects\":[{\"type\":1,\"name\":\"Cases\",\"value\":-30.0}],\"flagEffects\":[],\"consequenceText\":\"And the vaccine is showing a really positive impact!\",\"anchorImage\":{\"description\":\"\",\"category\":\"\",\"filename\":\"\",\"flipX\":false,\"flipY\":false},\"characterImage\":{\"description\":\"\",\"category\":\"character\",\"filename\":\"Janaki_Excited\",\"flipX\":false,\"flipY\":false}}],\"unlocks\":[{\"property\":{\"type\":4,\"name\":\"23\",\"value\":0.0},\"doUnlock\":true}],\"requirements\":[],\"secretUnlocked\":\"\"},{\"choiceText\":\"We can't go back on our word\",\"choiceMadeSummary\":\"refused to take back the insulting announcement\",\"choiceNotMadeSummary\":\"\",\"attributeEffects\":[],\"metaEffects\":[{\"type\":6,\"name\":\"Justice\",\"value\":3.0}],\"consequences\":[{\"statEffects\":[{\"type\":1,\"name\":\"Morale\",\"value\":-10.0}],\"flagEffects\":[],\"consequenceText\":\"The docs are still grumbling.\",\"anchorImage\":{\"description\":\"\",\"category\":\"\",\"filename\":\"\",\"flipX\":false,\"flipY\":false},\"characterImage\":{\"description\":\"\",\"category\":\"character\",\"filename\":\"Janaki_Uh-Oh\",\"flipX\":false,\"flipY\":false}}],\"unlocks\":[{\"property\":{\"type\":4,\"name\":\"23\",\"value\":0.0},\"doUnlock\":true}],\"requirements\":[],\"secretUnlocked\":\"\"}],\"requirements\":[{\"check\":{\"type\":4,\"name\":\"grumbly_docs\",\"value\":0.0},\"checkType\":0,\"comparePropName\":\"\"}]},{\"decisionID\":\"limited_vax\",\"decisionText\":\"We still have a small sample of the vaccine from the other country, but it'll expire soon! What do we do with it?\",\"speakerName\":\"\",\"type\":1,\"speakerImage\":{\"description\":\"\",\"category\":\"character\",\"filename\":\"Janaki_Irritated\",\"flipX\":false,\"flipY\":false},\"anchorImage\":{\"description\":\"\",\"category\":\"\",\"filename\":\"\",\"flipX\":false,\"flipY\":false},\"choices\":[{\"choiceText\":\"Distribute it, somebody should get it\",\"choiceMadeSummary\":\"distributed the small vaccine sample before it expired\",\"choiceNotMadeSummary\":\"\",\"attributeEffects\":[],\"metaEffects\":[{\"type\":6,\"name\":\"Justice\",\"value\":1.0}],\"consequences\":[{\"statEffects\":[{\"type\":1,\"name\":\"Morale\",\"value\":-20.0}],\"flagEffects\":[],\"consequenceText\":\"People are getting impatient as we try to figure out a system.\",\"anchorImage\":{\"description\":\"\",\"category\":\"\",\"filename\":\"\",\"flipX\":false,\"flipY\":false},\"characterImage\":{\"description\":\"\",\"category\":\"character\",\"filename\":\"Janaki_Thinking\",\"flipX\":false,\"flipY\":false}}],\"unlocks\":[{\"property\":{\"type\":4,\"name\":\"lottery_caregiver\",\"value\":0.0},\"doUnlock\":true},{\"property\":{\"type\":4,\"name\":\"24\",\"value\":0.0},\"doUnlock\":true}],\"requirements\":[],\"secretUnlocked\":\"\"},{\"choiceText\":\"Experiment with it and try to make more.\",\"choiceMadeSummary\":\"tried to make enough vaccines for everybody\",\"choiceNotMadeSummary\":\"\",\"attributeEffects\":[],\"metaEffects\":[{\"type\":6,\"name\":\"Practicality\",\"value\":3.0}],\"consequences\":[{\"statEffects\":[{\"type\":1,\"name\":\"Funds\",\"value\":-10.0}],\"flagEffects\":[],\"consequenceText\":\"We had to spend more money on more research.\",\"anchorImage\":{\"description\":\"\",\"category\":\"\",\"filename\":\"\",\"flipX\":false,\"flipY\":false},\"characterImage\":{\"description\":\"\",\"category\":\"character\",\"filename\":\"Matt_Glaring\",\"flipX\":false,\"flipY\":false}},{\"statEffects\":[{\"type\":1,\"name\":\"Cases\",\"value\":-20.0}],\"flagEffects\":[],\"consequenceText\":\"But our scientists put in all their effort and have succeeded in creating a vaccine!\",\"anchorImage\":{\"description\":\"\",\"category\":\"\",\"filename\":\"\",\"flipX\":false,\"flipY\":false},\"characterImage\":{\"description\":\"\",\"category\":\"character\",\"filename\":\"Janaki_Excited\",\"flipX\":false,\"flipY\":false}}],\"unlocks\":[{\"property\":{\"type\":4,\"name\":\"24\",\"value\":0.0},\"doUnlock\":true}],\"requirements\":[],\"secretUnlocked\":\"\"}],\"requirements\":[{\"check\":{\"type\":4,\"name\":\"limited_vax\",\"value\":0.0},\"checkType\":0,\"comparePropName\":\"\"}]},{\"decisionID\":\"lottery_caregiver\",\"decisionText\":\"So how do we distribute it?\",\"speakerName\":\"\",\"type\":1,\"speakerImage\":{\"description\":\"\",\"category\":\"character\",\"filename\":\"Janaki_Thinking\",\"flipX\":false,\"flipY\":false},\"anchorImage\":{\"description\":\"\",\"category\":\"\",\"filename\":\"\",\"flipX\":false,\"flipY\":false},\"choices\":[{\"choiceText\":\"A lottery!\",\"choiceMadeSummary\":\"distributed the vaccine via lottery\",\"choiceNotMadeSummary\":\"\",\"attributeEffects\":[],\"metaEffects\":[{\"type\":6,\"name\":\"Justice\",\"value\":3.0}],\"consequences\":[{\"statEffects\":[{\"type\":1,\"name\":\"Morale\",\"value\":-20.0}],\"flagEffects\":[],\"consequenceText\":\"Everybody is super anxious because of the lottery, and morale takes a hit.\",\"anchorImage\":{\"description\":\"\",\"category\":\"\",\"filename\":\"\",\"flipX\":false,\"flipY\":false},\"characterImage\":{\"description\":\"\",\"category\":\"character\",\"filename\":\"Janaki_Uh-Oh\",\"flipX\":false,\"flipY\":false}},{\"statEffects\":[{\"type\":1,\"name\":\"Cases\",\"value\":20.0}],\"flagEffects\":[],\"consequenceText\":\"And it turns out a lottery isn't the most thoughtful way of distribution: a lot of healthy people won the lottery and some of the vaccines are wasted.\",\"anchorImage\":{\"description\":\"\",\"category\":\"\",\"filename\":\"\",\"flipX\":false,\"flipY\":false},\"characterImage\":{\"description\":\"\",\"category\":\"character\",\"filename\":\"Janaki_Intense\",\"flipX\":false,\"flipY\":false}}],\"unlocks\":[{\"property\":{\"type\":4,\"name\":\"25\",\"value\":0.0},\"doUnlock\":true}],\"requirements\":[],\"secretUnlocked\":\"\"},{\"choiceText\":\"Give it to everyone working at hospitals\",\"choiceMadeSummary\":\"distributed the vaccine to caregivers\",\"choiceNotMadeSummary\":\"\",\"attributeEffects\":[],\"metaEffects\":[{\"type\":6,\"name\":\"Practicality\",\"value\":3.0}],\"consequences\":[{\"statEffects\":[{\"type\":1,\"name\":\"Morale\",\"value\":30.0}],\"flagEffects\":[],\"consequenceText\":\"Everyone is feeling good about caring for caregivers!\",\"anchorImage\":{\"description\":\"\",\"category\":\"\",\"filename\":\"\",\"flipX\":false,\"flipY\":false},\"characterImage\":{\"description\":\"\",\"category\":\"character\",\"filename\":\"Janaki_Happy\",\"flipX\":false,\"flipY\":false}},{\"statEffects\":[{\"type\":1,\"name\":\"Cases\",\"value\":-20.0}],\"flagEffects\":[],\"consequenceText\":\"They are now putting extra effort into their work! Their patients are getting better!\",\"anchorImage\":{\"description\":\"\",\"category\":\"\",\"filename\":\"\",\"flipX\":false,\"flipY\":false},\"characterImage\":{\"description\":\"\",\"category\":\"character\",\"filename\":\"Janaki_Excited\",\"flipX\":false,\"flipY\":false}}],\"unlocks\":[{\"property\":{\"type\":4,\"name\":\"25\",\"value\":0.0},\"doUnlock\":true}],\"requirements\":[],\"secretUnlocked\":\"\"}],\"requirements\":[{\"check\":{\"type\":4,\"name\":\"lottery_caregiver\",\"value\":0.0},\"checkType\":0,\"comparePropName\":\"\"}]}],\"secrets\":[\"tissue_issue\",\"angry_islanders\",\"pool_rule\",\"court_note\",\"shot_short\"],\"interstitials\":[],\"goals\":[]}","playPattern":1,"isAvailable":true,"isPremium":false,"releaseOn":"","scenarioFile":{"instanceID":23446},"scenarioID":5,"character":{"description":"","category":"character","filename":"Janaki_Excited","flipX":false,"flipY":false},"traitsName":["Kindness","Honor"]}