{"scenarioName":"Class President Elections","scenarioSummary":"Give what it takes to become Class President!","scenarioThumbnail":"Class President Elections","scenarioDataJson":"{\"backgroundImage\":{\"description\":\"\",\"category\":\"background\",\"filename\":\"Class Elections\",\"flipX\":false,\"flipY\":false},\"turnCount\":7,\"scenarioId\":0,\"endsWhenObjectiveMet\":false,\"unlockRequirements\":[],\"mainObjectives\":[{\"check\":{\"type\":1,\"name\":\"Popularity\",\"value\":50.0},\"checkType\":4,\"comparePropName\":\"\"}],\"bonusObjectives\":[],\"scenarioName\":\"Class President Elections\",\"mainObjectiveDescription\":\"Bonus objectives\",\"bonusObjectivesDescription\":\"7\",\"turnName\":\"Days\",\"summarySuccess\":\"You've been voted Class President!\",\"summaryFailure\":\"You lost the election.\",\"startingStats\":[{\"type\":1,\"name\":\"Popularity\",\"value\":20.0}],\"minMaxStatValues\":{\"x\":0.0,\"y\":100.0},\"intro\":[{\"speakerImage\":{\"description\":\"\",\"category\":\"character\",\"filename\":\"Sergeant_Neutral\",\"flipX\":false,\"flipY\":false},\"anchorImage\":{\"description\":\"\",\"category\":\"\",\"filename\":\"\",\"flipX\":false,\"flipY\":false},\"dialogueText\":\"Hello there! You seem to be liking Fairside and Fairside likes you! I think you should run for Class President!\",\"choices\":[],\"overrideName\":\"\",\"overrideNameReqs\":[]},{\"speakerImage\":{\"description\":\"\",\"category\":\"character\",\"filename\":\"Sergeant_Neutral\",\"flipX\":false,\"flipY\":false},\"anchorImage\":{\"description\":\"\",\"category\":\"\",\"filename\":\"\",\"flipX\":false,\"flipY\":false},\"dialogueText\":\"There's always two ways to do something. The CRAFTY way and the NOBLE way. Remember that as you try to pump up your popularity. [Popularity]\",\"choices\":[],\"overrideName\":\"\",\"overrideNameReqs\":[]},{\"speakerImage\":{\"description\":\"\",\"category\":\"character\",\"filename\":\"Matt_Smirk\",\"flipX\":false,\"flipY\":false},\"anchorImage\":{\"description\":\"\",\"category\":\"\",\"filename\":\"\",\"flipX\":false,\"flipY\":false},\"dialogueText\":\"OR you could just focus on winning. Like your rival ... ROB! I say, just try your best to beat him!\",\"choices\":[],\"overrideName\":\"\",\"overrideNameReqs\":[]}],\"outros\":[{\"outroID\":\"lieutenant_homework\",\"outcomeType\":1,\"traitCheck\":\"Nobleness\",\"traitCheckPositive\":false,\"dialogueOptions\":[{\"speakerImage\":{\"description\":\"\",\"category\":\"character\",\"filename\":\"Sergeant_Happy\",\"flipX\":false,\"flipY\":false},\"anchorImage\":{\"description\":\"\",\"category\":\"\",\"filename\":\"\",\"flipX\":false,\"flipY\":false},\"dialogueText\":\"Brilliant! You did a superb job. 'Captain Homework' is the Class President! You proved that any assignment can be completed with Nobleness!\",\"choices\":[],\"overrideName\":\"\",\"overrideNameReqs\":[]}],\"propsToShow\":[]},{\"outroID\":\"lieutenant_homework\",\"outcomeType\":4,\"traitCheck\":\"Nobleness\",\"traitCheckPositive\":false,\"dialogueOptions\":[{\"speakerImage\":{\"description\":\"\",\"category\":\"character\",\"filename\":\"Sergeant_Uh-Oh\",\"flipX\":false,\"flipY\":false},\"anchorImage\":{\"description\":\"\",\"category\":\"\",\"filename\":\"\",\"flipX\":false,\"flipY\":false},\"dialogueText\":\"Alright, looks like nobody wanted 'Captain Homework' to be the President. But they'll remember you as the noble kid who turned up for the debate in a fun costume!\",\"choices\":[],\"overrideName\":\"\",\"overrideNameReqs\":[]}],\"propsToShow\":[]},{\"outroID\":\"lieutenant_recess\",\"outcomeType\":1,\"traitCheck\":\"Nobleness\",\"traitCheckPositive\":false,\"dialogueOptions\":[{\"speakerImage\":{\"description\":\"\",\"category\":\"character\",\"filename\":\"Sergeant_Excited\",\"flipX\":false,\"flipY\":false},\"anchorImage\":{\"description\":\"\",\"category\":\"\",\"filename\":\"\",\"flipX\":false,\"flipY\":false},\"dialogueText\":\"\\\"It's not a bird or a plane\\\" It's our new Class President! Who did a 'Marvelous' job with their noble decisions.\",\"choices\":[],\"overrideName\":\"\",\"overrideNameReqs\":[]}],\"propsToShow\":[]},{\"outroID\":\"lieutenant_recess\",\"outcomeType\":4,\"traitCheck\":\"Nobleness\",\"traitCheckPositive\":false,\"dialogueOptions\":[{\"speakerImage\":{\"description\":\"\",\"category\":\"character\",\"filename\":\"Sergeant_Glaring\",\"flipX\":false,\"flipY\":false},\"anchorImage\":{\"description\":\"\",\"category\":\"\",\"filename\":\"\",\"flipX\":false,\"flipY\":false},\"dialogueText\":\"I know you were trying to be nice to the kids but I guess Class Presidents should be focusing on graduation gowns and not capes and costumes!\",\"choices\":[],\"overrideName\":\"\",\"overrideNameReqs\":[]}],\"propsToShow\":[]},{\"outroID\":\"fun_president\",\"outcomeType\":1,\"traitCheck\":\"Nobleness\",\"traitCheckPositive\":false,\"dialogueOptions\":[{\"speakerImage\":{\"description\":\"\",\"category\":\"character\",\"filename\":\"Sergeant_Excited\",\"flipX\":false,\"flipY\":false},\"anchorImage\":{\"description\":\"\",\"category\":\"\",\"filename\":\"\",\"flipX\":false,\"flipY\":false},\"dialogueText\":\"Fantastic! You were a noble candidate who won fairly without having to wear a costume to do it.\",\"choices\":[],\"overrideName\":\"\",\"overrideNameReqs\":[]}],\"propsToShow\":[]},{\"outroID\":\"fun_president\",\"outcomeType\":4,\"traitCheck\":\"Nobleness\",\"traitCheckPositive\":false,\"dialogueOptions\":[{\"speakerImage\":{\"description\":\"\",\"category\":\"character\",\"filename\":\"Sergeant_Thinking\",\"flipX\":false,\"flipY\":false},\"anchorImage\":{\"description\":\"\",\"category\":\"\",\"filename\":\"\",\"flipX\":false,\"flipY\":false},\"dialogueText\":\"Oops many kids felt you can't be a fun person if you refuse to wear a superhero costume. They didn't make you President but they believed the part about you being 'fair'.\",\"choices\":[],\"overrideName\":\"\",\"overrideNameReqs\":[]}],\"propsToShow\":[]},{\"outroID\":\"lifelong_dream\",\"outcomeType\":1,\"traitCheck\":\"Nobleness\",\"traitCheckPositive\":false,\"dialogueOptions\":[{\"speakerImage\":{\"description\":\"\",\"category\":\"character\",\"filename\":\"Sergeant_Happy\",\"flipX\":false,\"flipY\":false},\"anchorImage\":{\"description\":\"\",\"category\":\"\",\"filename\":\"\",\"flipX\":false,\"flipY\":false},\"dialogueText\":\"When an noble person wants something. Everybody helps them achieve it. I guess honesty is the best policy even for Class Presidents!\",\"choices\":[],\"overrideName\":\"\",\"overrideNameReqs\":[]}],\"propsToShow\":[]},{\"outroID\":\"lifelong_dream\",\"outcomeType\":4,\"traitCheck\":\"Nobleness\",\"traitCheckPositive\":false,\"dialogueOptions\":[{\"speakerImage\":{\"description\":\"\",\"category\":\"character\",\"filename\":\"Sergeant_Thinking\",\"flipX\":false,\"flipY\":false},\"anchorImage\":{\"description\":\"\",\"category\":\"\",\"filename\":\"\",\"flipX\":false,\"flipY\":false},\"dialogueText\":\"Looks like most kids didn't care much for your lifelong dream and didn't make you President. But hey they won't forget how noble you've been!\",\"choices\":[],\"overrideName\":\"\",\"overrideNameReqs\":[]}],\"propsToShow\":[]},{\"outroID\":\"number_dumber\",\"outcomeType\":1,\"traitCheck\":\"Craftiness\",\"traitCheckPositive\":false,\"dialogueOptions\":[{\"speakerImage\":{\"description\":\"\",\"category\":\"character\",\"filename\":\"Sergeant_Thinking\",\"flipX\":false,\"flipY\":false},\"anchorImage\":{\"description\":\"\",\"category\":\"\",\"filename\":\"\",\"flipX\":false,\"flipY\":false},\"dialogueText\":\"Wow! It looks like you would've won even if you hadn't added those votes. Which makes me wonder if you really needed to be so crafty to win the election.\",\"choices\":[],\"overrideName\":\"\",\"overrideNameReqs\":[]}],\"propsToShow\":[]},{\"outroID\":\"number_dumber\",\"outcomeType\":4,\"traitCheck\":\"Craftiness\",\"traitCheckPositive\":false,\"dialogueOptions\":[{\"speakerImage\":{\"description\":\"\",\"category\":\"character\",\"filename\":\"Matt_Glaring\",\"flipX\":false,\"flipY\":false},\"anchorImage\":{\"description\":\"\",\"category\":\"\",\"filename\":\"\",\"flipX\":false,\"flipY\":false},\"dialogueText\":\"When the real votes were counted you fell pretty short. Maybe you should've focused on adding more Nobleness to your campaign instead of adding fake votes.\",\"choices\":[],\"overrideName\":\"\",\"overrideNameReqs\":[]}],\"propsToShow\":[]},{\"outroID\":\"slash_mash\",\"outcomeType\":1,\"traitCheck\":\"Craftiness\",\"traitCheckPositive\":false,\"dialogueOptions\":[{\"speakerImage\":{\"description\":\"\",\"category\":\"character\",\"filename\":\"Matt_Neutral\",\"flipX\":false,\"flipY\":false},\"anchorImage\":{\"description\":\"\",\"category\":\"\",\"filename\":\"\",\"flipX\":false,\"flipY\":false},\"dialogueText\":\"We had a revote but your votes were still more than Rob's. You won but everybody feels there was something wrong with both the counting and the campaigning.\",\"choices\":[],\"overrideName\":\"\",\"overrideNameReqs\":[]}],\"propsToShow\":[]},{\"outroID\":\"slash_mash\",\"outcomeType\":4,\"traitCheck\":\"Craftiness\",\"traitCheckPositive\":false,\"dialogueOptions\":[{\"speakerImage\":{\"description\":\"\",\"category\":\"character\",\"filename\":\"Sergeant_Intense\",\"flipX\":false,\"flipY\":false},\"anchorImage\":{\"description\":\"\",\"category\":\"\",\"filename\":\"\",\"flipX\":false,\"flipY\":false},\"dialogueText\":\"We had a revote but it seems like all the kids were tired of the drama. They all voted for Rob just to keep him from complaining about the counting.\",\"choices\":[],\"overrideName\":\"\",\"overrideNameReqs\":[]}],\"propsToShow\":[]},{\"outroID\":\"favor_flavor\",\"outcomeType\":1,\"traitCheck\":\"Craftiness\",\"traitCheckPositive\":false,\"dialogueOptions\":[{\"speakerImage\":{\"description\":\"\",\"category\":\"character\",\"filename\":\"Matt_Smirk\",\"flipX\":false,\"flipY\":false},\"anchorImage\":{\"description\":\"\",\"category\":\"\",\"filename\":\"\",\"flipX\":false,\"flipY\":false},\"dialogueText\":\"Rob pulled a crafty move with that recording trick, but you were popular enough to be voted President. But being popular doesn't mean being respected.\",\"choices\":[],\"overrideName\":\"\",\"overrideNameReqs\":[]}],\"propsToShow\":[]},{\"outroID\":\"favor_flavor\",\"outcomeType\":4,\"traitCheck\":\"Craftiness\",\"traitCheckPositive\":false,\"dialogueOptions\":[{\"speakerImage\":{\"description\":\"\",\"category\":\"character\",\"filename\":\"Matt_Sad\",\"flipX\":false,\"flipY\":false},\"anchorImage\":{\"description\":\"\",\"category\":\"\",\"filename\":\"\",\"flipX\":false,\"flipY\":false},\"dialogueText\":\"Oh no! We did try to be crafty but Rob was way ahead of us in that game. Looks like Rob is going to rob us of the opportunity to be Class President.\",\"choices\":[],\"overrideName\":\"\",\"overrideNameReqs\":[]}],\"propsToShow\":[]},{\"outroID\":\"spice_vice\",\"outcomeType\":1,\"traitCheck\":\"Craftiness\",\"traitCheckPositive\":false,\"dialogueOptions\":[{\"speakerImage\":{\"description\":\"\",\"category\":\"character\",\"filename\":\"Matt_Thinking\",\"flipX\":false,\"flipY\":false},\"anchorImage\":{\"description\":\"\",\"category\":\"\",\"filename\":\"\",\"flipX\":false,\"flipY\":false},\"dialogueText\":\"Looks like a lot of kids thought we found a pretty smart way to fool Rob and voted for us. I guess we got what we wanted but not the way we wanted it.\",\"choices\":[],\"overrideName\":\"\",\"overrideNameReqs\":[]}],\"propsToShow\":[]},{\"outroID\":\"\",\"outcomeType\":4,\"traitCheck\":\"Craftiness\",\"traitCheckPositive\":false,\"dialogueOptions\":[{\"speakerImage\":{\"description\":\"\",\"category\":\"character\",\"filename\":\"Sergeant_Sad\",\"flipX\":false,\"flipY\":false},\"anchorImage\":{\"description\":\"\",\"category\":\"\",\"filename\":\"\",\"flipX\":false,\"flipY\":false},\"dialogueText\":\"Ughh... making that false promise to Rob made a lot of kids think all of the promises we made were false. They are not going to vote for us.\",\"choices\":[],\"overrideName\":\"\",\"overrideNameReqs\":[]}],\"propsToShow\":[]}],\"decisions\":[{\"decisionID\":\"slogan_seer\",\"decisionText\":\"We need a new slogan for our campaign!\",\"speakerName\":\"\",\"type\":0,\"speakerImage\":{\"description\":\"\",\"category\":\"character\",\"filename\":\"Matt_Thinking\",\"flipX\":false,\"flipY\":false},\"anchorImage\":{\"description\":\"\",\"category\":\"\",\"filename\":\"\",\"flipX\":false,\"flipY\":false},\"choices\":[{\"choiceText\":\"I'm Awesome\",\"choiceMadeSummary\":\"didn't pick a slogan that was mean\",\"choiceNotMadeSummary\":\"\",\"attributeEffects\":[],\"metaEffects\":[{\"type\":6,\"name\":\"Justice\",\"value\":1.0}],\"consequences\":[{\"statEffects\":[{\"type\":1,\"name\":\"Popularity\",\"value\":10.0}],\"flagEffects\":[],\"consequenceText\":\"Every kid likes awesome people. They like your slogan.\",\"anchorImage\":{\"description\":\"\",\"category\":\"\",\"filename\":\"\",\"flipX\":false,\"flipY\":false},\"characterImage\":{\"description\":\"\",\"category\":\"character\",\"filename\":\"Sergeant_Happy\",\"flipX\":false,\"flipY\":false}}],\"unlocks\":[],\"requirements\":[],\"secretUnlocked\":\"\"},{\"choiceText\":\"Rob Stinks\",\"choiceMadeSummary\":\"picked a mean campaign slogan\",\"choiceNotMadeSummary\":\"\",\"attributeEffects\":[],\"metaEffects\":[{\"type\":6,\"name\":\"Sneakiness\",\"value\":1.0}],\"consequences\":[{\"statEffects\":[{\"type\":1,\"name\":\"Popularity\",\"value\":10.0}],\"flagEffects\":[],\"consequenceText\":\"A lot of kids find your slogan funny. Maybe we should make t-shirts!\",\"anchorImage\":{\"description\":\"\",\"category\":\"\",\"filename\":\"\",\"flipX\":false,\"flipY\":false},\"characterImage\":{\"description\":\"\",\"category\":\"character\",\"filename\":\"Matt_Smirk\",\"flipX\":false,\"flipY\":false}},{\"statEffects\":[{\"type\":1,\"name\":\"Popularity\",\"value\":-10.0}],\"flagEffects\":[],\"consequenceText\":\"Oops... but some kids think your slogan is mean.\",\"anchorImage\":{\"description\":\"\",\"category\":\"\",\"filename\":\"\",\"flipX\":false,\"flipY\":false},\"characterImage\":{\"description\":\"\",\"category\":\"character\",\"filename\":\"Matt_Uh-Oh\",\"flipX\":false,\"flipY\":false}}],\"unlocks\":[],\"requirements\":[],\"secretUnlocked\":\"scratch_phrase\"}],\"requirements\":[]},{\"decisionID\":\"praline_promise\",\"decisionText\":\"Should we lie and promise the kids a free class trip to Japan if we win?\",\"speakerName\":\"\",\"type\":0,\"speakerImage\":{\"description\":\"\",\"category\":\"character\",\"filename\":\"Matt_Smirk\",\"flipX\":false,\"flipY\":false},\"anchorImage\":{\"description\":\"\",\"category\":\"\",\"filename\":\"\",\"flipX\":false,\"flipY\":false},\"choices\":[{\"choiceText\":\"Yes, lie\",\"choiceMadeSummary\":\"lied about giving a free trip to Japan trip\",\"choiceNotMadeSummary\":\"\",\"attributeEffects\":[],\"metaEffects\":[{\"type\":6,\"name\":\"Slyness\",\"value\":1.0}],\"consequences\":[{\"statEffects\":[{\"type\":1,\"name\":\"Popularity\",\"value\":20.0}],\"flagEffects\":[],\"consequenceText\":\"The kids won't be happy when they find out we lied, but they'll support us for now. Ha!\",\"anchorImage\":{\"description\":\"\",\"category\":\"\",\"filename\":\"\",\"flipX\":false,\"flipY\":false},\"characterImage\":{\"description\":\"\",\"category\":\"character\",\"filename\":\"Matt_Happy\",\"flipX\":false,\"flipY\":false}}],\"unlocks\":[],\"requirements\":[],\"secretUnlocked\":\"\"},{\"choiceText\":\"No false promises\",\"choiceMadeSummary\":\"didn't lie to kids about a free Japan trip.\",\"choiceNotMadeSummary\":\"\",\"attributeEffects\":[],\"metaEffects\":[{\"type\":6,\"name\":\"Honesty\",\"value\":1.0}],\"consequences\":[{\"statEffects\":[{\"type\":1,\"name\":\"Popularity\",\"value\":-10.0}],\"flagEffects\":[],\"consequenceText\":\"Ughh... Rob promised kids a free trip to Japan. A lot of kids want to vote for him now.\",\"anchorImage\":{\"description\":\"\",\"category\":\"\",\"filename\":\"\",\"flipX\":false,\"flipY\":false},\"characterImage\":{\"description\":\"\",\"category\":\"character\",\"filename\":\"Matt_Glaring\",\"flipX\":false,\"flipY\":false}},{\"statEffects\":[],\"flagEffects\":[],\"consequenceText\":\"But the kids will be so upset when they find out. I'm glad you didn't choose to lie.\",\"anchorImage\":{\"description\":\"\",\"category\":\"\",\"filename\":\"\",\"flipX\":false,\"flipY\":false},\"characterImage\":{\"description\":\"\",\"category\":\"character\",\"filename\":\"Sergeant_Neutral\",\"flipX\":false,\"flipY\":false}}],\"unlocks\":[],\"requirements\":[],\"secretUnlocked\":\"\"}],\"requirements\":[]},{\"decisionID\":\"rob_rumor\",\"decisionText\":\"If we spread a nasty rumor about Rob, we can get more votes.\",\"speakerName\":\"\",\"type\":0,\"speakerImage\":{\"description\":\"\",\"category\":\"character\",\"filename\":\"Matt_Thinking\",\"flipX\":false,\"flipY\":false},\"anchorImage\":{\"description\":\"\",\"category\":\"\",\"filename\":\"\",\"flipX\":false,\"flipY\":false},\"choices\":[{\"choiceText\":\"Yes\",\"choiceMadeSummary\":\"spread rumors about your rival\",\"choiceNotMadeSummary\":\"\",\"attributeEffects\":[],\"metaEffects\":[{\"type\":6,\"name\":\"Sneakiness\",\"value\":1.0}],\"consequences\":[{\"statEffects\":[{\"type\":1,\"name\":\"Popularity\",\"value\":20.0}],\"flagEffects\":[],\"consequenceText\":\"Rob decided to cancel one of his speeches because he couldn't stand all the whispering and pointing. Good for us!\",\"anchorImage\":{\"description\":\"\",\"category\":\"\",\"filename\":\"\",\"flipX\":false,\"flipY\":false},\"characterImage\":{\"description\":\"\",\"category\":\"character\",\"filename\":\"Matt_Neutral\",\"flipX\":false,\"flipY\":false}},{\"statEffects\":[],\"flagEffects\":[],\"consequenceText\":\"But are you trying to be the  'Leader of the liars' ?\",\"anchorImage\":{\"description\":\"\",\"category\":\"\",\"filename\":\"\",\"flipX\":false,\"flipY\":false},\"characterImage\":{\"description\":\"\",\"category\":\"character\",\"filename\":\"Sergeant_Glaring\",\"flipX\":false,\"flipY\":false}}],\"unlocks\":[],\"requirements\":[],\"secretUnlocked\":\"\"},{\"choiceText\":\"No\",\"choiceMadeSummary\":\"didn't spread any rumors about Rob, your rival\",\"choiceNotMadeSummary\":\"\",\"attributeEffects\":[],\"metaEffects\":[{\"type\":6,\"name\":\"Honesty\",\"value\":1.0}],\"consequences\":[{\"statEffects\":[{\"type\":1,\"name\":\"Popularity\",\"value\":-10.0}],\"flagEffects\":[],\"consequenceText\":\"Looks like Rob spread a nasty rumor about you...\",\"anchorImage\":{\"description\":\"\",\"category\":\"\",\"filename\":\"\",\"flipX\":false,\"flipY\":false},\"characterImage\":{\"description\":\"\",\"category\":\"character\",\"filename\":\"Matt_Glaring\",\"flipX\":false,\"flipY\":false}},{\"statEffects\":[],\"flagEffects\":[],\"consequenceText\":\"But I'm glad you're being more 'presidential'!\",\"anchorImage\":{\"description\":\"\",\"category\":\"\",\"filename\":\"\",\"flipX\":false,\"flipY\":false},\"characterImage\":{\"description\":\"\",\"category\":\"character\",\"filename\":\"Sergeant_Neutral\",\"flipX\":false,\"flipY\":false}}],\"unlocks\":[],\"requirements\":[],\"secretUnlocked\":\"\"}],\"requirements\":[]},{\"decisionID\":\"ben_tense\",\"decisionText\":\"Ben will vote for you if you promise to make math classes longer. KIDS WILL HATE THAT. Should we tell him?\",\"speakerName\":\"\",\"type\":0,\"speakerImage\":{\"description\":\"\",\"category\":\"character\",\"filename\":\"Matt_Thinking\",\"flipX\":false,\"flipY\":false},\"anchorImage\":{\"description\":\"\",\"category\":\"\",\"filename\":\"\",\"flipX\":false,\"flipY\":false},\"choices\":[{\"choiceText\":\"No, just smile and nod\",\"choiceMadeSummary\":\"were not honest with Ben about his idea\",\"choiceNotMadeSummary\":\"\",\"attributeEffects\":[],\"metaEffects\":[{\"type\":6,\"name\":\"Slyness\",\"value\":1.0}],\"consequences\":[{\"statEffects\":[{\"type\":1,\"name\":\"Popularity\",\"value\":10.0}],\"flagEffects\":[],\"consequenceText\":\"Ben is very excited!\",\"anchorImage\":{\"description\":\"\",\"category\":\"\",\"filename\":\"\",\"flipX\":false,\"flipY\":false},\"characterImage\":{\"description\":\"\",\"category\":\"character\",\"filename\":\"Matt_Happy\",\"flipX\":false,\"flipY\":false}},{\"statEffects\":[{\"type\":1,\"name\":\"Popularity\",\"value\":-20.0}],\"flagEffects\":[],\"consequenceText\":\"But he was so excited he told everyone in his math class. The kids are not happy.\",\"anchorImage\":{\"description\":\"\",\"category\":\"\",\"filename\":\"\",\"flipX\":false,\"flipY\":false},\"characterImage\":{\"description\":\"\",\"category\":\"character\",\"filename\":\"Sergeant_Glaring\",\"flipX\":false,\"flipY\":false}}],\"unlocks\":[],\"requirements\":[],\"secretUnlocked\":\"calculated_risk\"},{\"choiceText\":\"Yes, tell him it's a terrible idea\",\"choiceMadeSummary\":\"were honest with Ben about his math class idea\",\"choiceNotMadeSummary\":\"\",\"attributeEffects\":[],\"metaEffects\":[{\"type\":6,\"name\":\"Honesty\",\"value\":1.0}],\"consequences\":[{\"statEffects\":[{\"type\":1,\"name\":\"Popularity\",\"value\":10.0}],\"flagEffects\":[],\"consequenceText\":\"We told Ben that we cannot do that and some kids overheard us. They like us now.\",\"anchorImage\":{\"description\":\"\",\"category\":\"\",\"filename\":\"\",\"flipX\":false,\"flipY\":false},\"characterImage\":{\"description\":\"\",\"category\":\"character\",\"filename\":\"Sergeant_Happy\",\"flipX\":false,\"flipY\":false}}],\"unlocks\":[],\"requirements\":[],\"secretUnlocked\":\"\"}],\"requirements\":[]},{\"decisionID\":\"cape_drape\",\"decisionText\":\"Let's cash in on your Nobleness and dress you up as a superhero for the big CLASS PRESIDENTIAL DEBATE.\",\"speakerName\":\"\",\"type\":2,\"speakerImage\":{\"description\":\"\",\"category\":\"character\",\"filename\":\"Matt_Excited\",\"flipX\":false,\"flipY\":false},\"anchorImage\":{\"description\":\"\",\"category\":\"\",\"filename\":\"\",\"flipX\":false,\"flipY\":false},\"choices\":[{\"choiceText\":\"Yes\",\"choiceMadeSummary\":\"dressed up as a superhero for the debate\",\"choiceNotMadeSummary\":\"\",\"attributeEffects\":[],\"metaEffects\":[],\"consequences\":[{\"statEffects\":[{\"type\":1,\"name\":\"Popularity\",\"value\":20.0}],\"flagEffects\":[],\"consequenceText\":\"Ohh! Everybody is excited to see who you're going to dress up as. You've already created a buzz.\",\"anchorImage\":{\"description\":\"\",\"category\":\"\",\"filename\":\"\",\"flipX\":false,\"flipY\":false},\"characterImage\":{\"description\":\"\",\"category\":\"character\",\"filename\":\"Matt_Excited\",\"flipX\":false,\"flipY\":false}}],\"unlocks\":[{\"property\":{\"type\":4,\"name\":\"choose_hero\",\"value\":0.0},\"doUnlock\":true}],\"requirements\":[],\"secretUnlocked\":\"\"},{\"choiceText\":\"No\",\"choiceMadeSummary\":\"refused to dress up as a superhero for the debate\",\"choiceNotMadeSummary\":\"\",\"attributeEffects\":[],\"metaEffects\":[],\"consequences\":[{\"statEffects\":[{\"type\":1,\"name\":\"Popularity\",\"value\":-10.0}],\"flagEffects\":[],\"consequenceText\":\"Uh-oh! Looks like Rob, is going to dress up as a superhero now. The kids are pretty excited!\",\"anchorImage\":{\"description\":\"\",\"category\":\"\",\"filename\":\"\",\"flipX\":false,\"flipY\":false},\"characterImage\":{\"description\":\"\",\"category\":\"character\",\"filename\":\"Sergeant_Uh-Oh\",\"flipX\":false,\"flipY\":false}}],\"unlocks\":[{\"property\":{\"type\":4,\"name\":\"speech_preach\",\"value\":0.0},\"doUnlock\":true}],\"requirements\":[],\"secretUnlocked\":\"\"}],\"requirements\":[{\"check\":{\"type\":3,\"name\":\"Nobleness\",\"value\":0.0},\"checkType\":5,\"comparePropName\":\"\"}]},{\"decisionID\":\"choose_hero\",\"decisionText\":\"Alright, so what superhero are you going to be?\",\"speakerName\":\"\",\"type\":1,\"speakerImage\":{\"description\":\"\",\"category\":\"character\",\"filename\":\"Sergeant_Thinking\",\"flipX\":false,\"flipY\":false},\"anchorImage\":{\"description\":\"\",\"category\":\"\",\"filename\":\"\",\"flipX\":false,\"flipY\":false},\"choices\":[{\"choiceText\":\"Captain Homework\",\"choiceMadeSummary\":\"dressed up as 'Captain Homework' for the debate\",\"choiceNotMadeSummary\":\"\",\"attributeEffects\":[],\"metaEffects\":[],\"consequences\":[{\"statEffects\":[{\"type\":1,\"name\":\"Popularity\",\"value\":-10.0}],\"flagEffects\":[],\"consequenceText\":\"Oh no! I don't think too many kids like the idea of a superhero called 'Captain Homework'.\",\"anchorImage\":{\"description\":\"\",\"category\":\"\",\"filename\":\"\",\"flipX\":false,\"flipY\":false},\"characterImage\":{\"description\":\"\",\"category\":\"character\",\"filename\":\"Sergeant_Uh-Oh\",\"flipX\":false,\"flipY\":false}}],\"unlocks\":[{\"property\":{\"type\":4,\"name\":\"captain_homework\",\"value\":0.0},\"doUnlock\":true}],\"requirements\":[],\"secretUnlocked\":\"\"},{\"choiceText\":\"Captain Recess\",\"choiceMadeSummary\":\"dressed up as 'Captain Recess' for the debate\",\"choiceNotMadeSummary\":\"\",\"attributeEffects\":[],\"metaEffects\":[],\"consequences\":[{\"statEffects\":[{\"type\":1,\"name\":\"Popularity\",\"value\":10.0}],\"flagEffects\":[],\"consequenceText\":\"The kids find the idea of a Captain Recess pretty funny!\",\"anchorImage\":{\"description\":\"\",\"category\":\"\",\"filename\":\"\",\"flipX\":false,\"flipY\":false},\"characterImage\":{\"description\":\"\",\"category\":\"character\",\"filename\":\"Sergeant_Happy\",\"flipX\":false,\"flipY\":false}}],\"unlocks\":[{\"property\":{\"type\":4,\"name\":\"captain_recess\",\"value\":0.0},\"doUnlock\":true}],\"requirements\":[],\"secretUnlocked\":\"\"}],\"requirements\":[{\"check\":{\"type\":4,\"name\":\"choose_hero\",\"value\":0.0},\"checkType\":0,\"comparePropName\":\"\"}]},{\"decisionID\":\"captain_homework\",\"decisionText\":\"Alright Captain Homework. You have the mic. Your rival, Rob, just asked you if you're going to do every kid's homework.\",\"speakerName\":\"\",\"type\":1,\"speakerImage\":{\"description\":\"\",\"category\":\"character\",\"filename\":\"Sergeant_Thinking\",\"flipX\":false,\"flipY\":false},\"anchorImage\":{\"description\":\"\",\"category\":\"\",\"filename\":\"\",\"flipX\":false,\"flipY\":false},\"choices\":[{\"choiceText\":\"Yes, I will try to help\",\"choiceMadeSummary\":\"told kids you'd help with their homework\",\"choiceNotMadeSummary\":\"\",\"attributeEffects\":[],\"metaEffects\":[],\"consequences\":[{\"statEffects\":[{\"type\":1,\"name\":\"Popularity\",\"value\":30.0}],\"flagEffects\":[],\"consequenceText\":\"That was a good answer! All the kids are cheering for you! Well done!\",\"anchorImage\":{\"description\":\"\",\"category\":\"\",\"filename\":\"\",\"flipX\":false,\"flipY\":false},\"characterImage\":{\"description\":\"\",\"category\":\"character\",\"filename\":\"Matt_Excited\",\"flipX\":false,\"flipY\":false}}],\"unlocks\":[{\"property\":{\"type\":4,\"name\":\"lieutenant_homework\",\"value\":0.0},\"doUnlock\":true}],\"requirements\":[],\"secretUnlocked\":\"\"},{\"choiceText\":\"Honestly, that's impossible\",\"choiceMadeSummary\":\"refused to do every kid's homework\",\"choiceNotMadeSummary\":\"\",\"attributeEffects\":[],\"metaEffects\":[],\"consequences\":[{\"statEffects\":[{\"type\":1,\"name\":\"Popularity\",\"value\":-10.0}],\"flagEffects\":[],\"consequenceText\":\"Oops! The rival is shouting \\\"Captain Homework Won't Do Any Homework BOOOO!\\\"\",\"anchorImage\":{\"description\":\"\",\"category\":\"\",\"filename\":\"\",\"flipX\":false,\"flipY\":false},\"characterImage\":{\"description\":\"\",\"category\":\"character\",\"filename\":\"Sergeant_Glaring\",\"flipX\":false,\"flipY\":false}},{\"statEffects\":[{\"type\":1,\"name\":\"Popularity\",\"value\":-10.0}],\"flagEffects\":[],\"consequenceText\":\"And the kids are joining in!\",\"anchorImage\":{\"description\":\"\",\"category\":\"\",\"filename\":\"\",\"flipX\":false,\"flipY\":false},\"characterImage\":{\"description\":\"\",\"category\":\"character\",\"filename\":\"Sergeant_Sad\",\"flipX\":false,\"flipY\":false}}],\"unlocks\":[{\"property\":{\"type\":4,\"name\":\"lieutenant_homework\",\"value\":0.0},\"doUnlock\":true}],\"requirements\":[],\"secretUnlocked\":\"\"}],\"requirements\":[{\"check\":{\"type\":4,\"name\":\"captain_homework\",\"value\":0.0},\"checkType\":0,\"comparePropName\":\"\"}]},{\"decisionID\":\"captain_recess\",\"decisionText\":\"The kids are all cheering for you Captain Recess! But your rival, Rob, just asked if you will make the recess longer.\",\"speakerName\":\"\",\"type\":1,\"speakerImage\":{\"description\":\"\",\"category\":\"character\",\"filename\":\"Sergeant_Happy\",\"flipX\":false,\"flipY\":false},\"anchorImage\":{\"description\":\"\",\"category\":\"\",\"filename\":\"\",\"flipX\":false,\"flipY\":false},\"choices\":[{\"choiceText\":\"I promise I'll try!\",\"choiceMadeSummary\":\"Promised to make recess longer\",\"choiceNotMadeSummary\":\"\",\"attributeEffects\":[],\"metaEffects\":[],\"consequences\":[{\"statEffects\":[{\"type\":1,\"name\":\"Popularity\",\"value\":-10.0}],\"flagEffects\":[],\"consequenceText\":\"Oh no! Just as you said yes a teacher stood up and said you can't do that. It's all pretty awkward.\",\"anchorImage\":{\"description\":\"\",\"category\":\"\",\"filename\":\"\",\"flipX\":false,\"flipY\":false},\"characterImage\":{\"description\":\"\",\"category\":\"character\",\"filename\":\"Sergeant_Uh-Oh\",\"flipX\":false,\"flipY\":false}}],\"unlocks\":[{\"property\":{\"type\":4,\"name\":\"lieutenant_recess\",\"value\":0.0},\"doUnlock\":true}],\"requirements\":[],\"secretUnlocked\":\"\"},{\"choiceText\":\"No, but I can make it more fun!\",\"choiceMadeSummary\":\"told kids you will make recess more fun\",\"choiceNotMadeSummary\":\"\",\"attributeEffects\":[],\"metaEffects\":[],\"consequences\":[{\"statEffects\":[{\"type\":1,\"name\":\"Popularity\",\"value\":30.0}],\"flagEffects\":[],\"consequenceText\":\"Haha! The kids loved your answer! Cheers!\",\"anchorImage\":{\"description\":\"\",\"category\":\"\",\"filename\":\"\",\"flipX\":false,\"flipY\":false},\"characterImage\":{\"description\":\"\",\"category\":\"character\",\"filename\":\"Sergeant_Excited\",\"flipX\":false,\"flipY\":false}}],\"unlocks\":[{\"property\":{\"type\":4,\"name\":\"lieutenant_recess\",\"value\":0.0},\"doUnlock\":true}],\"requirements\":[],\"secretUnlocked\":\"\"}],\"requirements\":[{\"check\":{\"type\":4,\"name\":\"captain_recess\",\"value\":0.0},\"checkType\":0,\"comparePropName\":\"\"}]},{\"decisionID\":\"speech_preach\",\"decisionText\":\"Alright so we don't have a superhero costume to impress the kids. I guess our speech will need to be superb. What do we say?\",\"speakerName\":\"\",\"type\":1,\"speakerImage\":{\"description\":\"\",\"category\":\"character\",\"filename\":\"Sergeant_Thinking\",\"flipX\":false,\"flipY\":false},\"anchorImage\":{\"description\":\"\",\"category\":\"\",\"filename\":\"\",\"flipX\":false,\"flipY\":false},\"choices\":[{\"choiceText\":\"\\\"I will be a fun and fair President\\\"\",\"choiceMadeSummary\":\"told kids you will be a fun and fair President\",\"choiceNotMadeSummary\":\"\",\"attributeEffects\":[],\"metaEffects\":[],\"consequences\":[{\"statEffects\":[{\"type\":1,\"name\":\"Popularity\",\"value\":30.0}],\"flagEffects\":[],\"consequenceText\":\"Well done! The kids liked your simple approach.\",\"anchorImage\":{\"description\":\"\",\"category\":\"\",\"filename\":\"\",\"flipX\":false,\"flipY\":false},\"characterImage\":{\"description\":\"\",\"category\":\"character\",\"filename\":\"Sergeant_Happy\",\"flipX\":false,\"flipY\":false}}],\"unlocks\":[{\"property\":{\"type\":4,\"name\":\"fun_fair\",\"value\":0.0},\"doUnlock\":true}],\"requirements\":[],\"secretUnlocked\":\"\"},{\"choiceText\":\"\\\"I've wanted to be Class President all my life!\\\"\",\"choiceMadeSummary\":\"told kids you've wanted to be President since forever\",\"choiceNotMadeSummary\":\"\",\"attributeEffects\":[],\"metaEffects\":[],\"consequences\":[{\"statEffects\":[{\"type\":1,\"name\":\"Popularity\",\"value\":10.0}],\"flagEffects\":[],\"consequenceText\":\"Your supporters liked that. They are cheering hard to help you win.\",\"anchorImage\":{\"description\":\"\",\"category\":\"\",\"filename\":\"\",\"flipX\":false,\"flipY\":false},\"characterImage\":{\"description\":\"\",\"category\":\"character\",\"filename\":\"Sergeant_Happy\",\"flipX\":false,\"flipY\":false}}],\"unlocks\":[{\"property\":{\"type\":4,\"name\":\"presidential_dream\",\"value\":0.0},\"doUnlock\":true},{\"property\":{\"type\":4,\"name\":\"lifelong_dream\",\"value\":0.0},\"doUnlock\":true}],\"requirements\":[],\"secretUnlocked\":\"\"}],\"requirements\":[{\"check\":{\"type\":4,\"name\":\"speech_preach\",\"value\":0.0},\"checkType\":0,\"comparePropName\":\"\"}]},{\"decisionID\":\"fun_fair\",\"decisionText\":\"Your rival just asked- \\\"So you're fun huh? Why aren't you in a superhero costume?\\\"\",\"speakerName\":\"\",\"type\":1,\"speakerImage\":{\"description\":\"\",\"category\":\"character\",\"filename\":\"Sergeant_Neutral\",\"flipX\":false,\"flipY\":false},\"anchorImage\":{\"description\":\"\",\"category\":\"\",\"filename\":\"\",\"flipX\":false,\"flipY\":false},\"choices\":[{\"choiceText\":\"\\\"Honestly, I don't really like Superheroes'\\\"\",\"choiceMadeSummary\":\"said \\\"Superheroes are lame\\\"\",\"choiceNotMadeSummary\":\"\",\"attributeEffects\":[],\"metaEffects\":[],\"consequences\":[{\"statEffects\":[{\"type\":1,\"name\":\"Popularity\",\"value\":-20.0}],\"flagEffects\":[],\"consequenceText\":\"WHAT!? The kids didn't like that! They're Boo-ing you!\",\"anchorImage\":{\"description\":\"\",\"category\":\"\",\"filename\":\"\",\"flipX\":false,\"flipY\":false},\"characterImage\":{\"description\":\"\",\"category\":\"character\",\"filename\":\"Matt_Glaring\",\"flipX\":false,\"flipY\":false}}],\"unlocks\":[{\"property\":{\"type\":4,\"name\":\"fun_president\",\"value\":0.0},\"doUnlock\":true}],\"requirements\":[],\"secretUnlocked\":\"\"},{\"choiceText\":\"\\\"My voters are the superheroes\\\"\",\"choiceMadeSummary\":\"told Rob that your voters were your Superheroes\",\"choiceNotMadeSummary\":\"\",\"attributeEffects\":[],\"metaEffects\":[],\"consequences\":[{\"statEffects\":[{\"type\":1,\"name\":\"Popularity\",\"value\":30.0}],\"flagEffects\":[],\"consequenceText\":\"Brilliant! The kids loved that!\",\"anchorImage\":{\"description\":\"\",\"category\":\"\",\"filename\":\"\",\"flipX\":false,\"flipY\":false},\"characterImage\":{\"description\":\"\",\"category\":\"character\",\"filename\":\"Sergeant_Excited\",\"flipX\":false,\"flipY\":false}}],\"unlocks\":[{\"property\":{\"type\":4,\"name\":\"fun_president\",\"value\":0.0},\"doUnlock\":true}],\"requirements\":[],\"secretUnlocked\":\"\"}],\"requirements\":[{\"check\":{\"type\":4,\"name\":\"fun_fair\",\"value\":0.0},\"checkType\":0,\"comparePropName\":\"\"}]},{\"decisionID\":\"presidential_dream\",\"decisionText\":\"Your rival just shouted- \\\"We don't care about your dream. Tell us what you'll do for us!\\\"\",\"speakerName\":\"\",\"type\":1,\"speakerImage\":{\"description\":\"\",\"category\":\"character\",\"filename\":\"Matt_Thinking\",\"flipX\":false,\"flipY\":false},\"anchorImage\":{\"description\":\"\",\"category\":\"\",\"filename\":\"\",\"flipX\":false,\"flipY\":false},\"choices\":[{\"choiceText\":\"I'll put a chocolate fountain in the cafeteria\",\"choiceMadeSummary\":\"promised to put a chocolate fountain in the cafeteria\",\"choiceNotMadeSummary\":\"\",\"attributeEffects\":[],\"metaEffects\":[],\"consequences\":[{\"statEffects\":[{\"type\":1,\"name\":\"Popularity\",\"value\":10.0}],\"flagEffects\":[],\"consequenceText\":\"Wow! Some kids got very excited by that idea! They're clapping hard.\",\"anchorImage\":{\"description\":\"\",\"category\":\"\",\"filename\":\"\",\"flipX\":false,\"flipY\":false},\"characterImage\":{\"description\":\"\",\"category\":\"character\",\"filename\":\"Matt_Excited\",\"flipX\":false,\"flipY\":false}},{\"statEffects\":[{\"type\":1,\"name\":\"Popularity\",\"value\":-10.0}],\"flagEffects\":[],\"consequenceText\":\"But our janitor spoke up and said it'll ruin the plumbing. Your supporters are feeling bitter now.\",\"anchorImage\":{\"description\":\"\",\"category\":\"\",\"filename\":\"\",\"flipX\":false,\"flipY\":false},\"characterImage\":{\"description\":\"\",\"category\":\"character\",\"filename\":\"Sergeant_Uh-Oh\",\"flipX\":false,\"flipY\":false}}],\"unlocks\":[{\"property\":{\"type\":4,\"name\":\"lifelong_dream\",\"value\":0.0},\"doUnlock\":true}],\"requirements\":[],\"secretUnlocked\":\"\"},{\"choiceText\":\"I'll try to get us more field trips\",\"choiceMadeSummary\":\"told kids you will try to organise more field trips\",\"choiceNotMadeSummary\":\"\",\"attributeEffects\":[],\"metaEffects\":[],\"consequences\":[{\"statEffects\":[{\"type\":1,\"name\":\"Popularity\",\"value\":20.0}],\"flagEffects\":[],\"consequenceText\":\"Many kids loved that idea of going out more. They're cheering for you!\",\"anchorImage\":{\"description\":\"\",\"category\":\"\",\"filename\":\"\",\"flipX\":false,\"flipY\":false},\"characterImage\":{\"description\":\"\",\"category\":\"character\",\"filename\":\"Sergeant_Happy\",\"flipX\":false,\"flipY\":false}}],\"unlocks\":[],\"requirements\":[],\"secretUnlocked\":\"\"}],\"requirements\":[{\"check\":{\"type\":4,\"name\":\"presidential_dream\",\"value\":0.0},\"checkType\":0,\"comparePropName\":\"\"}]},{\"decisionID\":\"trump_cards\",\"decisionText\":\"It's VOTING DAY! Your Craftiness has gotten you this far! BUT it looks like your rival, Rob, is going to win. We have only two options now:\",\"speakerName\":\"\",\"type\":2,\"speakerImage\":{\"description\":\"\",\"category\":\"character\",\"filename\":\"Matt_Thinking\",\"flipX\":false,\"flipY\":false},\"anchorImage\":{\"description\":\"\",\"category\":\"\",\"filename\":\"\",\"flipX\":false,\"flipY\":false},\"choices\":[{\"choiceText\":\"Sneak into the voting booth\",\"choiceMadeSummary\":\"snuck into the voting booth to mess with the votes\",\"choiceNotMadeSummary\":\"\",\"attributeEffects\":[],\"metaEffects\":[],\"consequences\":[{\"statEffects\":[{\"type\":1,\"name\":\"Popularity\",\"value\":-10.0}],\"flagEffects\":[],\"consequenceText\":\"Someone saw you sneaking in. They've realised you're up to something.\",\"anchorImage\":{\"description\":\"\",\"category\":\"\",\"filename\":\"\",\"flipX\":false,\"flipY\":false},\"characterImage\":{\"description\":\"\",\"category\":\"character\",\"filename\":\"Sergeant_Glaring\",\"flipX\":false,\"flipY\":false}},{\"statEffects\":[{\"type\":1,\"name\":\"Popularity\",\"value\":30.0}],\"flagEffects\":[],\"consequenceText\":\"We told them you were making sure the voting box was taped up properly. Everyone thinks you're very responsible!\",\"anchorImage\":{\"description\":\"\",\"category\":\"\",\"filename\":\"\",\"flipX\":false,\"flipY\":false},\"characterImage\":{\"description\":\"\",\"category\":\"character\",\"filename\":\"Matt_Smirk\",\"flipX\":false,\"flipY\":false}}],\"unlocks\":[{\"property\":{\"type\":4,\"name\":\"vote_retort\",\"value\":0.0},\"doUnlock\":true}],\"requirements\":[],\"secretUnlocked\":\"\"},{\"choiceText\":\"Make a deal with your rival, Rob\",\"choiceMadeSummary\":\"made a deal with your rival to win the election\",\"choiceNotMadeSummary\":\"\",\"attributeEffects\":[],\"metaEffects\":[],\"consequences\":[{\"statEffects\":[{\"type\":1,\"name\":\"Popularity\",\"value\":20.0}],\"flagEffects\":[],\"consequenceText\":\"We went to make a deal, but everyone thinks we are showing great spirit by talking to our rival.\",\"anchorImage\":{\"description\":\"\",\"category\":\"\",\"filename\":\"\",\"flipX\":false,\"flipY\":false},\"characterImage\":{\"description\":\"\",\"category\":\"character\",\"filename\":\"Matt_Smirk\",\"flipX\":false,\"flipY\":false}}],\"unlocks\":[{\"property\":{\"type\":4,\"name\":\"steal_deal\",\"value\":0.0},\"doUnlock\":true}],\"requirements\":[],\"secretUnlocked\":\"\"}],\"requirements\":[{\"check\":{\"type\":3,\"name\":\"Craftiness\",\"value\":0.0},\"checkType\":5,\"comparePropName\":\"\"}]},{\"decisionID\":\"vote_retort\",\"decisionText\":\"The voting box is in front of us. What do we do now?\",\"speakerName\":\"\",\"type\":1,\"speakerImage\":{\"description\":\"\",\"category\":\"character\",\"filename\":\"Matt_Thinking\",\"flipX\":false,\"flipY\":false},\"anchorImage\":{\"description\":\"\",\"category\":\"\",\"filename\":\"\",\"flipX\":false,\"flipY\":false},\"choices\":[{\"choiceText\":\"Add extra votes for yourself\",\"choiceMadeSummary\":\"sneakily added extra votes for yourself\",\"choiceNotMadeSummary\":\"\",\"attributeEffects\":[],\"metaEffects\":[],\"consequences\":[{\"statEffects\":[{\"type\":1,\"name\":\"Popularity\",\"value\":20.0}],\"flagEffects\":[],\"consequenceText\":\"Hahaha! The kids are impressed by how confidently you're walking around now. You're more popular now!\",\"anchorImage\":{\"description\":\"\",\"category\":\"\",\"filename\":\"\",\"flipX\":false,\"flipY\":false},\"characterImage\":{\"description\":\"\",\"category\":\"character\",\"filename\":\"Matt_Excited\",\"flipX\":false,\"flipY\":false}}],\"unlocks\":[{\"property\":{\"type\":4,\"name\":\"extra_votes\",\"value\":0.0},\"doUnlock\":true}],\"requirements\":[],\"secretUnlocked\":\"\"},{\"choiceText\":\"Destroy the votes to your rival, Rob\",\"choiceMadeSummary\":\"destroyed votes for Rob\",\"choiceNotMadeSummary\":\"\",\"attributeEffects\":[],\"metaEffects\":[],\"consequences\":[{\"statEffects\":[{\"type\":1,\"name\":\"Popularity\",\"value\":20.0}],\"flagEffects\":[],\"consequenceText\":\"You look so much more confident than your rivals now.The kids love it!\",\"anchorImage\":{\"description\":\"\",\"category\":\"\",\"filename\":\"\",\"flipX\":false,\"flipY\":false},\"characterImage\":{\"description\":\"\",\"category\":\"character\",\"filename\":\"Matt_Excited\",\"flipX\":false,\"flipY\":false}}],\"unlocks\":[{\"property\":{\"type\":4,\"name\":\"vote_slasher\",\"value\":0.0},\"doUnlock\":true}],\"requirements\":[],\"secretUnlocked\":\"\"}],\"requirements\":[{\"check\":{\"type\":4,\"name\":\"vote_retort\",\"value\":0.0},\"checkType\":0,\"comparePropName\":\"\"}]},{\"decisionID\":\"extra_votes\",\"decisionText\":\"Oh no! A teacher realised the voting numbers don't add up. She is asking you if you added extra votes...\",\"speakerName\":\"\",\"type\":1,\"speakerImage\":{\"description\":\"\",\"category\":\"character\",\"filename\":\"Sergeant_Glaring\",\"flipX\":false,\"flipY\":false},\"anchorImage\":{\"description\":\"\",\"category\":\"\",\"filename\":\"\",\"flipX\":false,\"flipY\":false},\"choices\":[{\"choiceText\":\"Strike a deal with the teacher\",\"choiceMadeSummary\":\"admitted to adding fake votes\",\"choiceNotMadeSummary\":\"\",\"attributeEffects\":[],\"metaEffects\":[],\"consequences\":[{\"statEffects\":[{\"type\":1,\"name\":\"Popularity\",\"value\":20.0}],\"flagEffects\":[],\"consequenceText\":\"We offered to help her organise a fair revote. She agreed. She's not telling anyone.\",\"anchorImage\":{\"description\":\"\",\"category\":\"\",\"filename\":\"\",\"flipX\":false,\"flipY\":false},\"characterImage\":{\"description\":\"\",\"category\":\"character\",\"filename\":\"Sergeant_Neutral\",\"flipX\":false,\"flipY\":false}}],\"unlocks\":[{\"property\":{\"type\":4,\"name\":\"number_dumber\",\"value\":0.0},\"doUnlock\":true}],\"requirements\":[],\"secretUnlocked\":\"\"},{\"choiceText\":\"No, deny it\",\"choiceMadeSummary\":\"didn't admit to sneakily adding extra votes for yourself\",\"choiceNotMadeSummary\":\"\",\"attributeEffects\":[],\"metaEffects\":[],\"consequences\":[{\"statEffects\":[{\"type\":1,\"name\":\"Popularity\",\"value\":-10.0}],\"flagEffects\":[],\"consequenceText\":\"The teacher didn't look very convinced ... and then some kids said they saw you entering the booth.\",\"anchorImage\":{\"description\":\"\",\"category\":\"\",\"filename\":\"\",\"flipX\":false,\"flipY\":false},\"characterImage\":{\"description\":\"\",\"category\":\"character\",\"filename\":\"Sergeant_Intense\",\"flipX\":false,\"flipY\":false}}],\"unlocks\":[{\"property\":{\"type\":4,\"name\":\"number_dumber\",\"value\":0.0},\"doUnlock\":true}],\"requirements\":[],\"secretUnlocked\":\"\"}],\"requirements\":[{\"check\":{\"type\":4,\"name\":\"extra_votes\",\"value\":0.0},\"checkType\":0,\"comparePropName\":\"\"}]},{\"decisionID\":\"vote_slasher\",\"decisionText\":\"The teacher just announced that your rival, Rob, got zero votes. Rob says that's impossible because he voted for himself. There is an awkward silence all around.\",\"speakerName\":\"\",\"type\":1,\"speakerImage\":{\"description\":\"\",\"category\":\"character\",\"filename\":\"Sergeant_Thinking\",\"flipX\":false,\"flipY\":false},\"anchorImage\":{\"description\":\"\",\"category\":\"\",\"filename\":\"\",\"flipX\":false,\"flipY\":false},\"choices\":[{\"choiceText\":\"Ask for a revote, so nobody suspects you\",\"choiceMadeSummary\":\"asked for a revote to cover your own tracks\",\"choiceNotMadeSummary\":\"\",\"attributeEffects\":[],\"metaEffects\":[],\"consequences\":[{\"statEffects\":[{\"type\":1,\"name\":\"Popularity\",\"value\":10.0}],\"flagEffects\":[],\"consequenceText\":\"Ha! People think you're so noble!\",\"anchorImage\":{\"description\":\"\",\"category\":\"\",\"filename\":\"\",\"flipX\":false,\"flipY\":false},\"characterImage\":{\"description\":\"\",\"category\":\"character\",\"filename\":\"Matt_Smirk\",\"flipX\":false,\"flipY\":false}},{\"statEffects\":[{\"type\":1,\"name\":\"Popularity\",\"value\":-10.0}],\"flagEffects\":[],\"consequenceText\":\"But most of Rob's supporters are going to vote for him again.\",\"anchorImage\":{\"description\":\"\",\"category\":\"\",\"filename\":\"\",\"flipX\":false,\"flipY\":false},\"characterImage\":{\"description\":\"\",\"category\":\"character\",\"filename\":\"Sergeant_Neutral\",\"flipX\":false,\"flipY\":false}}],\"unlocks\":[{\"property\":{\"type\":4,\"name\":\"slash_mash\",\"value\":0.0},\"doUnlock\":true}],\"requirements\":[],\"secretUnlocked\":\"\"},{\"choiceText\":\"Say nothing\",\"choiceMadeSummary\":\"didn't confess to destroying votes to Rob\",\"choiceNotMadeSummary\":\"\",\"attributeEffects\":[],\"metaEffects\":[],\"consequences\":[{\"statEffects\":[{\"type\":1,\"name\":\"Popularity\",\"value\":-10.0}],\"flagEffects\":[],\"consequenceText\":\"Oops... some kid just said they saw you entering the booth... everybody is looking at you suspiciouCrafty.\",\"anchorImage\":{\"description\":\"\",\"category\":\"\",\"filename\":\"\",\"flipX\":false,\"flipY\":false},\"characterImage\":{\"description\":\"\",\"category\":\"character\",\"filename\":\"Matt_Uh-Oh\",\"flipX\":false,\"flipY\":false}}],\"unlocks\":[{\"property\":{\"type\":4,\"name\":\"slash_mash\",\"value\":0.0},\"doUnlock\":true}],\"requirements\":[],\"secretUnlocked\":\"\"}],\"requirements\":[{\"check\":{\"type\":4,\"name\":\"vote_slasher\",\"value\":0.0},\"checkType\":0,\"comparePropName\":\"\"}]},{\"decisionID\":\"steal_deal\",\"decisionText\":\"Alright we've taken Rob to the side. What do we offer him in exchange for letting us win?\",\"speakerName\":\"\",\"type\":1,\"speakerImage\":{\"description\":\"\",\"category\":\"character\",\"filename\":\"Matt_Thinking\",\"flipX\":false,\"flipY\":false},\"anchorImage\":{\"description\":\"\",\"category\":\"\",\"filename\":\"\",\"flipX\":false,\"flipY\":false},\"choices\":[{\"choiceText\":\"We will make him Class Vice President\",\"choiceMadeSummary\":\"bribed Rob with Vice Presidentship\",\"choiceNotMadeSummary\":\"\",\"attributeEffects\":[],\"metaEffects\":[],\"consequences\":[{\"statEffects\":[{\"type\":1,\"name\":\"Popularity\",\"value\":10.0}],\"flagEffects\":[],\"consequenceText\":\"Your supporters are glad you managed to convince Rob to step down.\",\"anchorImage\":{\"description\":\"\",\"category\":\"\",\"filename\":\"\",\"flipX\":false,\"flipY\":false},\"characterImage\":{\"description\":\"\",\"category\":\"character\",\"filename\":\"Sergeant_Happy\",\"flipX\":false,\"flipY\":false}},{\"statEffects\":[{\"type\":1,\"name\":\"Popularity\",\"value\":-20.0}],\"flagEffects\":[],\"consequenceText\":\"But Rob's supporters are pretty angry with you. And so is the Principal; who doesn't think a Vice Class President is required.\",\"anchorImage\":{\"description\":\"\",\"category\":\"\",\"filename\":\"\",\"flipX\":false,\"flipY\":false},\"characterImage\":{\"description\":\"\",\"category\":\"character\",\"filename\":\"Sergeant_Uh-Oh\",\"flipX\":false,\"flipY\":false}}],\"unlocks\":[{\"property\":{\"type\":4,\"name\":\"vice_price\",\"value\":0.0},\"doUnlock\":true}],\"requirements\":[],\"secretUnlocked\":\"\"},{\"choiceText\":\"Tell him you will do anything for him\",\"choiceMadeSummary\":\"told Rob you would do anything if he stepped down\",\"choiceNotMadeSummary\":\"\",\"attributeEffects\":[],\"metaEffects\":[],\"consequences\":[{\"statEffects\":[{\"type\":1,\"name\":\"Popularity\",\"value\":20.0}],\"flagEffects\":[],\"consequenceText\":\"Rob agreed at once. He told all the kids he is stepping down because you are the better candidate. Wow!\",\"anchorImage\":{\"description\":\"\",\"category\":\"\",\"filename\":\"\",\"flipX\":false,\"flipY\":false},\"characterImage\":{\"description\":\"\",\"category\":\"character\",\"filename\":\"Matt_Excited\",\"flipX\":false,\"flipY\":false}}],\"unlocks\":[{\"property\":{\"type\":4,\"name\":\"shady_baby\",\"value\":0.0},\"doUnlock\":true}],\"requirements\":[],\"secretUnlocked\":\"\"}],\"requirements\":[{\"check\":{\"type\":4,\"name\":\"steal_deal\",\"value\":0.0},\"checkType\":0,\"comparePropName\":\"\"}]},{\"decisionID\":\"vice_price\",\"decisionText\":\"So the Principal says we don't need a Vice President. The kids want to know: Why did you make the promise without checking with the Principal?\",\"speakerName\":\"\",\"type\":1,\"speakerImage\":{\"description\":\"\",\"category\":\"character\",\"filename\":\"Matt_Confused\",\"flipX\":false,\"flipY\":false},\"anchorImage\":{\"description\":\"\",\"category\":\"\",\"filename\":\"\",\"flipX\":false,\"flipY\":false},\"choices\":[{\"choiceText\":\"\\\"The Principal lied\\\"\",\"choiceMadeSummary\":\"lied to kids about the Principal lying to you\",\"choiceNotMadeSummary\":\"\",\"attributeEffects\":[],\"metaEffects\":[],\"consequences\":[{\"statEffects\":[{\"type\":1,\"name\":\"Popularity\",\"value\":-10.0}],\"flagEffects\":[],\"consequenceText\":\"Nobody was going to believe that.\",\"anchorImage\":{\"description\":\"\",\"category\":\"\",\"filename\":\"\",\"flipX\":false,\"flipY\":false},\"characterImage\":{\"description\":\"\",\"category\":\"character\",\"filename\":\"Sergeant_Glaring\",\"flipX\":false,\"flipY\":false}}],\"unlocks\":[{\"property\":{\"type\":4,\"name\":\"spice_vice\",\"value\":0.0},\"doUnlock\":true}],\"requirements\":[],\"secretUnlocked\":\"\"},{\"choiceText\":\"\\\"Hey Rob has been lying too\\\"\",\"choiceMadeSummary\":\"didn't lie about the Principal\",\"choiceNotMadeSummary\":\"\",\"attributeEffects\":[],\"metaEffects\":[],\"consequences\":[{\"statEffects\":[{\"type\":1,\"name\":\"Popularity\",\"value\":20.0}],\"flagEffects\":[],\"consequenceText\":\"Some kids agreed with that. Everybody's talking about how winning elections isn't possible without lying.\",\"anchorImage\":{\"description\":\"\",\"category\":\"\",\"filename\":\"\",\"flipX\":false,\"flipY\":false},\"characterImage\":{\"description\":\"\",\"category\":\"character\",\"filename\":\"Sergeant_Awkward\",\"flipX\":false,\"flipY\":false}}],\"unlocks\":[{\"property\":{\"type\":4,\"name\":\"spice_vice\",\"value\":0.0},\"doUnlock\":true}],\"requirements\":[],\"secretUnlocked\":\"\"}],\"requirements\":[{\"check\":{\"type\":4,\"name\":\"vice_price\",\"value\":0.0},\"checkType\":0,\"comparePropName\":\"\"}]},{\"decisionID\":\"shady_baby\",\"decisionText\":\"Oh! Rob has decided what his favor is going to be. He wants you to steal all the kids' assignments from the Principal's office. Agreed?\",\"speakerName\":\"\",\"type\":1,\"speakerImage\":{\"description\":\"\",\"category\":\"character\",\"filename\":\"Matt_Thinking\",\"flipX\":false,\"flipY\":false},\"anchorImage\":{\"description\":\"\",\"category\":\"\",\"filename\":\"\",\"flipX\":false,\"flipY\":false},\"choices\":[{\"choiceText\":\"Yes, anything to win\",\"choiceMadeSummary\":\"told rob you would steal assignments for him\",\"choiceNotMadeSummary\":\"\",\"attributeEffects\":[],\"metaEffects\":[],\"consequences\":[{\"statEffects\":[{\"type\":1,\"name\":\"Popularity\",\"value\":-20.0}],\"flagEffects\":[],\"consequenceText\":\"Oh no! Rob tricked us. He was sneakily recording our answer and now he is sharing it with the whole school!\",\"anchorImage\":{\"description\":\"\",\"category\":\"\",\"filename\":\"\",\"flipX\":false,\"flipY\":false},\"characterImage\":{\"description\":\"\",\"category\":\"character\",\"filename\":\"Matt_Angry\",\"flipX\":false,\"flipY\":false}}],\"unlocks\":[{\"property\":{\"type\":4,\"name\":\"favor_flavor\",\"value\":0.0},\"doUnlock\":true}],\"requirements\":[],\"secretUnlocked\":\"\"},{\"choiceText\":\"Nope too risky\",\"choiceMadeSummary\":\"refused to sneak into the Principal's office to steal assignments\",\"choiceNotMadeSummary\":\"\",\"attributeEffects\":[],\"metaEffects\":[],\"consequences\":[{\"statEffects\":[{\"type\":1,\"name\":\"Popularity\",\"value\":-10.0}],\"flagEffects\":[],\"consequenceText\":\"Oh no! Rob was secretly recording our conversation!\",\"anchorImage\":{\"description\":\"\",\"category\":\"\",\"filename\":\"\",\"flipX\":false,\"flipY\":false},\"characterImage\":{\"description\":\"\",\"category\":\"character\",\"filename\":\"Sergeant_Angry\",\"flipX\":false,\"flipY\":false}},{\"statEffects\":[{\"type\":1,\"name\":\"Popularity\",\"value\":20.0}],\"flagEffects\":[],\"consequenceText\":\"But wait! You refused his offer! He can't make you look bad now.\",\"anchorImage\":{\"description\":\"\",\"category\":\"\",\"filename\":\"\",\"flipX\":false,\"flipY\":false},\"characterImage\":{\"description\":\"\",\"category\":\"character\",\"filename\":\"Sergeant_Smirk\",\"flipX\":false,\"flipY\":false}}],\"unlocks\":[{\"property\":{\"type\":4,\"name\":\"favor_flavor\",\"value\":0.0},\"doUnlock\":true}],\"requirements\":[],\"secretUnlocked\":\"\"}],\"requirements\":[{\"check\":{\"type\":4,\"name\":\"shady_baby\",\"value\":0.0},\"checkType\":0,\"comparePropName\":\"\"}]},{\"decisionID\":\"vicious_cycle\",\"decisionText\":\"Rob, your rival, rides his bicycle around town after school and asks for votes. Let's deflate his tyres during recess?\",\"speakerName\":\"\",\"type\":0,\"speakerImage\":{\"description\":\"\",\"category\":\"character\",\"filename\":\"Matt_Smirk\",\"flipX\":false,\"flipY\":false},\"anchorImage\":{\"description\":\"\",\"category\":\"\",\"filename\":\"\",\"flipX\":false,\"flipY\":false},\"choices\":[{\"choiceText\":\"Yes\",\"choiceMadeSummary\":\"sneakily deflated Rob's bicycle tires\",\"choiceNotMadeSummary\":\"\",\"attributeEffects\":[],\"metaEffects\":[{\"type\":6,\"name\":\"Sneakiness\",\"value\":1.0}],\"consequences\":[{\"statEffects\":[{\"type\":1,\"name\":\"Popularity\",\"value\":10.0}],\"flagEffects\":[],\"consequenceText\":\"Ha! We energised our chances while Rob dragged his cycle for miles and almost fainted.\",\"anchorImage\":{\"description\":\"\",\"category\":\"\",\"filename\":\"\",\"flipX\":false,\"flipY\":false},\"characterImage\":{\"description\":\"\",\"category\":\"character\",\"filename\":\"Matt_Happy\",\"flipX\":false,\"flipY\":false}}],\"unlocks\":[],\"requirements\":[],\"secretUnlocked\":\"thug_pedaler\"},{\"choiceText\":\"No\",\"choiceMadeSummary\":\"didn't deflate Rob's bicycle tyres to sabotage him\",\"choiceNotMadeSummary\":\"\",\"attributeEffects\":[],\"metaEffects\":[{\"type\":6,\"name\":\"Justice\",\"value\":1.0}],\"consequences\":[{\"statEffects\":[{\"type\":1,\"name\":\"Popularity\",\"value\":-10.0}],\"flagEffects\":[],\"consequenceText\":\"Looks like he's going to pedal his way into everyone's hearts... but atleast we aren't being ridden off to detention!\",\"anchorImage\":{\"description\":\"\",\"category\":\"\",\"filename\":\"\",\"flipX\":false,\"flipY\":false},\"characterImage\":{\"description\":\"\",\"category\":\"character\",\"filename\":\"Sergeant_Thinking\",\"flipX\":false,\"flipY\":false}}],\"unlocks\":[],\"requirements\":[],\"secretUnlocked\":\"\"}],\"requirements\":[]},{\"decisionID\":\"poster_imposter\",\"decisionText\":\"I just saw one of Rob's supporters tearing off one of your posters. Let's go tear down Rob's posters!\",\"speakerName\":\"\",\"type\":0,\"speakerImage\":{\"description\":\"\",\"category\":\"character\",\"filename\":\"Matt_Angry\",\"flipX\":false,\"flipY\":false},\"anchorImage\":{\"description\":\"\",\"category\":\"\",\"filename\":\"\",\"flipX\":false,\"flipY\":false},\"choices\":[{\"choiceText\":\"Yes\",\"choiceMadeSummary\":\"tore down Rob's posters to take revenge\",\"choiceNotMadeSummary\":\"\",\"attributeEffects\":[],\"metaEffects\":[{\"type\":6,\"name\":\"Slyness\",\"value\":1.0}],\"consequences\":[{\"statEffects\":[{\"type\":1,\"name\":\"Popularity\",\"value\":-10.0}],\"flagEffects\":[],\"consequenceText\":\"We ended up tearing down every Rob poster in the hallway. Some of our own supporters didn't like that.\",\"anchorImage\":{\"description\":\"\",\"category\":\"\",\"filename\":\"\",\"flipX\":false,\"flipY\":false},\"characterImage\":{\"description\":\"\",\"category\":\"character\",\"filename\":\"Sergeant_Uh-Oh\",\"flipX\":false,\"flipY\":false}}],\"unlocks\":[],\"requirements\":[],\"secretUnlocked\":\"\"},{\"choiceText\":\"No\",\"choiceMadeSummary\":\"did not tear down Rob's posters for vengeance\",\"choiceNotMadeSummary\":\"\",\"attributeEffects\":[],\"metaEffects\":[{\"type\":6,\"name\":\"Justice\",\"value\":1.0}],\"consequences\":[{\"statEffects\":[{\"type\":1,\"name\":\"Popularity\",\"value\":10.0}],\"flagEffects\":[],\"consequenceText\":\"Everyone saw how badly Rob's team was behaving. But they are happy that we didn't do the same thing.\",\"anchorImage\":{\"description\":\"\",\"category\":\"\",\"filename\":\"\",\"flipX\":false,\"flipY\":false},\"characterImage\":{\"description\":\"\",\"category\":\"character\",\"filename\":\"Sergeant_Happy\",\"flipX\":false,\"flipY\":false}}],\"unlocks\":[],\"requirements\":[],\"secretUnlocked\":\"\"}],\"requirements\":[]},{\"decisionID\":\"bad_banners\",\"decisionText\":\"Oh no! Some kids accidentaly spilt soda all over the Big Banner we had been working on for days! Should we sneakily stain Rob's banner too?\",\"speakerName\":\"\",\"type\":0,\"speakerImage\":{\"description\":\"\",\"category\":\"character\",\"filename\":\"Matt_Irritated\",\"flipX\":false,\"flipY\":false},\"anchorImage\":{\"description\":\"\",\"category\":\"\",\"filename\":\"\",\"flipX\":false,\"flipY\":false},\"choices\":[{\"choiceText\":\"Yes\",\"choiceMadeSummary\":\"stained Rob's banner when yours got dirty\",\"choiceNotMadeSummary\":\"\",\"attributeEffects\":[],\"metaEffects\":[{\"type\":6,\"name\":\"Sneakiness\",\"value\":1.0}],\"consequences\":[{\"statEffects\":[{\"type\":1,\"name\":\"Popularity\",\"value\":10.0}],\"flagEffects\":[],\"consequenceText\":\"Ha! Everyone says our banner looks better!\",\"anchorImage\":{\"description\":\"\",\"category\":\"\",\"filename\":\"\",\"flipX\":false,\"flipY\":false},\"characterImage\":{\"description\":\"\",\"category\":\"character\",\"filename\":\"Matt_Smirk\",\"flipX\":false,\"flipY\":false}},{\"statEffects\":[],\"flagEffects\":[],\"consequenceText\":\"But Rob's friends had worked very hard on their banner too. Can't you try to win without playing dirty?\",\"anchorImage\":{\"description\":\"\",\"category\":\"\",\"filename\":\"\",\"flipX\":false,\"flipY\":false},\"characterImage\":{\"description\":\"\",\"category\":\"character\",\"filename\":\"Sergeant_Glaring\",\"flipX\":false,\"flipY\":false}}],\"unlocks\":[],\"requirements\":[],\"secretUnlocked\":\"\"},{\"choiceText\":\"No\",\"choiceMadeSummary\":\"did not try to sneakily stain Rob's banner\",\"choiceNotMadeSummary\":\"\",\"attributeEffects\":[],\"metaEffects\":[{\"type\":6,\"name\":\"Justice\",\"value\":1.0}],\"consequences\":[{\"statEffects\":[{\"type\":1,\"name\":\"Popularity\",\"value\":20.0}],\"flagEffects\":[],\"consequenceText\":\"We didn't waste time on Rob's banner instead we just repaired ours. A lot of kids joined in to help.\",\"anchorImage\":{\"description\":\"\",\"category\":\"\",\"filename\":\"\",\"flipX\":false,\"flipY\":false},\"characterImage\":{\"description\":\"\",\"category\":\"character\",\"filename\":\"Sergeant_Happy\",\"flipX\":false,\"flipY\":false}}],\"unlocks\":[],\"requirements\":[],\"secretUnlocked\":\"\"}],\"requirements\":[]},{\"decisionID\":\"skip_flip\",\"decisionText\":\"Some kids really want to help you campaign but they will have to skip an important class to do it. Let's ask them to do that?\",\"speakerName\":\"\",\"type\":0,\"speakerImage\":{\"description\":\"\",\"category\":\"character\",\"filename\":\"Matt_Thinking\",\"flipX\":false,\"flipY\":false},\"anchorImage\":{\"description\":\"\",\"category\":\"\",\"filename\":\"\",\"flipX\":false,\"flipY\":false},\"choices\":[{\"choiceText\":\"Yes, it's for the future President\",\"choiceMadeSummary\":\"made kids skip class to help you campaign\",\"choiceNotMadeSummary\":\"\",\"attributeEffects\":[],\"metaEffects\":[{\"type\":6,\"name\":\"Sneakiness\",\"value\":1.0}],\"consequences\":[{\"statEffects\":[{\"type\":1,\"name\":\"Popularity\",\"value\":20.0}],\"flagEffects\":[],\"consequenceText\":\"The kids missed an important geography class but they got a chance to speak to the kids who were bunking classes too.\",\"anchorImage\":{\"description\":\"\",\"category\":\"\",\"filename\":\"\",\"flipX\":false,\"flipY\":false},\"characterImage\":{\"description\":\"\",\"category\":\"character\",\"filename\":\"Matt_Happy\",\"flipX\":false,\"flipY\":false}}],\"unlocks\":[],\"requirements\":[],\"secretUnlocked\":\"\"},{\"choiceText\":\"No, we'll skip class instead\",\"choiceMadeSummary\":\"did not make kids skip class to help you campaign\",\"choiceNotMadeSummary\":\"\",\"attributeEffects\":[],\"metaEffects\":[{\"type\":6,\"name\":\"Justice\",\"value\":1.0}],\"consequences\":[{\"statEffects\":[{\"type\":1,\"name\":\"Popularity\",\"value\":-10.0}],\"flagEffects\":[],\"consequenceText\":\"We missed out on a good publicity opportunity.\",\"anchorImage\":{\"description\":\"\",\"category\":\"\",\"filename\":\"\",\"flipX\":false,\"flipY\":false},\"characterImage\":{\"description\":\"\",\"category\":\"character\",\"filename\":\"Matt_Glaring\",\"flipX\":false,\"flipY\":false}},{\"statEffects\":[{\"type\":1,\"name\":\"Popularity\",\"value\":20.0}],\"flagEffects\":[],\"consequenceText\":\"But the kids got to talk about you in CLASS. You're running for Class President not 'Class Bunking President.'\",\"anchorImage\":{\"description\":\"\",\"category\":\"\",\"filename\":\"\",\"flipX\":false,\"flipY\":false},\"characterImage\":{\"description\":\"\",\"category\":\"character\",\"filename\":\"Sergeant_Happy\",\"flipX\":false,\"flipY\":false}}],\"unlocks\":[],\"requirements\":[],\"secretUnlocked\":\"\"}],\"requirements\":[]},{\"decisionID\":\"bully_schooly\",\"decisionText\":\"A bunch of popular kids are bullying 'Lil Benny'. If we try to stop them they won't vote for us.\",\"speakerName\":\"\",\"type\":0,\"speakerImage\":{\"description\":\"\",\"category\":\"character\",\"filename\":\"Sergeant_Disgusted\",\"flipX\":false,\"flipY\":false},\"anchorImage\":{\"description\":\"\",\"category\":\"\",\"filename\":\"\",\"flipX\":false,\"flipY\":false},\"choices\":[{\"choiceText\":\"Stop them anyway\",\"choiceMadeSummary\":\"stopped kids from bullying 'Lil Benny'\",\"choiceNotMadeSummary\":\"\",\"attributeEffects\":[],\"metaEffects\":[{\"type\":6,\"name\":\"Bravery\",\"value\":1.0}],\"consequences\":[{\"statEffects\":[{\"type\":1,\"name\":\"Popularity\",\"value\":-10.0}],\"flagEffects\":[],\"consequenceText\":\"The popular kids don't look happy. They say they will make sure nobody votes for you.\",\"anchorImage\":{\"description\":\"\",\"category\":\"\",\"filename\":\"\",\"flipX\":false,\"flipY\":false},\"characterImage\":{\"description\":\"\",\"category\":\"character\",\"filename\":\"Matt_Uh-Oh\",\"flipX\":false,\"flipY\":false}},{\"statEffects\":[{\"type\":1,\"name\":\"Popularity\",\"value\":30.0}],\"flagEffects\":[],\"consequenceText\":\"But a lot of other kids think you're a hero! They have your back now.\",\"anchorImage\":{\"description\":\"\",\"category\":\"\",\"filename\":\"\",\"flipX\":false,\"flipY\":false},\"characterImage\":{\"description\":\"\",\"category\":\"character\",\"filename\":\"Sergeant_Happy\",\"flipX\":false,\"flipY\":false}}],\"unlocks\":[],\"requirements\":[],\"secretUnlocked\":\"run_forest\"},{\"choiceText\":\"Ignore Them\",\"choiceMadeSummary\":\"didn't stop kids from bullying 'Lil Benny'\",\"choiceNotMadeSummary\":\"\",\"attributeEffects\":[],\"metaEffects\":[{\"type\":6,\"name\":\"Slyness\",\"value\":1.0}],\"consequences\":[{\"statEffects\":[{\"type\":1,\"name\":\"Popularity\",\"value\":-20.0}],\"flagEffects\":[],\"consequenceText\":\"Rob came and blamed you for encouraging the popular kids. Everyone thinks you're a bully too.\",\"anchorImage\":{\"description\":\"\",\"category\":\"\",\"filename\":\"\",\"flipX\":false,\"flipY\":false},\"characterImage\":{\"description\":\"\",\"category\":\"character\",\"filename\":\"Sergeant_Glaring\",\"flipX\":false,\"flipY\":false}}],\"unlocks\":[],\"requirements\":[],\"secretUnlocked\":\"\"}],\"requirements\":[]},{\"decisionID\":\"time_lapse\",\"decisionText\":\"I was just talking to a group of Rob's supporters. It seems that they have the voting dates wrong. Should we correct them?\",\"speakerName\":\"\",\"type\":0,\"speakerImage\":{\"description\":\"\",\"category\":\"character\",\"filename\":\"Sergeant_Thinking\",\"flipX\":false,\"flipY\":false},\"anchorImage\":{\"description\":\"\",\"category\":\"\",\"filename\":\"\",\"flipX\":false,\"flipY\":false},\"choices\":[{\"choiceText\":\"Yes\",\"choiceMadeSummary\":\"corrected Rob's supporters when they got voting dates wrong\",\"choiceNotMadeSummary\":\"\",\"attributeEffects\":[],\"metaEffects\":[{\"type\":6,\"name\":\"Honesty\",\"value\":1.0}],\"consequences\":[{\"statEffects\":[{\"type\":1,\"name\":\"Popularity\",\"value\":10.0}],\"flagEffects\":[],\"consequenceText\":\"The supporters are happy we corrected them. They might not vote for us but they like us.\",\"anchorImage\":{\"description\":\"\",\"category\":\"\",\"filename\":\"\",\"flipX\":false,\"flipY\":false},\"characterImage\":{\"description\":\"\",\"category\":\"character\",\"filename\":\"Sergeant_Happy\",\"flipX\":false,\"flipY\":false}}],\"unlocks\":[],\"requirements\":[],\"secretUnlocked\":\"\"},{\"choiceText\":\"No\",\"choiceMadeSummary\":\"didn't correct kids who had the voting dates wrong\",\"choiceNotMadeSummary\":\"\",\"attributeEffects\":[],\"metaEffects\":[{\"type\":6,\"name\":\"Sneakiness\",\"value\":1.0}],\"consequences\":[{\"statEffects\":[{\"type\":1,\"name\":\"Popularity\",\"value\":-10.0}],\"flagEffects\":[],\"consequenceText\":\"Uh-oh looks like the kids found out that we didn't correct them. They're not going to vote for us now.\",\"anchorImage\":{\"description\":\"\",\"category\":\"\",\"filename\":\"\",\"flipX\":false,\"flipY\":false},\"characterImage\":{\"description\":\"\",\"category\":\"character\",\"filename\":\"Sergeant_Uh-Oh\",\"flipX\":false,\"flipY\":false}}],\"unlocks\":[],\"requirements\":[],\"secretUnlocked\":\"\"}],\"requirements\":[]},{\"decisionID\":\"interview_deux\",\"decisionText\":\"It's time to be interviewed by the school newspaper! The reporter is begging us to start. But whoever goes second gets to hear the other's answers.\",\"speakerName\":\"\",\"type\":0,\"speakerImage\":{\"description\":\"\",\"category\":\"character\",\"filename\":\"Sergeant_Thinking\",\"flipX\":false,\"flipY\":false},\"anchorImage\":{\"description\":\"\",\"category\":\"\",\"filename\":\"\",\"flipX\":false,\"flipY\":false},\"choices\":[{\"choiceText\":\"Fine, go first\",\"choiceMadeSummary\":\"agreed to help the reporter\",\"choiceNotMadeSummary\":\"\",\"attributeEffects\":[],\"metaEffects\":[{\"type\":6,\"name\":\"Justice\",\"value\":1.0}],\"consequences\":[{\"statEffects\":[{\"type\":1,\"name\":\"Popularity\",\"value\":20.0}],\"flagEffects\":[],\"consequenceText\":\"Because we went first we could talk about some of our original ideas. Now nobody thinks we copied them from Rob.\",\"anchorImage\":{\"description\":\"\",\"category\":\"\",\"filename\":\"\",\"flipX\":false,\"flipY\":false},\"characterImage\":{\"description\":\"\",\"category\":\"character\",\"filename\":\"Matt_Smirk\",\"flipX\":false,\"flipY\":false}}],\"unlocks\":[],\"requirements\":[],\"secretUnlocked\":\"\"},{\"choiceText\":\"Insist on going second\",\"choiceMadeSummary\":\"refused to help out a school reporter\",\"choiceNotMadeSummary\":\"\",\"attributeEffects\":[],\"metaEffects\":[{\"type\":6,\"name\":\"Sneakiness\",\"value\":1.0}],\"consequences\":[{\"statEffects\":[{\"type\":1,\"name\":\"Popularity\",\"value\":10.0}],\"flagEffects\":[],\"consequenceText\":\"We got to counter some of the issues Rob had raised.\",\"anchorImage\":{\"description\":\"\",\"category\":\"\",\"filename\":\"\",\"flipX\":false,\"flipY\":false},\"characterImage\":{\"description\":\"\",\"category\":\"character\",\"filename\":\"Matt_Happy\",\"flipX\":false,\"flipY\":false}},{\"statEffects\":[{\"type\":1,\"name\":\"Popularity\",\"value\":-20.0}],\"flagEffects\":[],\"consequenceText\":\"But many people think some of our original ideas were copied form Rob.\",\"anchorImage\":{\"description\":\"\",\"category\":\"\",\"filename\":\"\",\"flipX\":false,\"flipY\":false},\"characterImage\":{\"description\":\"\",\"category\":\"character\",\"filename\":\"Sergeant_Uh-Oh\",\"flipX\":false,\"flipY\":false}}],\"unlocks\":[],\"requirements\":[],\"secretUnlocked\":\"\"}],\"requirements\":[{\"check\":{\"type\":0,\"name\":\"c\",\"value\":0.0},\"checkType\":5,\"comparePropName\":\"\"}]},{\"decisionID\":\"embarrass_rob\",\"decisionText\":\"Somebody just sent us an embarrasing photo of Rob digging his nose. Let's pass it around sneakily?\",\"speakerName\":\"\",\"type\":0,\"speakerImage\":{\"description\":\"\",\"category\":\"character\",\"filename\":\"Matt_Excited\",\"flipX\":false,\"flipY\":false},\"anchorImage\":{\"description\":\"\",\"category\":\"\",\"filename\":\"\",\"flipX\":false,\"flipY\":false},\"choices\":[{\"choiceText\":\"No\",\"choiceMadeSummary\":\"didn't sneakily share Rob's embarrasing photo around\",\"choiceNotMadeSummary\":\"\",\"attributeEffects\":[],\"metaEffects\":[{\"type\":6,\"name\":\"Justice\",\"value\":1.0}],\"consequences\":[{\"statEffects\":[{\"type\":1,\"name\":\"Popularity\",\"value\":-10.0}],\"flagEffects\":[],\"consequenceText\":\"We lost a good chance to make Rob look silly.\",\"anchorImage\":{\"description\":\"\",\"category\":\"\",\"filename\":\"\",\"flipX\":false,\"flipY\":false},\"characterImage\":{\"description\":\"\",\"category\":\"character\",\"filename\":\"Matt_Glaring\",\"flipX\":false,\"flipY\":false}},{\"statEffects\":[{\"type\":1,\"name\":\"Popularity\",\"value\":10.0}],\"flagEffects\":[],\"consequenceText\":\"But hey, our close supporters are happy we did not make this competition silly.\",\"anchorImage\":{\"description\":\"\",\"category\":\"\",\"filename\":\"\",\"flipX\":false,\"flipY\":false},\"characterImage\":{\"description\":\"\",\"category\":\"character\",\"filename\":\"Sergeant_Happy\",\"flipX\":false,\"flipY\":false}}],\"unlocks\":[],\"requirements\":[],\"secretUnlocked\":\"\"},{\"choiceText\":\"Yes\",\"choiceMadeSummary\":\"sneakily shared an embarrasing photo of Rob\",\"choiceNotMadeSummary\":\"\",\"attributeEffects\":[],\"metaEffects\":[{\"type\":6,\"name\":\"Sneakiness\",\"value\":1.0}],\"consequences\":[{\"statEffects\":[{\"type\":1,\"name\":\"Popularity\",\"value\":-10.0}],\"flagEffects\":[],\"consequenceText\":\"Oh no! Rob is autographing the photo himself. Everyone thinks it's great that he can laugh at himself.\",\"anchorImage\":{\"description\":\"\",\"category\":\"\",\"filename\":\"\",\"flipX\":false,\"flipY\":false},\"characterImage\":{\"description\":\"\",\"category\":\"character\",\"filename\":\"Sergeant_Missing\",\"flipX\":false,\"flipY\":false}}],\"unlocks\":[],\"requirements\":[],\"secretUnlocked\":\"\"}],\"requirements\":[]},{\"decisionID\":\"seek_peek\",\"decisionText\":\"Rob forgot his notebook in history class. It has all his speeches and campaign ideas. Let's take a quick peek before we return it?\",\"speakerName\":\"\",\"type\":0,\"speakerImage\":{\"description\":\"\",\"category\":\"character\",\"filename\":\"Matt_Smirk\",\"flipX\":false,\"flipY\":false},\"anchorImage\":{\"description\":\"\",\"category\":\"\",\"filename\":\"\",\"flipX\":false,\"flipY\":false},\"choices\":[{\"choiceText\":\"Yes\",\"choiceMadeSummary\":\"sneakily looked at Rob's notebook\",\"choiceNotMadeSummary\":\"\",\"attributeEffects\":[],\"metaEffects\":[{\"type\":6,\"name\":\"Sneakiness\",\"value\":1.0}],\"consequences\":[{\"statEffects\":[{\"type\":1,\"name\":\"Popularity\",\"value\":20.0}],\"flagEffects\":[],\"consequenceText\":\"Ha! We got some good ideas from Rob which we can use!\",\"anchorImage\":{\"description\":\"\",\"category\":\"\",\"filename\":\"\",\"flipX\":false,\"flipY\":false},\"characterImage\":{\"description\":\"\",\"category\":\"character\",\"filename\":\"Matt_Smirk\",\"flipX\":false,\"flipY\":false}},{\"statEffects\":[{\"type\":1,\"name\":\"Popularity\",\"value\":-10.0}],\"flagEffects\":[],\"consequenceText\":\"But the kids who knew Rob's plans realised what you did. They're calling you the 'thought thief'\",\"anchorImage\":{\"description\":\"\",\"category\":\"\",\"filename\":\"\",\"flipX\":false,\"flipY\":false},\"characterImage\":{\"description\":\"\",\"category\":\"character\",\"filename\":\"Sergeant_Glaring\",\"flipX\":false,\"flipY\":false}}],\"unlocks\":[],\"requirements\":[],\"secretUnlocked\":\"\"},{\"choiceText\":\"No\",\"choiceMadeSummary\":\"returned Rob's notebook without taking a peek\",\"choiceNotMadeSummary\":\"\",\"attributeEffects\":[],\"metaEffects\":[{\"type\":6,\"name\":\"Justice\",\"value\":1.0}],\"consequences\":[{\"statEffects\":[{\"type\":1,\"name\":\"Popularity\",\"value\":-10.0}],\"flagEffects\":[],\"consequenceText\":\"When we went to return the notebook Rob told everyone that we probably stole it. So disnoble!\",\"anchorImage\":{\"description\":\"\",\"category\":\"\",\"filename\":\"\",\"flipX\":false,\"flipY\":false},\"characterImage\":{\"description\":\"\",\"category\":\"character\",\"filename\":\"Sergeant_Angry\",\"flipX\":false,\"flipY\":false}}],\"unlocks\":[],\"requirements\":[],\"secretUnlocked\":\"\"}],\"requirements\":[]},{\"decisionID\":\"slippery_gradient\",\"decisionText\":\"Rob has a funny way of pronouncing the word 'grades'. Let's ask him questions about grades at his next speech. That way he will have to use the word again and again.\",\"speakerName\":\"\",\"type\":0,\"speakerImage\":{\"description\":\"\",\"category\":\"character\",\"filename\":\"Matt_Thinking\",\"flipX\":false,\"flipY\":false},\"anchorImage\":{\"description\":\"\",\"category\":\"\",\"filename\":\"\",\"flipX\":false,\"flipY\":false},\"choices\":[{\"choiceText\":\"Yes\",\"choiceMadeSummary\":\"made fun of Rob's pronunciation\",\"choiceNotMadeSummary\":\"\",\"attributeEffects\":[],\"metaEffects\":[],\"consequences\":[{\"statEffects\":[{\"type\":1,\"name\":\"Popularity\",\"value\":-10.0}],\"flagEffects\":[],\"consequenceText\":\"The joke got un-funny really quickly. Some kids thought you were being mean.\",\"anchorImage\":{\"description\":\"\",\"category\":\"\",\"filename\":\"\",\"flipX\":false,\"flipY\":false},\"characterImage\":{\"description\":\"\",\"category\":\"character\",\"filename\":\"Sergeant_Glaring\",\"flipX\":false,\"flipY\":false}},{\"statEffects\":[{\"type\":1,\"name\":\"Popularity\",\"value\":-10.0}],\"flagEffects\":[],\"consequenceText\":\"And the kids with low grades thought you were trying to make fun of them.\",\"anchorImage\":{\"description\":\"\",\"category\":\"\",\"filename\":\"\",\"flipX\":false,\"flipY\":false},\"characterImage\":{\"description\":\"\",\"category\":\"character\",\"filename\":\"Matt_Uh-Oh\",\"flipX\":false,\"flipY\":false}}],\"unlocks\":[],\"requirements\":[],\"secretUnlocked\":\"\"},{\"choiceText\":\"No\",\"choiceMadeSummary\":\"didn't make fun of Rob's pronunciation\",\"choiceNotMadeSummary\":\"\",\"attributeEffects\":[],\"metaEffects\":[{\"type\":6,\"name\":\"Justice\",\"value\":1.0}],\"consequences\":[{\"statEffects\":[{\"type\":1,\"name\":\"Popularity\",\"value\":10.0}],\"flagEffects\":[],\"consequenceText\":\"Because we skipped Rob's speech we had more time to prepare for our own. Our speech went really well.\",\"anchorImage\":{\"description\":\"\",\"category\":\"\",\"filename\":\"\",\"flipX\":false,\"flipY\":false},\"characterImage\":{\"description\":\"\",\"category\":\"character\",\"filename\":\"Sergeant_Happy\",\"flipX\":false,\"flipY\":false}}],\"unlocks\":[],\"requirements\":[],\"secretUnlocked\":\"\"}],\"requirements\":[]},{\"decisionID\":\"rob_bust\",\"decisionText\":\"Rob keeps saying bad things about us in his speeches. Let's print a booklet full of bad things about Rob?\",\"speakerName\":\"\",\"type\":0,\"speakerImage\":{\"description\":\"\",\"category\":\"character\",\"filename\":\"Matt_Thinking\",\"flipX\":false,\"flipY\":false},\"anchorImage\":{\"description\":\"\",\"category\":\"\",\"filename\":\"\",\"flipX\":false,\"flipY\":false},\"choices\":[{\"choiceText\":\"Yes\",\"choiceMadeSummary\":\"printed a booklet full of bad things about Rob\",\"choiceNotMadeSummary\":\"\",\"attributeEffects\":[],\"metaEffects\":[{\"type\":6,\"name\":\"Sneakiness\",\"value\":1.0}],\"consequences\":[{\"statEffects\":[{\"type\":1,\"name\":\"Popularity\",\"value\":10.0}],\"flagEffects\":[],\"consequenceText\":\"The booklet is getting a lot of people to dislike Rob.\",\"anchorImage\":{\"description\":\"\",\"category\":\"\",\"filename\":\"\",\"flipX\":false,\"flipY\":false},\"characterImage\":{\"description\":\"\",\"category\":\"character\",\"filename\":\"Matt_Smirk\",\"flipX\":false,\"flipY\":false}},{\"statEffects\":[{\"type\":1,\"name\":\"Popularity\",\"value\":-20.0}],\"flagEffects\":[],\"consequenceText\":\"But now Rob has released a booklet too. The booklet is pointing out grammar errors in our booklet.\",\"anchorImage\":{\"description\":\"\",\"category\":\"\",\"filename\":\"\",\"flipX\":false,\"flipY\":false},\"characterImage\":{\"description\":\"\",\"category\":\"character\",\"filename\":\"Sergeant_Neutral\",\"flipX\":false,\"flipY\":false}}],\"unlocks\":[],\"requirements\":[],\"secretUnlocked\":\"\"},{\"choiceText\":\"No, let's focus on ourselves\",\"choiceMadeSummary\":\"refused to print a booklet attacking Rob\",\"choiceNotMadeSummary\":\"\",\"attributeEffects\":[],\"metaEffects\":[{\"type\":6,\"name\":\"Justice\",\"value\":1.0}],\"consequences\":[{\"statEffects\":[{\"type\":1,\"name\":\"Popularity\",\"value\":20.0}],\"flagEffects\":[],\"consequenceText\":\"Most kids think you're being the bigger person by ignoring Rob's attacks.\",\"anchorImage\":{\"description\":\"\",\"category\":\"\",\"filename\":\"\",\"flipX\":false,\"flipY\":false},\"characterImage\":{\"description\":\"\",\"category\":\"character\",\"filename\":\"Sergeant_Happy\",\"flipX\":false,\"flipY\":false}}],\"unlocks\":[],\"requirements\":[],\"secretUnlocked\":\"game_blame\"}],\"requirements\":[]}],\"secrets\":[\"thug_pedaler\",\"calculated_risk\",\"run_forest\",\"scratch_phrase\",\"game_blame\"],\"interstitials\":[{\"showAtTurnsLeft\":2,\"requirements\":[{\"check\":{\"type\":3,\"name\":\"Nobleness\",\"value\":0.0},\"checkType\":5,\"comparePropName\":\"\"}],\"dialogue\":{\"speakerImage\":{\"description\":\"\",\"category\":\"character\",\"filename\":\"Sergeant_Happy\",\"flipX\":false,\"flipY\":false},\"anchorImage\":{\"description\":\"\",\"category\":\"\",\"filename\":\"\",\"flipX\":false,\"flipY\":false},\"dialogueText\":\"I see you're making an effort to be noble. Keep doing that and you'll make a very honest candidate.\",\"choices\":[],\"overrideName\":\"\",\"overrideNameReqs\":[]},\"otherCharacter\":{\"description\":\"\",\"category\":\"\",\"filename\":\"\",\"flipX\":false,\"flipY\":false}},{\"showAtTurnsLeft\":2,\"requirements\":[{\"check\":{\"type\":3,\"name\":\"Craftiness\",\"value\":0.0},\"checkType\":5,\"comparePropName\":\"\"}],\"dialogue\":{\"speakerImage\":{\"description\":\"\",\"category\":\"character\",\"filename\":\"Matt_Smirk\",\"flipX\":false,\"flipY\":false},\"anchorImage\":{\"description\":\"\",\"category\":\"\",\"filename\":\"\",\"flipX\":false,\"flipY\":false},\"dialogueText\":\"Looks like you like taking the crafty route to power. Let's see how far your craftiness takes you!\",\"choices\":[],\"overrideName\":\"\",\"overrideNameReqs\":[]},\"otherCharacter\":{\"description\":\"\",\"category\":\"\",\"filename\":\"\",\"flipX\":false,\"flipY\":false}},{\"showAtTurnsLeft\":0,\"requirements\":[{\"check\":{\"type\":3,\"name\":\"Nobleness\",\"value\":0.0},\"checkType\":5,\"comparePropName\":\"\"},{\"check\":{\"type\":1,\"name\":\"Popularity\",\"value\":40.0},\"checkType\":4,\"comparePropName\":\"\"}],\"dialogue\":{\"speakerImage\":{\"description\":\"\",\"category\":\"character\",\"filename\":\"Sergeant_Happy\",\"flipX\":false,\"flipY\":false},\"anchorImage\":{\"description\":\"\",\"category\":\"\",\"filename\":\"\",\"flipX\":false,\"flipY\":false},\"dialogueText\":\"The kids think of you as the noble candidate, and it looks like they're going to vote for you. Now make sure they don't change their mind.\",\"choices\":[],\"overrideName\":\"\",\"overrideNameReqs\":[]},\"otherCharacter\":{\"description\":\"\",\"category\":\"\",\"filename\":\"\",\"flipX\":false,\"flipY\":false}},{\"showAtTurnsLeft\":0,\"requirements\":[{\"check\":{\"type\":3,\"name\":\"Craftiness\",\"value\":0.0},\"checkType\":5,\"comparePropName\":\"\"},{\"check\":{\"type\":1,\"name\":\"Popularity\",\"value\":40.0},\"checkType\":4,\"comparePropName\":\"\"}],\"dialogue\":{\"speakerImage\":{\"description\":\"\",\"category\":\"character\",\"filename\":\"Matt_Excited\",\"flipX\":false,\"flipY\":false},\"anchorImage\":{\"description\":\"\",\"category\":\"\",\"filename\":\"\",\"flipX\":false,\"flipY\":false},\"dialogueText\":\"Everyone's talking about how crafty you are. The important part is, everyone's talking about you. Now make sure that presidentship is yours!\",\"choices\":[],\"overrideName\":\"\",\"overrideNameReqs\":[]},\"otherCharacter\":{\"description\":\"\",\"category\":\"\",\"filename\":\"\",\"flipX\":false,\"flipY\":false}},{\"showAtTurnsLeft\":0,\"requirements\":[{\"check\":{\"type\":3,\"name\":\"Nobleness\",\"value\":0.0},\"checkType\":5,\"comparePropName\":\"\"},{\"check\":{\"type\":1,\"name\":\"Popularity\",\"value\":40.0},\"checkType\":3,\"comparePropName\":\"\"}],\"dialogue\":{\"speakerImage\":{\"description\":\"\",\"category\":\"character\",\"filename\":\"Sergeant_Thinking\",\"flipX\":false,\"flipY\":false},\"anchorImage\":{\"description\":\"\",\"category\":\"\",\"filename\":\"\",\"flipX\":false,\"flipY\":false},\"dialogueText\":\"So you're certainly the most noble kid standing for President, but is that going to be enough to win?\",\"choices\":[],\"overrideName\":\"\",\"overrideNameReqs\":[]},\"otherCharacter\":{\"description\":\"\",\"category\":\"\",\"filename\":\"\",\"flipX\":false,\"flipY\":false}},{\"showAtTurnsLeft\":0,\"requirements\":[{\"check\":{\"type\":3,\"name\":\"Craftiness\",\"value\":0.0},\"checkType\":5,\"comparePropName\":\"\"},{\"check\":{\"type\":1,\"name\":\"Popularity\",\"value\":40.0},\"checkType\":3,\"comparePropName\":\"\"}],\"dialogue\":{\"speakerImage\":{\"description\":\"\",\"category\":\"character\",\"filename\":\"Matt_Intense\",\"flipX\":false,\"flipY\":false},\"anchorImage\":{\"description\":\"\",\"category\":\"\",\"filename\":\"\",\"flipX\":false,\"flipY\":false},\"dialogueText\":\"Looks like some of the kids have caught onto your craftiness. You must do whatever it takes to win now!\",\"choices\":[],\"overrideName\":\"\",\"overrideNameReqs\":[]},\"otherCharacter\":{\"description\":\"\",\"category\":\"\",\"filename\":\"\",\"flipX\":false,\"flipY\":false}}],\"goals\":[{\"goalID\":\"good_president\",\"goalText\":\"You won the election, and all the affection.\",\"hintText\":\"Win the election by winning hearts.\",\"requirements\":[{\"check\":{\"type\":3,\"name\":\"Nobleness\",\"value\":0.0},\"checkType\":5,\"comparePropName\":\"\"}],\"traits\":[\"Nobleness\"],\"onSuccess\":true,\"goalsForReveal\":0,\"type\":0},{\"goalID\":\"bad_president\",\"goalText\":\"You won the election, but it didn’t quite feel like a victory.\",\"hintText\":\"Do whatever it takes to win the election.\",\"requirements\":[{\"check\":{\"type\":3,\"name\":\"Craftiness\",\"value\":0.0},\"checkType\":5,\"comparePropName\":\"\"}],\"traits\":[\"Craftiness\"],\"onSuccess\":true,\"goalsForReveal\":0,\"type\":0}]}","playPattern":1,"isAvailable":true,"isPremium":false,"releaseOn":"","scenarioFile":{"instanceID":23442},"scenarioID":7,"character":{"description":"","category":"character","filename":"Sergeant_Happy","flipX":false,"flipY":false},"traitsName":["Honor","Insight"]}