{"scenarioName":"Atlantis","scenarioSummary":"Mission: Keep a puppy alive in space.","scenarioThumbnail":"SpaceBarks","scenarioDataJson":"{\"backgroundImage\":{\"description\":\"\",\"category\":\"background\",\"filename\":\"Space\",\"flipX\":false,\"flipY\":false},\"turnCount\":7,\"scenarioId\":0,\"endsWhenObjectiveMet\":false,\"unlockRequirements\":[],\"mainObjectives\":[{\"check\":{\"type\":1,\"name\":\"Food\",\"value\":50.0},\"checkType\":4,\"comparePropName\":\"\"},{\"check\":{\"type\":1,\"name\":\"Puppy Health\",\"value\":50.0},\"checkType\":4,\"comparePropName\":\"\"}],\"bonusObjectives\":[],\"scenarioName\":\"SpaceBarks\",\"mainObjectiveDescription\":\"Bonus objectives\",\"bonusObjectivesDescription\":\"7\",\"turnName\":\"Days\",\"summarySuccess\":\"Mission Accomplished.\",\"summaryFailure\":\"Mission Failed!\",\"startingStats\":[{\"type\":1,\"name\":\"Food\",\"value\":70.0},{\"type\":1,\"name\":\"Puppy Health\",\"value\":80.0}],\"minMaxStatValues\":{\"x\":0.0,\"y\":100.0},\"intro\":[{\"speakerImage\":{\"description\":\"\",\"category\":\"character\",\"filename\":\"Maria_Happy\",\"flipX\":false,\"flipY\":false},\"anchorImage\":{\"description\":\"\",\"category\":\"\",\"filename\":\"\",\"flipX\":false,\"flipY\":false},\"dialogueText\":\"Woohoo! The class trip this year is to the Fairside Space Station (F.S.S) which is orbiting the moon.\",\"choices\":[],\"overrideName\":\"\",\"overrideNameReqs\":[]},{\"speakerImage\":{\"description\":\"\",\"category\":\"character\",\"filename\":\"Janakinaughtypupi_Confused\",\"flipX\":false,\"flipY\":false},\"anchorImage\":{\"description\":\"\",\"category\":\"\",\"filename\":\"\",\"flipX\":false,\"flipY\":false},\"dialogueText\":\"Don't panic, but as we blasted off we found a puppy hiding under a seat.\",\"choices\":[],\"overrideName\":\"\",\"overrideNameReqs\":[]},{\"speakerImage\":{\"description\":\"\",\"category\":\"character\",\"filename\":\"Mariahappypupi_Happy\",\"flipX\":false,\"flipY\":false},\"anchorImage\":{\"description\":\"\",\"category\":\"\",\"filename\":\"\",\"flipX\":false,\"flipY\":false},\"dialogueText\":\"Que genial! Look at those puppy eyes.. We'll call him Neil Barkstrong!!\",\"choices\":[],\"overrideName\":\"\",\"overrideNameReqs\":[]},{\"speakerImage\":{\"description\":\"\",\"category\":\"character\",\"filename\":\"Janakinaughtypupi_Confused\",\"flipX\":false,\"flipY\":false},\"anchorImage\":{\"description\":\"\",\"category\":\"\",\"filename\":\"\",\"flipX\":false,\"flipY\":false},\"dialogueText\":\"BUT...I've read puppies have big appetites!\",\"choices\":[],\"overrideName\":\"\",\"overrideNameReqs\":[]},{\"speakerImage\":{\"description\":\"\",\"category\":\"character\",\"filename\":\"Janakiscaredpupi_Uh-Oh\",\"flipX\":false,\"flipY\":false},\"anchorImage\":{\"description\":\"\",\"category\":\"\",\"filename\":\"\",\"flipX\":false,\"flipY\":false},\"dialogueText\":\"If he finishes our food we'll starve in space! You can't let that happen. [Food]\",\"choices\":[],\"overrideName\":\"\",\"overrideNameReqs\":[]},{\"speakerImage\":{\"description\":\"\",\"category\":\"character\",\"filename\":\"Mariasadpupi_Glaring\",\"flipX\":false,\"flipY\":false},\"anchorImage\":{\"description\":\"\",\"category\":\"\",\"filename\":\"\",\"flipX\":false,\"flipY\":false},\"dialogueText\":\"But you must also keep Neil Barkstrong alive! [Puppy Health]\",\"choices\":[],\"overrideName\":\"\",\"overrideNameReqs\":[]},{\"speakerImage\":{\"description\":\"\",\"category\":\"character\",\"filename\":\"Janakihappypupi_Smirk\",\"flipX\":false,\"flipY\":false},\"anchorImage\":{\"description\":\"\",\"category\":\"\",\"filename\":\"\",\"flipX\":false,\"flipY\":false},\"dialogueText\":\"There are two ways to survive this space odyssey: a crafty way and a noble way. Dogspeed, astronaut!\",\"choices\":[],\"overrideName\":\"\",\"overrideNameReqs\":[]}],\"outros\":[{\"outroID\":\"diss_track\",\"outcomeType\":1,\"traitCheck\":\"Bravery\",\"traitCheckPositive\":false,\"dialogueOptions\":[{\"speakerImage\":{\"description\":\"\",\"category\":\"character\",\"filename\":\"Janaki_Thinking\",\"flipX\":false,\"flipY\":false},\"anchorImage\":{\"description\":\"\",\"category\":\"\",\"filename\":\"\",\"flipX\":false,\"flipY\":false},\"dialogueText\":\"You did what you could and it was enough to stop the puppy from blasting off to Mars! That's a-marzing!\",\"choices\":[],\"overrideName\":\"\",\"overrideNameReqs\":[]}],\"propsToShow\":[]},{\"outroID\":\"diss_track\",\"outcomeType\":4,\"traitCheck\":\"Bravery\",\"traitCheckPositive\":false,\"dialogueOptions\":[{\"speakerImage\":{\"description\":\"\",\"category\":\"character\",\"filename\":\"Janaki_Uh-Oh\",\"flipX\":false,\"flipY\":false},\"anchorImage\":{\"description\":\"\",\"category\":\"\",\"filename\":\"\",\"flipX\":false,\"flipY\":false},\"dialogueText\":\"Looks like the pressure of the launch really got you down. Maybe going to the authorites would've been better.\",\"choices\":[],\"overrideName\":\"\",\"overrideNameReqs\":[]}],\"propsToShow\":[]},{\"outroID\":\"mis_chief\",\"outcomeType\":1,\"traitCheck\":\"Bravery\",\"traitCheckPositive\":false,\"dialogueOptions\":[{\"speakerImage\":{\"description\":\"\",\"category\":\"character\",\"filename\":\"Maria_Smirk\",\"flipX\":false,\"flipY\":false},\"anchorImage\":{\"description\":\"\",\"category\":\"\",\"filename\":\"\",\"flipX\":false,\"flipY\":false},\"dialogueText\":\"The chief was really hard on the puppy, but you made sure the puppy didn't land up on the red planet.\",\"choices\":[],\"overrideName\":\"\",\"overrideNameReqs\":[]}],\"propsToShow\":[]},{\"outroID\":\"mis_chief\",\"outcomeType\":4,\"traitCheck\":\"Bravery\",\"traitCheckPositive\":false,\"dialogueOptions\":[{\"speakerImage\":{\"description\":\"\",\"category\":\"character\",\"filename\":\"Maria_Irritated\",\"flipX\":false,\"flipY\":false},\"anchorImage\":{\"description\":\"\",\"category\":\"\",\"filename\":\"\",\"flipX\":false,\"flipY\":false},\"dialogueText\":\"The chief only added to your problems. Sometimes the responsible thing to do is to take matters into your own hands.\",\"choices\":[],\"overrideName\":\"\",\"overrideNameReqs\":[]}],\"propsToShow\":[]},{\"outroID\":\"food_cart\",\"outcomeType\":1,\"traitCheck\":\"Honesty\",\"traitCheckPositive\":false,\"dialogueOptions\":[{\"speakerImage\":{\"description\":\"\",\"category\":\"character\",\"filename\":\"Janaki_Happy\",\"flipX\":false,\"flipY\":false},\"anchorImage\":{\"description\":\"\",\"category\":\"\",\"filename\":\"\",\"flipX\":false,\"flipY\":false},\"dialogueText\":\"Can't believe the food cart trick worked! Often the brave thing to do is to think outside the box!\",\"choices\":[],\"overrideName\":\"\",\"overrideNameReqs\":[]}],\"propsToShow\":[]},{\"outroID\":\"food_cart\",\"outcomeType\":4,\"traitCheck\":\"Honesty\",\"traitCheckPositive\":false,\"dialogueOptions\":[{\"speakerImage\":{\"description\":\"\",\"category\":\"character\",\"filename\":\"Maria_Glaring\",\"flipX\":false,\"flipY\":false},\"anchorImage\":{\"description\":\"\",\"category\":\"\",\"filename\":\"\",\"flipX\":false,\"flipY\":false},\"dialogueText\":\"Putting a puppy in a food cart was your undoing! You aren't built for space!\",\"choices\":[],\"overrideName\":\"\",\"overrideNameReqs\":[]}],\"propsToShow\":[]},{\"outroID\":\"radio_active\",\"outcomeType\":1,\"traitCheck\":\"Honesty\",\"traitCheckPositive\":false,\"dialogueOptions\":[{\"speakerImage\":{\"description\":\"\",\"category\":\"character\",\"filename\":\"Janaki_Happy\",\"flipX\":false,\"flipY\":false},\"anchorImage\":{\"description\":\"\",\"category\":\"\",\"filename\":\"\",\"flipX\":false,\"flipY\":false},\"dialogueText\":\"Who zips up a puppy in a backpack and lives to tell the story? You do! Well done!\",\"choices\":[],\"overrideName\":\"\",\"overrideNameReqs\":[]}],\"propsToShow\":[]},{\"outroID\":\"radio_active\",\"outcomeType\":4,\"traitCheck\":\"Honesty\",\"traitCheckPositive\":false,\"dialogueOptions\":[{\"speakerImage\":{\"description\":\"\",\"category\":\"character\",\"filename\":\"Janaki_Uh-Oh\",\"flipX\":false,\"flipY\":false},\"anchorImage\":{\"description\":\"\",\"category\":\"\",\"filename\":\"\",\"flipX\":false,\"flipY\":false},\"dialogueText\":\"Putting a puppy in a backpack was a bad choice! Try to make better choices next time.\",\"choices\":[],\"overrideName\":\"\",\"overrideNameReqs\":[]}],\"propsToShow\":[]},{\"outroID\":\"hole_universe\",\"outcomeType\":1,\"traitCheck\":\"Sneakiness\",\"traitCheckPositive\":false,\"dialogueOptions\":[{\"speakerImage\":{\"description\":\"\",\"category\":\"character\",\"filename\":\"Maria_Excited\",\"flipX\":false,\"flipY\":false},\"anchorImage\":{\"description\":\"\",\"category\":\"\",\"filename\":\"\",\"flipX\":false,\"flipY\":false},\"dialogueText\":\"You let the puppy get abducted. But somehow it all worked out! You sure know your way through space.\",\"choices\":[],\"overrideName\":\"\",\"overrideNameReqs\":[]}],\"propsToShow\":[]},{\"outroID\":\"hole_universe\",\"outcomeType\":4,\"traitCheck\":\"Sneakiness\",\"traitCheckPositive\":false,\"dialogueOptions\":[{\"speakerImage\":{\"description\":\"\",\"category\":\"character\",\"filename\":\"Janaki_Intense\",\"flipX\":false,\"flipY\":false},\"anchorImage\":{\"description\":\"\",\"category\":\"\",\"filename\":\"\",\"flipX\":false,\"flipY\":false},\"dialogueText\":\"Yikes! You should strike space diplomacy from your skillset because that did not go well!\",\"choices\":[],\"overrideName\":\"\",\"overrideNameReqs\":[]}],\"propsToShow\":[]},{\"outroID\":\"mars_bars\",\"outcomeType\":1,\"traitCheck\":\"Sneakiness\",\"traitCheckPositive\":false,\"dialogueOptions\":[{\"speakerImage\":{\"description\":\"\",\"category\":\"character\",\"filename\":\"Janaki_Excited\",\"flipX\":false,\"flipY\":false},\"anchorImage\":{\"description\":\"\",\"category\":\"\",\"filename\":\"\",\"flipX\":false,\"flipY\":false},\"dialogueText\":\"Not sending the puppy into the foodtruck was a smart move. You have successfully managed to survive in space!\",\"choices\":[],\"overrideName\":\"\",\"overrideNameReqs\":[]}],\"propsToShow\":[]},{\"outroID\":\"mars_bars\",\"outcomeType\":4,\"traitCheck\":\"Sneakiness\",\"traitCheckPositive\":false,\"dialogueOptions\":[{\"speakerImage\":{\"description\":\"\",\"category\":\"character\",\"filename\":\"Maria_Irritated\",\"flipX\":false,\"flipY\":false},\"anchorImage\":{\"description\":\"\",\"category\":\"\",\"filename\":\"\",\"flipX\":false,\"flipY\":false},\"dialogueText\":\"It isn't the best idea to use the limited food you have to attack aliens. Chew on that for a moment.\",\"choices\":[],\"overrideName\":\"\",\"overrideNameReqs\":[]}],\"propsToShow\":[]},{\"outroID\":\"lovers_choice\",\"outcomeType\":1,\"traitCheck\":\"Slyness\",\"traitCheckPositive\":false,\"dialogueOptions\":[{\"speakerImage\":{\"description\":\"\",\"category\":\"character\",\"filename\":\"Maria_Smirk\",\"flipX\":false,\"flipY\":false},\"anchorImage\":{\"description\":\"\",\"category\":\"\",\"filename\":\"\",\"flipX\":false,\"flipY\":false},\"dialogueText\":\"Returning the alien puppy worked in your favor. Your quick thinking made sure we all survived.\",\"choices\":[],\"overrideName\":\"\",\"overrideNameReqs\":[]}],\"propsToShow\":[]},{\"outroID\":\"lovers_choice\",\"outcomeType\":4,\"traitCheck\":\"Slyness\",\"traitCheckPositive\":false,\"dialogueOptions\":[{\"speakerImage\":{\"description\":\"\",\"category\":\"character\",\"filename\":\"Janaki_Sad\",\"flipX\":false,\"flipY\":false},\"anchorImage\":{\"description\":\"\",\"category\":\"\",\"filename\":\"\",\"flipX\":false,\"flipY\":false},\"dialogueText\":\"Returning the alien puppy didn't help us one bit. Try exploring other options next time.\",\"choices\":[],\"overrideName\":\"\",\"overrideNameReqs\":[]}],\"propsToShow\":[]},{\"outroID\":\"secret_alien\",\"outcomeType\":1,\"traitCheck\":\"Slyness\",\"traitCheckPositive\":false,\"dialogueOptions\":[{\"speakerImage\":{\"description\":\"\",\"category\":\"character\",\"filename\":\"Janaki_Happy\",\"flipX\":false,\"flipY\":false},\"anchorImage\":{\"description\":\"\",\"category\":\"\",\"filename\":\"\",\"flipX\":false,\"flipY\":false},\"dialogueText\":\"You did well even with a space puppy on board! Your next mission should be to bring world peace!\",\"choices\":[],\"overrideName\":\"\",\"overrideNameReqs\":[]}],\"propsToShow\":[]},{\"outroID\":\"secret_alien\",\"outcomeType\":4,\"traitCheck\":\"Slyness\",\"traitCheckPositive\":false,\"dialogueOptions\":[{\"speakerImage\":{\"description\":\"\",\"category\":\"character\",\"filename\":\"Maria_Intense\",\"flipX\":false,\"flipY\":false},\"anchorImage\":{\"description\":\"\",\"category\":\"\",\"filename\":\"\",\"flipX\":false,\"flipY\":false},\"dialogueText\":\"Keeping an alien puppy isn't your forte. Honesty is the best space policy!\",\"choices\":[],\"overrideName\":\"\",\"overrideNameReqs\":[]}],\"propsToShow\":[]}],\"decisions\":[{\"decisionID\":\"chew_crew\",\"decisionText\":\"Oh! The puppy is chewing on some wires. He might hurt himself!\",\"speakerName\":\"\",\"type\":0,\"speakerImage\":{\"description\":\"\",\"category\":\"character\",\"filename\":\"Janaki_Confused\",\"flipX\":false,\"flipY\":false},\"anchorImage\":{\"description\":\"\",\"category\":\"\",\"filename\":\"\",\"flipX\":false,\"flipY\":false},\"choices\":[{\"choiceText\":\"Quick, give him some of our food!\",\"choiceMadeSummary\":\"stopped the puppy from chewing wires\",\"choiceNotMadeSummary\":\"\",\"attributeEffects\":[],\"metaEffects\":[{\"type\":6,\"name\":\"Bravery\",\"value\":1.0}],\"consequences\":[{\"statEffects\":[{\"type\":1,\"name\":\"Food\",\"value\":-10.0}],\"flagEffects\":[],\"consequenceText\":\"We had to give him a huge pile of jelly sticks to keep him away from the wires.\",\"anchorImage\":{\"description\":\"\",\"category\":\"\",\"filename\":\"\",\"flipX\":false,\"flipY\":false},\"characterImage\":{\"description\":\"\",\"category\":\"character\",\"filename\":\"Janakihappypupg_Glaring\",\"flipX\":false,\"flipY\":false}}],\"unlocks\":[],\"requirements\":[],\"secretUnlocked\":\"\"},{\"choiceText\":\"Let's not waste food on the puppy!\",\"choiceMadeSummary\":\"didn't stop the puppy from chewing wires.\",\"choiceNotMadeSummary\":\"\",\"attributeEffects\":[],\"metaEffects\":[{\"type\":6,\"name\":\"Slyness\",\"value\":1.0}],\"consequences\":[{\"statEffects\":[{\"type\":1,\"name\":\"Puppy Health\",\"value\":-10.0}],\"flagEffects\":[],\"consequenceText\":\"Mira Esto! The copper wires hurt the little guy's gums.\",\"anchorImage\":{\"description\":\"\",\"category\":\"\",\"filename\":\"\",\"flipX\":false,\"flipY\":false},\"characterImage\":{\"description\":\"\",\"category\":\"character\",\"filename\":\"Mariasickpupg_Sad\",\"flipX\":false,\"flipY\":false}}],\"unlocks\":[],\"requirements\":[],\"secretUnlocked\":\"\"}],\"requirements\":[]},{\"decisionID\":\"salty_nauts\",\"decisionText\":\"The puppy has fleas. All the itching is really bothering him. Can we steal salt from the pantry to get rid of them?\",\"speakerName\":\"\",\"type\":0,\"speakerImage\":{\"description\":\"\",\"category\":\"character\",\"filename\":\"Janaki_Thinking\",\"flipX\":false,\"flipY\":false},\"anchorImage\":{\"description\":\"\",\"category\":\"\",\"filename\":\"\",\"flipX\":false,\"flipY\":false},\"choices\":[{\"choiceText\":\"Yes, it's for the puppy\",\"choiceMadeSummary\":\"stole salt from the pantry\",\"choiceNotMadeSummary\":\"\",\"attributeEffects\":[],\"metaEffects\":[{\"type\":6,\"name\":\"Slyness\",\"value\":1.0}],\"consequences\":[{\"statEffects\":[{\"type\":1,\"name\":\"Puppy Health\",\"value\":10.0}],\"flagEffects\":[],\"consequenceText\":\"It worked! Neil Barkstrong isn't scratching himself anymore.\",\"anchorImage\":{\"description\":\"\",\"category\":\"\",\"filename\":\"\",\"flipX\":false,\"flipY\":false},\"characterImage\":{\"description\":\"\",\"category\":\"character\",\"filename\":\"Mariahappypupg_Happy\",\"flipX\":false,\"flipY\":false}},{\"statEffects\":[{\"type\":1,\"name\":\"Food\",\"value\":-10.0}],\"flagEffects\":[],\"consequenceText\":\"But the salt was for preserving the butter. It's going to spoil now.\",\"anchorImage\":{\"description\":\"\",\"category\":\"\",\"filename\":\"\",\"flipX\":false,\"flipY\":false},\"characterImage\":{\"description\":\"\",\"category\":\"character\",\"filename\":\"Janakihappypupg_Glaring\",\"flipX\":false,\"flipY\":false}}],\"unlocks\":[],\"requirements\":[],\"secretUnlocked\":\"\"},{\"choiceText\":\"No stealing\",\"choiceMadeSummary\":\"didn't steal salt for the puppy\",\"choiceNotMadeSummary\":\"\",\"attributeEffects\":[],\"metaEffects\":[{\"type\":6,\"name\":\"Honesty\",\"value\":1.0}],\"consequences\":[{\"statEffects\":[{\"type\":1,\"name\":\"Puppy Health\",\"value\":-10.0}],\"flagEffects\":[],\"consequenceText\":\"The puppy scratched himself so hard, he started bleeding.\",\"anchorImage\":{\"description\":\"\",\"category\":\"\",\"filename\":\"\",\"flipX\":false,\"flipY\":false},\"characterImage\":{\"description\":\"\",\"category\":\"character\",\"filename\":\"Janakibarkingpupg_Disgusted\",\"flipX\":false,\"flipY\":false}}],\"unlocks\":[],\"requirements\":[],\"secretUnlocked\":\"\"}],\"requirements\":[]},{\"decisionID\":\"re_fuel\",\"decisionText\":\"Mira Esto! We're stopping at an International Space Station for refueling. Can we sneakily pick up some of their food?\",\"speakerName\":\"\",\"type\":0,\"speakerImage\":{\"description\":\"\",\"category\":\"character\",\"filename\":\"Maria_Awkward\",\"flipX\":false,\"flipY\":false},\"anchorImage\":{\"description\":\"\",\"category\":\"\",\"filename\":\"\",\"flipX\":false,\"flipY\":false},\"choices\":[{\"choiceText\":\"Yes\",\"choiceMadeSummary\":\"stole food from another space station\",\"choiceNotMadeSummary\":\"\",\"attributeEffects\":[],\"metaEffects\":[{\"type\":6,\"name\":\"Slyness\",\"value\":1.0}],\"consequences\":[{\"statEffects\":[{\"type\":1,\"name\":\"Food\",\"value\":10.0}],\"flagEffects\":[],\"consequenceText\":\"Woohoo! We've stocked up on food!\",\"anchorImage\":{\"description\":\"\",\"category\":\"\",\"filename\":\"\",\"flipX\":false,\"flipY\":false},\"characterImage\":{\"description\":\"\",\"category\":\"character\",\"filename\":\"Mariahappypupg_Happy\",\"flipX\":false,\"flipY\":false}},{\"statEffects\":[{\"type\":1,\"name\":\"Puppy Health\",\"value\":10.0}],\"flagEffects\":[],\"consequenceText\":\"The puppy is really enjoying the new dishes he's getting to try.\",\"anchorImage\":{\"description\":\"\",\"category\":\"\",\"filename\":\"\",\"flipX\":false,\"flipY\":false},\"characterImage\":{\"description\":\"\",\"category\":\"character\",\"filename\":\"Janakihappypupg_Awkward\",\"flipX\":false,\"flipY\":false}}],\"unlocks\":[],\"requirements\":[],\"secretUnlocked\":\"\"},{\"choiceText\":\"No\",\"choiceMadeSummary\":\"didn't steal food from the space station\",\"choiceNotMadeSummary\":\"\",\"attributeEffects\":[],\"metaEffects\":[{\"type\":6,\"name\":\"Honesty\",\"value\":1.0}],\"consequences\":[{\"statEffects\":[],\"flagEffects\":[],\"consequenceText\":\"The puppy smelled something yummy at the space station and now he's barking to demand food!\",\"anchorImage\":{\"description\":\"\",\"category\":\"\",\"filename\":\"\",\"flipX\":false,\"flipY\":false},\"characterImage\":{\"description\":\"\",\"category\":\"character\",\"filename\":\"Janakisadpupg_Thinking\",\"flipX\":false,\"flipY\":false}},{\"statEffects\":[{\"type\":1,\"name\":\"Food\",\"value\":10.0}],\"flagEffects\":[],\"consequenceText\":\"The astronauts at the space station were delighted to discover a puppy on board. They gave us a bag of doggy treats!\",\"anchorImage\":{\"description\":\"\",\"category\":\"\",\"filename\":\"\",\"flipX\":false,\"flipY\":false},\"characterImage\":{\"description\":\"\",\"category\":\"character\",\"filename\":\"Janaki_Happy\",\"flipX\":false,\"flipY\":false}}],\"unlocks\":[],\"requirements\":[],\"secretUnlocked\":\"\"}],\"requirements\":[]},{\"decisionID\":\"random_beans\",\"decisionText\":\"The warning label on some beans in our space lab says \\\"Not for human consumption.\\\" Maybe we could try feeding them to the puppy?\",\"speakerName\":\"\",\"type\":0,\"speakerImage\":{\"description\":\"\",\"category\":\"character\",\"filename\":\"Janaki_Neutral\",\"flipX\":false,\"flipY\":false},\"anchorImage\":{\"description\":\"\",\"category\":\"\",\"filename\":\"\",\"flipX\":false,\"flipY\":false},\"choices\":[{\"choiceText\":\"Yes, not like he can read\",\"choiceMadeSummary\":\"fed the dog questionable beans\",\"choiceNotMadeSummary\":\"\",\"attributeEffects\":[],\"metaEffects\":[{\"type\":6,\"name\":\"Sneakiness\",\"value\":1.0}],\"consequences\":[{\"statEffects\":[{\"type\":1,\"name\":\"Puppy Health\",\"value\":-10.0}],\"flagEffects\":[],\"consequenceText\":\"Oh no! Neil Barkstrong has a belly ache. He's whimpering.\",\"anchorImage\":{\"description\":\"\",\"category\":\"\",\"filename\":\"\",\"flipX\":false,\"flipY\":false},\"characterImage\":{\"description\":\"\",\"category\":\"character\",\"filename\":\"Mariasickpupg_Bored\",\"flipX\":false,\"flipY\":false}}],\"unlocks\":[],\"requirements\":[],\"secretUnlocked\":\"\"},{\"choiceText\":\"No, we can't do that to him\",\"choiceMadeSummary\":\"did not feed the dog random beans\",\"choiceNotMadeSummary\":\"\",\"attributeEffects\":[],\"metaEffects\":[{\"type\":6,\"name\":\"Justice\",\"value\":1.0}],\"consequences\":[{\"statEffects\":[{\"type\":1,\"name\":\"Food\",\"value\":-10.0}],\"flagEffects\":[],\"consequenceText\":\"Alright, then we'll just have to give him the food that is for human consumption.\",\"anchorImage\":{\"description\":\"\",\"category\":\"\",\"filename\":\"\",\"flipX\":false,\"flipY\":false},\"characterImage\":{\"description\":\"\",\"category\":\"character\",\"filename\":\"Janakihappypupg_Glaring\",\"flipX\":false,\"flipY\":false}}],\"unlocks\":[],\"requirements\":[],\"secretUnlocked\":\"\"}],\"requirements\":[]},{\"decisionID\":\"asteroid_belt\",\"decisionText\":\"We're about to take a short-cut through an asteroid belt. The bumpy ride might make the puppy uncomfortable. Let's sneakily change course?\",\"speakerName\":\"\",\"type\":0,\"speakerImage\":{\"description\":\"\",\"category\":\"character\",\"filename\":\"Janakiscaredpupg_Curious\",\"flipX\":false,\"flipY\":false},\"anchorImage\":{\"description\":\"\",\"category\":\"\",\"filename\":\"\",\"flipX\":false,\"flipY\":false},\"choices\":[{\"choiceText\":\"No\",\"choiceMadeSummary\":\"didn't sneakily change the rocket's route\",\"choiceNotMadeSummary\":\"\",\"attributeEffects\":[],\"metaEffects\":[{\"type\":6,\"name\":\"Justice\",\"value\":1.0}],\"consequences\":[{\"statEffects\":[{\"type\":1,\"name\":\"Puppy Health\",\"value\":-10.0}],\"flagEffects\":[],\"consequenceText\":\"Neil Barkstrong barked non-stop till we made it across. He has a sore throat now.\",\"anchorImage\":{\"description\":\"\",\"category\":\"\",\"filename\":\"\",\"flipX\":false,\"flipY\":false},\"characterImage\":{\"description\":\"\",\"category\":\"character\",\"filename\":\"Mariascaredpupg_Intense\",\"flipX\":false,\"flipY\":false}},{\"statEffects\":[{\"type\":1,\"name\":\"Food\",\"value\":10.0}],\"flagEffects\":[],\"consequenceText\":\"But the shortcut saved us a whole day of travel! Our food supplies will last longer now.\",\"anchorImage\":{\"description\":\"\",\"category\":\"\",\"filename\":\"\",\"flipX\":false,\"flipY\":false},\"characterImage\":{\"description\":\"\",\"category\":\"character\",\"filename\":\"Maria_Happy\",\"flipX\":false,\"flipY\":false}}],\"unlocks\":[],\"requirements\":[],\"secretUnlocked\":\"\"},{\"choiceText\":\"Yes\",\"choiceMadeSummary\":\"sneakily changed course for the puppy\",\"choiceNotMadeSummary\":\"\",\"attributeEffects\":[],\"metaEffects\":[{\"type\":6,\"name\":\"Sneakiness\",\"value\":1.0}],\"consequences\":[{\"statEffects\":[{\"type\":1,\"name\":\"Food\",\"value\":-10.0}],\"flagEffects\":[],\"consequenceText\":\"The changed course took a day longer. We are falling short of food.\",\"anchorImage\":{\"description\":\"\",\"category\":\"\",\"filename\":\"\",\"flipX\":false,\"flipY\":false},\"characterImage\":{\"description\":\"\",\"category\":\"character\",\"filename\":\"Janaki_Glaring\",\"flipX\":false,\"flipY\":false}}],\"unlocks\":[],\"requirements\":[],\"secretUnlocked\":\"\"}],\"requirements\":[]},{\"decisionID\":\"pupper_play\",\"decisionText\":\"An astronaut found some puppy hair in the pantry. They want us to tie him up so he stays away from the pantry.\",\"speakerName\":\"\",\"type\":0,\"speakerImage\":{\"description\":\"\",\"category\":\"character\",\"filename\":\"Janaki_Awkward\",\"flipX\":false,\"flipY\":false},\"anchorImage\":{\"description\":\"\",\"category\":\"\",\"filename\":\"\",\"flipX\":false,\"flipY\":false},\"choices\":[{\"choiceText\":\"Pretend it is your hair\",\"choiceMadeSummary\":\"lied for the puppy\",\"choiceNotMadeSummary\":\"\",\"attributeEffects\":[],\"metaEffects\":[{\"type\":6,\"name\":\"Slyness\",\"value\":1.0}],\"consequences\":[{\"statEffects\":[],\"flagEffects\":[],\"consequenceText\":\"We fooled those astronauts!\",\"anchorImage\":{\"description\":\"\",\"category\":\"\",\"filename\":\"\",\"flipX\":false,\"flipY\":false},\"characterImage\":{\"description\":\"\",\"category\":\"character\",\"filename\":\"Maria_Happy\",\"flipX\":false,\"flipY\":false}},{\"statEffects\":[{\"type\":1,\"name\":\"Food\",\"value\":-10.0}],\"flagEffects\":[],\"consequenceText\":\"But the puppy snuck into the pantry and got busy with the curly fries!\",\"anchorImage\":{\"description\":\"\",\"category\":\"\",\"filename\":\"\",\"flipX\":false,\"flipY\":false},\"characterImage\":{\"description\":\"\",\"category\":\"character\",\"filename\":\"Janakihappypupg_Glaring\",\"flipX\":false,\"flipY\":false}}],\"unlocks\":[],\"requirements\":[],\"secretUnlocked\":\"\"},{\"choiceText\":\"No lying, tie him up\",\"choiceMadeSummary\":\"refused to lie for the puppy\",\"choiceNotMadeSummary\":\"\",\"attributeEffects\":[],\"metaEffects\":[{\"type\":6,\"name\":\"Honesty\",\"value\":1.0}],\"consequences\":[{\"statEffects\":[{\"type\":1,\"name\":\"Puppy Health\",\"value\":-10.0}],\"flagEffects\":[],\"consequenceText\":\"Oh no! The puppy hates being tied up. He looks uncomfortable.\",\"anchorImage\":{\"description\":\"\",\"category\":\"\",\"filename\":\"\",\"flipX\":false,\"flipY\":false},\"characterImage\":{\"description\":\"\",\"category\":\"character\",\"filename\":\"Mariasickpupg_Glaring\",\"flipX\":false,\"flipY\":false}}],\"unlocks\":[],\"requirements\":[],\"secretUnlocked\":\"\"}],\"requirements\":[]},{\"decisionID\":\"lock_shock\",\"decisionText\":\"We made it to the F.S.S! But it has a strict NO DOGS Policy. Should we leave the puppy alone on the ship?\",\"speakerName\":\"\",\"type\":2,\"speakerImage\":{\"description\":\"\",\"category\":\"character\",\"filename\":\"Janaki_Sad\",\"flipX\":false,\"flipY\":false},\"anchorImage\":{\"description\":\"\",\"category\":\"\",\"filename\":\"\",\"flipX\":false,\"flipY\":false},\"choices\":[{\"choiceText\":\"Yes, rules are rules\",\"choiceMadeSummary\":\"left the puppy on the rocket ship\",\"choiceNotMadeSummary\":\"\",\"attributeEffects\":[],\"metaEffects\":[],\"consequences\":[{\"statEffects\":[{\"type\":1,\"name\":\"Puppy Health\",\"value\":-10.0}],\"flagEffects\":[],\"consequenceText\":\"Neil Barkstrong doesn't like being left alone. He's howling as we lock the door. Esto apesta.\",\"anchorImage\":{\"description\":\"\",\"category\":\"\",\"filename\":\"\",\"flipX\":false,\"flipY\":false},\"characterImage\":{\"description\":\"\",\"category\":\"character\",\"filename\":\"Maria_Sad\",\"flipX\":false,\"flipY\":false}},{\"statEffects\":[],\"flagEffects\":[],\"consequenceText\":\"Wait! Did I just hear the rocket engine being turned on?\",\"anchorImage\":{\"description\":\"\",\"category\":\"\",\"filename\":\"\",\"flipX\":false,\"flipY\":false},\"characterImage\":{\"description\":\"\",\"category\":\"character\",\"filename\":\"Janaki_Awkward\",\"flipX\":false,\"flipY\":false}}],\"unlocks\":[{\"property\":{\"type\":4,\"name\":\"launch_ouch\",\"value\":0.0},\"doUnlock\":true}],\"requirements\":[],\"secretUnlocked\":\"\"},{\"choiceText\":\"We'll stay behind too!\",\"choiceMadeSummary\":\"Stayed behind with the puppy on the rocket ship\",\"choiceNotMadeSummary\":\"\",\"attributeEffects\":[],\"metaEffects\":[],\"consequences\":[{\"statEffects\":[{\"type\":1,\"name\":\"Puppy Health\",\"value\":10.0}],\"flagEffects\":[],\"consequenceText\":\"Neil Barkstrong looks so excited we're staying behind. I guess we'll keep him safe too.\",\"anchorImage\":{\"description\":\"\",\"category\":\"\",\"filename\":\"\",\"flipX\":false,\"flipY\":false},\"characterImage\":{\"description\":\"\",\"category\":\"character\",\"filename\":\"Mariahappypupg_Excited\",\"flipX\":false,\"flipY\":false}},{\"statEffects\":[],\"flagEffects\":[],\"consequenceText\":\"But... I was really looking forward to interacting with the F.S.S scientists!\",\"anchorImage\":{\"description\":\"\",\"category\":\"\",\"filename\":\"\",\"flipX\":false,\"flipY\":false},\"characterImage\":{\"description\":\"\",\"category\":\"character\",\"filename\":\"Janaki_Sad\",\"flipX\":false,\"flipY\":false}}],\"unlocks\":[{\"property\":{\"type\":4,\"name\":\"puppy_sneak\",\"value\":0.0},\"doUnlock\":true}],\"requirements\":[],\"secretUnlocked\":\"\"}],\"requirements\":[{\"check\":{\"type\":3,\"name\":\"Nobleness\",\"value\":0.0},\"checkType\":5,\"comparePropName\":\"\"}]},{\"decisionID\":\"puppy_sneak\",\"decisionText\":\"Oh! the scientists have agreed to allow the puppy in; as long as we keep him in an enclosed space. But all we have is-\",\"speakerName\":\"\",\"type\":1,\"speakerImage\":{\"description\":\"\",\"category\":\"character\",\"filename\":\"Janaki_Smirk\",\"flipX\":false,\"flipY\":false},\"anchorImage\":{\"description\":\"\",\"category\":\"\",\"filename\":\"\",\"flipX\":false,\"flipY\":false},\"choices\":[{\"choiceText\":\"A food cart, put him in!\",\"choiceMadeSummary\":\"snuck the puppy in on a food cart\",\"choiceNotMadeSummary\":\"\",\"attributeEffects\":[],\"metaEffects\":[],\"consequences\":[{\"statEffects\":[{\"type\":1,\"name\":\"Food\",\"value\":-20.0}],\"flagEffects\":[],\"consequenceText\":\"Hay dios mio! Neil Barkstrong ate ALL the food on his way!\",\"anchorImage\":{\"description\":\"\",\"category\":\"\",\"filename\":\"\",\"flipX\":false,\"flipY\":false},\"characterImage\":{\"description\":\"\",\"category\":\"character\",\"filename\":\"Marianaughtypupg_Irritated\",\"flipX\":false,\"flipY\":false}}],\"unlocks\":[{\"property\":{\"type\":4,\"name\":\"help_food\",\"value\":0.0},\"doUnlock\":true},{\"property\":{\"type\":4,\"name\":\"food_cart\",\"value\":0.0},\"doUnlock\":true}],\"requirements\":[],\"secretUnlocked\":\"\"},{\"choiceText\":\"A backpack, zip him in!\",\"choiceMadeSummary\":\"Put the puppy in a backpack\",\"choiceNotMadeSummary\":\"\",\"attributeEffects\":[],\"metaEffects\":[],\"consequences\":[{\"statEffects\":[{\"type\":1,\"name\":\"Puppy Health\",\"value\":-20.0}],\"flagEffects\":[],\"consequenceText\":\"Esto apesta. The backpack was big but the puppy was bigger. He is really uncomfortable!\",\"anchorImage\":{\"description\":\"\",\"category\":\"\",\"filename\":\"\",\"flipX\":false,\"flipY\":false},\"characterImage\":{\"description\":\"\",\"category\":\"character\",\"filename\":\"Mariasickpupg_Sad\",\"flipX\":false,\"flipY\":false}}],\"unlocks\":[{\"property\":{\"type\":4,\"name\":\"help_doctor\",\"value\":0.0},\"doUnlock\":true},{\"property\":{\"type\":4,\"name\":\"radio_active\",\"value\":0.0},\"doUnlock\":true}],\"requirements\":[],\"secretUnlocked\":\"\"}],\"requirements\":[{\"check\":{\"type\":4,\"name\":\"puppy_sneak\",\"value\":0.0},\"checkType\":0,\"comparePropName\":\"\"}]},{\"decisionID\":\"help_food\",\"decisionText\":\"The puppy has eaten up everything in the cart. Its creating a nuisance. Can we give the food cart a violent shake to scare him?\",\"speakerName\":\"\",\"type\":1,\"speakerImage\":{\"description\":\"\",\"category\":\"character\",\"filename\":\"Janaki_Thinking\",\"flipX\":false,\"flipY\":false},\"anchorImage\":{\"description\":\"\",\"category\":\"\",\"filename\":\"\",\"flipX\":false,\"flipY\":false},\"choices\":[{\"choiceText\":\"Yes\",\"choiceMadeSummary\":\"admitted that you made a mistake\",\"choiceNotMadeSummary\":\"\",\"attributeEffects\":[],\"metaEffects\":[],\"consequences\":[{\"statEffects\":[{\"type\":1,\"name\":\"Puppy Health\",\"value\":-10.0}],\"flagEffects\":[],\"consequenceText\":\"The puppy tumbled when we shook the cart. I think it hurt its paw.\",\"anchorImage\":{\"description\":\"\",\"category\":\"\",\"filename\":\"\",\"flipX\":false,\"flipY\":false},\"characterImage\":{\"description\":\"\",\"category\":\"character\",\"filename\":\"Janaki_Uh-Oh\",\"flipX\":false,\"flipY\":false}}],\"unlocks\":[],\"requirements\":[],\"secretUnlocked\":\"\"},{\"choiceText\":\"No, throw in some food to keep him occupied\",\"choiceMadeSummary\":\"Threw more food into the cart\",\"choiceNotMadeSummary\":\"\",\"attributeEffects\":[],\"metaEffects\":[],\"consequences\":[{\"statEffects\":[{\"type\":1,\"name\":\"Food\",\"value\":-10.0}],\"flagEffects\":[],\"consequenceText\":\"That helped calm the puppy down but we lost more food.\",\"anchorImage\":{\"description\":\"\",\"category\":\"\",\"filename\":\"\",\"flipX\":false,\"flipY\":false},\"characterImage\":{\"description\":\"\",\"category\":\"character\",\"filename\":\"Janakiscaredpupg_Uh-Oh\",\"flipX\":false,\"flipY\":false}}],\"unlocks\":[],\"requirements\":[],\"secretUnlocked\":\"\"}],\"requirements\":[{\"check\":{\"type\":4,\"name\":\"help_food\",\"value\":0.0},\"checkType\":0,\"comparePropName\":\"\"}]},{\"decisionID\":\"launch_ouch\",\"decisionText\":\"Oh nooo! The puppy snuck into the Rocket's control room and is about to blast off to Mars!\",\"speakerName\":\"\",\"type\":1,\"speakerImage\":{\"description\":\"\",\"category\":\"character\",\"filename\":\"Janaki_Thinking\",\"flipX\":false,\"flipY\":false},\"anchorImage\":{\"description\":\"\",\"category\":\"\",\"filename\":\"\",\"flipX\":false,\"flipY\":false},\"choices\":[{\"choiceText\":\"Inform the authorites\",\"choiceMadeSummary\":\"informed the authorities about the puppy\",\"choiceNotMadeSummary\":\"\",\"attributeEffects\":[],\"metaEffects\":[],\"consequences\":[{\"statEffects\":[],\"flagEffects\":[],\"consequenceText\":\"The Space Director at F.S.S, has grabbed his walkie-talkie sorry...launchie-talkie!\",\"anchorImage\":{\"description\":\"\",\"category\":\"\",\"filename\":\"\",\"flipX\":false,\"flipY\":false},\"characterImage\":{\"description\":\"\",\"category\":\"character\",\"filename\":\"Maria_Curious\",\"flipX\":false,\"flipY\":false}},{\"statEffects\":[{\"type\":1,\"name\":\"Puppy Health\",\"value\":-10.0}],\"flagEffects\":[],\"consequenceText\":\"And he's shouting at the puppy! The puppy looks terrified.\",\"anchorImage\":{\"description\":\"\",\"category\":\"\",\"filename\":\"\",\"flipX\":false,\"flipY\":false},\"characterImage\":{\"description\":\"\",\"category\":\"character\",\"filename\":\"Janakisadpupg_Awkward\",\"flipX\":false,\"flipY\":false}}],\"unlocks\":[{\"property\":{\"type\":4,\"name\":\"space_out\",\"value\":0.0},\"doUnlock\":true},{\"property\":{\"type\":4,\"name\":\"mis_chief\",\"value\":0.0},\"doUnlock\":true}],\"requirements\":[],\"secretUnlocked\":\"\"},{\"choiceText\":\"Do something yourself\",\"choiceMadeSummary\":\"Didnt inform the authorities about the puppy\",\"choiceNotMadeSummary\":\"\",\"attributeEffects\":[],\"metaEffects\":[],\"consequences\":[{\"statEffects\":[],\"flagEffects\":[],\"consequenceText\":\"We're no experts so this will take time.\",\"anchorImage\":{\"description\":\"\",\"category\":\"\",\"filename\":\"\",\"flipX\":false,\"flipY\":false},\"characterImage\":{\"description\":\"\",\"category\":\"character\",\"filename\":\"Janaki_Thinking\",\"flipX\":false,\"flipY\":false}},{\"statEffects\":[{\"type\":1,\"name\":\"Puppy Health\",\"value\":-10.0}],\"flagEffects\":[],\"consequenceText\":\"Meanwhile the rumbling engines are scaring Neil Barkstrong.\",\"anchorImage\":{\"description\":\"\",\"category\":\"\",\"filename\":\"\",\"flipX\":false,\"flipY\":false},\"characterImage\":{\"description\":\"\",\"category\":\"character\",\"filename\":\"Mariascaredpupg_Sad\",\"flipX\":false,\"flipY\":false}}],\"unlocks\":[{\"property\":{\"type\":4,\"name\":\"thunder_blunder\",\"value\":0.0},\"doUnlock\":true},{\"property\":{\"type\":4,\"name\":\"diss_track\",\"value\":0.0},\"doUnlock\":true}],\"requirements\":[],\"secretUnlocked\":\"\"}],\"requirements\":[{\"check\":{\"type\":4,\"name\":\"launch_ouch\",\"value\":0.0},\"checkType\":0,\"comparePropName\":\"\"}]},{\"decisionID\":\"space_out\",\"decisionText\":\"The scientists are disabling the rocket but the Space Director's still shouting at the puppy. He looks really scared.\",\"speakerName\":\"\",\"type\":1,\"speakerImage\":{\"description\":\"\",\"category\":\"character\",\"filename\":\"Matt_Intense\",\"flipX\":false,\"flipY\":false},\"anchorImage\":{\"description\":\"\",\"category\":\"\",\"filename\":\"\",\"flipX\":false,\"flipY\":false},\"choices\":[{\"choiceText\":\"Take his launchie-talkie away\",\"choiceMadeSummary\":\"confronted the Space Director\",\"choiceNotMadeSummary\":\"\",\"attributeEffects\":[],\"metaEffects\":[],\"consequences\":[{\"statEffects\":[{\"type\":1,\"name\":\"Puppy Health\",\"value\":10.0}],\"flagEffects\":[],\"consequenceText\":\"The puppy looks relieved it's over. Its wagging it's tail cautiously.\",\"anchorImage\":{\"description\":\"\",\"category\":\"\",\"filename\":\"\",\"flipX\":false,\"flipY\":false},\"characterImage\":{\"description\":\"\",\"category\":\"character\",\"filename\":\"Janakihappypupg_Awkward\",\"flipX\":false,\"flipY\":false}},{\"statEffects\":[{\"type\":1,\"name\":\"Food\",\"value\":-10.0}],\"flagEffects\":[],\"consequenceText\":\"The Space Director is really angry. He's not giving us any baklava for the trip back.\",\"anchorImage\":{\"description\":\"\",\"category\":\"\",\"filename\":\"\",\"flipX\":false,\"flipY\":false},\"characterImage\":{\"description\":\"\",\"category\":\"character\",\"filename\":\"Maria_Intense\",\"flipX\":false,\"flipY\":false}}],\"unlocks\":[],\"requirements\":[],\"secretUnlocked\":\"\"},{\"choiceText\":\"He's the boss, do nothing\",\"choiceMadeSummary\":\"Didn't confront the space director\",\"choiceNotMadeSummary\":\"\",\"attributeEffects\":[],\"metaEffects\":[],\"consequences\":[{\"statEffects\":[],\"flagEffects\":[],\"consequenceText\":\"Neil Barkstrong is rolled up in a corner.\",\"anchorImage\":{\"description\":\"\",\"category\":\"\",\"filename\":\"\",\"flipX\":false,\"flipY\":false},\"characterImage\":{\"description\":\"\",\"category\":\"character\",\"filename\":\"Mariascaredpupg_Sad\",\"flipX\":false,\"flipY\":false}},{\"statEffects\":[{\"type\":1,\"name\":\"Puppy Health\",\"value\":-10.0}],\"flagEffects\":[],\"consequenceText\":\"The rumbling rocket and the shouting rocketman really scarred him emotionally.\",\"anchorImage\":{\"description\":\"\",\"category\":\"\",\"filename\":\"\",\"flipX\":false,\"flipY\":false},\"characterImage\":{\"description\":\"\",\"category\":\"character\",\"filename\":\"Janakiscaredpupg_Uh-Oh\",\"flipX\":false,\"flipY\":false}}],\"unlocks\":[],\"requirements\":[],\"secretUnlocked\":\"\"}],\"requirements\":[{\"check\":{\"type\":4,\"name\":\"space_out\",\"value\":0.0},\"checkType\":0,\"comparePropName\":\"\"}]},{\"decisionID\":\"thunder_blunder\",\"decisionText\":\"I can try to disable the engines from outside but we need to distract the puppy. NOW!\",\"speakerName\":\"\",\"type\":1,\"speakerImage\":{\"description\":\"\",\"category\":\"character\",\"filename\":\"Janaki_Neutral\",\"flipX\":false,\"flipY\":false},\"anchorImage\":{\"description\":\"\",\"category\":\"\",\"filename\":\"\",\"flipX\":false,\"flipY\":false},\"choices\":[{\"choiceText\":\"Play thunder sounds to scare him!\",\"choiceMadeSummary\":\"scared the puppy with thunder sounds\",\"choiceNotMadeSummary\":\"\",\"attributeEffects\":[],\"metaEffects\":[],\"consequences\":[{\"statEffects\":[{\"type\":1,\"name\":\"Puppy Health\",\"value\":-10.0}],\"flagEffects\":[],\"consequenceText\":\"It worked! But the puppy is curled up in a corner. He's frightened!\",\"anchorImage\":{\"description\":\"\",\"category\":\"\",\"filename\":\"\",\"flipX\":false,\"flipY\":false},\"characterImage\":{\"description\":\"\",\"category\":\"character\",\"filename\":\"Janakiscaredpupg_Curious\",\"flipX\":false,\"flipY\":false}}],\"unlocks\":[],\"requirements\":[],\"secretUnlocked\":\"\"},{\"choiceText\":\"Open the doors of the pantry\",\"choiceMadeSummary\":\"Opened the doors of the pantry to create a distraction\",\"choiceNotMadeSummary\":\"\",\"attributeEffects\":[],\"metaEffects\":[],\"consequences\":[{\"statEffects\":[],\"flagEffects\":[],\"consequenceText\":\"It worked! Neil Barkstrong rushed out of the control room.\",\"anchorImage\":{\"description\":\"\",\"category\":\"\",\"filename\":\"\",\"flipX\":false,\"flipY\":false},\"characterImage\":{\"description\":\"\",\"category\":\"character\",\"filename\":\"Mariahappypupg_Excited\",\"flipX\":false,\"flipY\":false}},{\"statEffects\":[{\"type\":1,\"name\":\"Food\",\"value\":-10.0}],\"flagEffects\":[],\"consequenceText\":\"I guess the engine sounds make his belly rumble. We're going to need more food.\",\"anchorImage\":{\"description\":\"\",\"category\":\"\",\"filename\":\"\",\"flipX\":false,\"flipY\":false},\"characterImage\":{\"description\":\"\",\"category\":\"character\",\"filename\":\"Janakinaughtypupg_Thinking\",\"flipX\":false,\"flipY\":false}}],\"unlocks\":[],\"requirements\":[],\"secretUnlocked\":\"\"}],\"requirements\":[{\"check\":{\"type\":4,\"name\":\"thunder_blunder\",\"value\":0.0},\"checkType\":0,\"comparePropName\":\"\"}]},{\"decisionID\":\"help_doctor\",\"decisionText\":\"Neil Barkstrong is feeling a bit anxious inside the backpack! Should we let him out?\",\"speakerName\":\"\",\"type\":1,\"speakerImage\":{\"description\":\"\",\"category\":\"character\",\"filename\":\"Mariasadpupg_Glaring\",\"flipX\":false,\"flipY\":false},\"anchorImage\":{\"description\":\"\",\"category\":\"\",\"filename\":\"\",\"flipX\":false,\"flipY\":false},\"choices\":[{\"choiceText\":\"Yes\",\"choiceMadeSummary\":\"Let Neil out of the backpack\",\"choiceNotMadeSummary\":\"\",\"attributeEffects\":[],\"metaEffects\":[],\"consequences\":[{\"statEffects\":[{\"type\":1,\"name\":\"Puppy Health\",\"value\":10.0}],\"flagEffects\":[],\"consequenceText\":\"The puppy ran around flashing his happy puppy eyes..\",\"anchorImage\":{\"description\":\"\",\"category\":\"\",\"filename\":\"\",\"flipX\":false,\"flipY\":false},\"characterImage\":{\"description\":\"\",\"category\":\"character\",\"filename\":\"Janakihappypupg_Awkward\",\"flipX\":false,\"flipY\":false}},{\"statEffects\":[],\"flagEffects\":[],\"consequenceText\":\"Even the astronauts couldn't help but pet him and play with him.\",\"anchorImage\":{\"description\":\"\",\"category\":\"\",\"filename\":\"\",\"flipX\":false,\"flipY\":false},\"characterImage\":{\"description\":\"\",\"category\":\"character\",\"filename\":\"Mariahappypupg_Happy\",\"flipX\":false,\"flipY\":false}}],\"unlocks\":[],\"requirements\":[],\"secretUnlocked\":\"\"},{\"choiceText\":\"No, stick to the rules!\",\"choiceMadeSummary\":\"didn't take the puppy to the doctor\",\"choiceNotMadeSummary\":\"\",\"attributeEffects\":[],\"metaEffects\":[],\"consequences\":[{\"statEffects\":[{\"type\":1,\"name\":\"Puppy Health\",\"value\":-10.0}],\"flagEffects\":[],\"consequenceText\":\"We could hear Neil Barkstrong whimper in the shoe box!\",\"anchorImage\":{\"description\":\"\",\"category\":\"\",\"filename\":\"\",\"flipX\":false,\"flipY\":false},\"characterImage\":{\"description\":\"\",\"category\":\"character\",\"filename\":\"Mariasickpupg_Sad\",\"flipX\":false,\"flipY\":false}}],\"unlocks\":[],\"requirements\":[],\"secretUnlocked\":\"\"}],\"requirements\":[{\"check\":{\"type\":4,\"name\":\"help_doctor\",\"value\":0.0},\"checkType\":0,\"comparePropName\":\"\"}]},{\"decisionID\":\"martian_signal\",\"decisionText\":\"We just spotted a 'Martian Food Truck'. We have to do whatever it takes to get their food. What's your plan?\",\"speakerName\":\"\",\"type\":2,\"speakerImage\":{\"description\":\"\",\"category\":\"character\",\"filename\":\"Janakihappypupg_Smirk\",\"flipX\":false,\"flipY\":false},\"anchorImage\":{\"description\":\"\",\"category\":\"\",\"filename\":\"\",\"flipX\":false,\"flipY\":false},\"choices\":[{\"choiceText\":\"Use the puppy as a distraction\",\"choiceMadeSummary\":\"Used the puppy to distract the martians\",\"choiceNotMadeSummary\":\"\",\"attributeEffects\":[],\"metaEffects\":[],\"consequences\":[{\"statEffects\":[{\"type\":1,\"name\":\"Puppy Health\",\"value\":10.0}],\"flagEffects\":[],\"consequenceText\":\"The Martians love the puppy. They're giving him food, and it looks like they have some puppies of their own.\",\"anchorImage\":{\"description\":\"\",\"category\":\"\",\"filename\":\"\",\"flipX\":false,\"flipY\":false},\"characterImage\":{\"description\":\"\",\"category\":\"character\",\"filename\":\"Maria_Excited\",\"flipX\":false,\"flipY\":false}},{\"statEffects\":[{\"type\":1,\"name\":\"Food\",\"value\":10.0}],\"flagEffects\":[],\"consequenceText\":\"And while they were distracted, we got hold of some food too.\",\"anchorImage\":{\"description\":\"\",\"category\":\"\",\"filename\":\"\",\"flipX\":false,\"flipY\":false},\"characterImage\":{\"description\":\"\",\"category\":\"character\",\"filename\":\"Janaki_Happy\",\"flipX\":false,\"flipY\":false}}],\"unlocks\":[{\"property\":{\"type\":4,\"name\":\"love_space\",\"value\":0.0},\"doUnlock\":true}],\"requirements\":[],\"secretUnlocked\":\"\"},{\"choiceText\":\"Attack the truck with potatoes!\",\"choiceMadeSummary\":\"Attacked the maritan food truck with potatoes\",\"choiceNotMadeSummary\":\"\",\"attributeEffects\":[],\"metaEffects\":[],\"consequences\":[{\"statEffects\":[],\"flagEffects\":[],\"consequenceText\":\"We used some rocket fuel to shoot potatoes at the back of the martian food truck!\",\"anchorImage\":{\"description\":\"\",\"category\":\"\",\"filename\":\"\",\"flipX\":false,\"flipY\":false},\"characterImage\":{\"description\":\"\",\"category\":\"character\",\"filename\":\"Mariascaredpupg_Intense\",\"flipX\":false,\"flipY\":false}},{\"statEffects\":[{\"type\":1,\"name\":\"Food\",\"value\":-10.0}],\"flagEffects\":[],\"consequenceText\":\"We lost some very edible potatoes.\",\"anchorImage\":{\"description\":\"\",\"category\":\"\",\"filename\":\"\",\"flipX\":false,\"flipY\":false},\"characterImage\":{\"description\":\"\",\"category\":\"character\",\"filename\":\"Janakisadpupg_Thinking\",\"flipX\":false,\"flipY\":false}},{\"statEffects\":[],\"flagEffects\":[],\"consequenceText\":\"BUT we managed to make a hole in their kitchen door!\",\"anchorImage\":{\"description\":\"\",\"category\":\"\",\"filename\":\"\",\"flipX\":false,\"flipY\":false},\"characterImage\":{\"description\":\"\",\"category\":\"character\",\"filename\":\"Mariahappypupg_Happy\",\"flipX\":false,\"flipY\":false}}],\"unlocks\":[{\"property\":{\"type\":4,\"name\":\"potato_potato\",\"value\":0.0},\"doUnlock\":true}],\"requirements\":[],\"secretUnlocked\":\"\"}],\"requirements\":[{\"check\":{\"type\":3,\"name\":\"Craftiness\",\"value\":0.0},\"checkType\":5,\"comparePropName\":\"\"}]},{\"decisionID\":\"potato_potato\",\"decisionText\":\"We're out of potatoes and the hole is only big enough for a puppy to crawl into.\",\"speakerName\":\"\",\"type\":1,\"speakerImage\":{\"description\":\"\",\"category\":\"character\",\"filename\":\"Janakisneakypupg_Thinking\",\"flipX\":false,\"flipY\":false},\"anchorImage\":{\"description\":\"\",\"category\":\"\",\"filename\":\"\",\"flipX\":false,\"flipY\":false},\"choices\":[{\"choiceText\":\"Send Neil in\",\"choiceMadeSummary\":\"Sent the puppy into the martian kitchen alone\",\"choiceNotMadeSummary\":\"\",\"attributeEffects\":[],\"metaEffects\":[],\"consequences\":[{\"statEffects\":[{\"type\":1,\"name\":\"Puppy Health\",\"value\":-10.0}],\"flagEffects\":[],\"consequenceText\":\"Oh no! The martians caught Neil Barkstrong sneaking in! This isn't looking good for him. He's so scared.\",\"anchorImage\":{\"description\":\"\",\"category\":\"\",\"filename\":\"\",\"flipX\":false,\"flipY\":false},\"characterImage\":{\"description\":\"\",\"category\":\"character\",\"filename\":\"Mariascaredpupg_Sad\",\"flipX\":false,\"flipY\":false}}],\"unlocks\":[{\"property\":{\"type\":4,\"name\":\"barter_starter\",\"value\":0.0},\"doUnlock\":true},{\"property\":{\"type\":4,\"name\":\"hole_universe\",\"value\":0.0},\"doUnlock\":true}],\"requirements\":[],\"secretUnlocked\":\"\"},{\"choiceText\":\"Can't send Neil alone\",\"choiceMadeSummary\":\"Didn't send the puppy into the alien kitchen alone\",\"choiceNotMadeSummary\":\"\",\"attributeEffects\":[],\"metaEffects\":[],\"consequences\":[{\"statEffects\":[{\"type\":1,\"name\":\"Food\",\"value\":-10.0}],\"flagEffects\":[],\"consequenceText\":\"In that case we're going to shoot other kinds of food to make the hole bigger. Melons maybe!\",\"anchorImage\":{\"description\":\"\",\"category\":\"\",\"filename\":\"\",\"flipX\":false,\"flipY\":false},\"characterImage\":{\"description\":\"\",\"category\":\"character\",\"filename\":\"Janaki_Thinking\",\"flipX\":false,\"flipY\":false}}],\"unlocks\":[{\"property\":{\"type\":4,\"name\":\"float_vote\",\"value\":0.0},\"doUnlock\":true},{\"property\":{\"type\":4,\"name\":\"mars_bars\",\"value\":0.0},\"doUnlock\":true}],\"requirements\":[],\"secretUnlocked\":\"\"}],\"requirements\":[{\"check\":{\"type\":4,\"name\":\"potato_potato\",\"value\":0.0},\"checkType\":0,\"comparePropName\":\"\"}]},{\"decisionID\":\"float_vote\",\"decisionText\":\"It worked! The door broke and there's a lot of food floating around in space! Can we send the puppy out to fetch it?\",\"speakerName\":\"\",\"type\":1,\"speakerImage\":{\"description\":\"\",\"category\":\"character\",\"filename\":\"Janakihappypupg_Awkward\",\"flipX\":false,\"flipY\":false},\"anchorImage\":{\"description\":\"\",\"category\":\"\",\"filename\":\"\",\"flipX\":false,\"flipY\":false},\"choices\":[{\"choiceText\":\"No, too risky\",\"choiceMadeSummary\":\"Didn't send puppy to fetch food in space.\",\"choiceNotMadeSummary\":\"\",\"attributeEffects\":[],\"metaEffects\":[],\"consequences\":[{\"statEffects\":[{\"type\":1,\"name\":\"Food\",\"value\":20.0}],\"flagEffects\":[],\"consequenceText\":\"We sent astronauts instead of the puppy and they grabbed a whole lot of food with their bigger hands.\",\"anchorImage\":{\"description\":\"\",\"category\":\"\",\"filename\":\"\",\"flipX\":false,\"flipY\":false},\"characterImage\":{\"description\":\"\",\"category\":\"character\",\"filename\":\"Maria_Excited\",\"flipX\":false,\"flipY\":false}}],\"unlocks\":[],\"requirements\":[],\"secretUnlocked\":\"\"},{\"choiceText\":\"Yes, worth a shot\",\"choiceMadeSummary\":\"Sent the puppy in space to fetch food\",\"choiceNotMadeSummary\":\"\",\"attributeEffects\":[],\"metaEffects\":[],\"consequences\":[{\"statEffects\":[],\"flagEffects\":[],\"consequenceText\":\"Oh no! The puppy is getting too excited out there in space. He's floating in circles.\",\"anchorImage\":{\"description\":\"\",\"category\":\"\",\"filename\":\"\",\"flipX\":false,\"flipY\":false},\"characterImage\":{\"description\":\"\",\"category\":\"character\",\"filename\":\"Janakifloatingpupg_Uh-Oh\",\"flipX\":false,\"flipY\":false}},{\"statEffects\":[{\"type\":1,\"name\":\"Puppy Health\",\"value\":-10.0}],\"flagEffects\":[],\"consequenceText\":\"All the floating is making him dizzy. Time to get him back!\",\"anchorImage\":{\"description\":\"\",\"category\":\"\",\"filename\":\"\",\"flipX\":false,\"flipY\":false},\"characterImage\":{\"description\":\"\",\"category\":\"character\",\"filename\":\"Janaki_Irritated\",\"flipX\":false,\"flipY\":false}}],\"unlocks\":[],\"requirements\":[],\"secretUnlocked\":\"\"}],\"requirements\":[{\"check\":{\"type\":4,\"name\":\"float_vote\",\"value\":0.0},\"checkType\":0,\"comparePropName\":\"\"}]},{\"decisionID\":\"barter_starter\",\"decisionText\":\"The martians just sent us a message. They're saying they'll keep our puppy if we don't send them our food.\",\"speakerName\":\"\",\"type\":1,\"speakerImage\":{\"description\":\"\",\"category\":\"character\",\"filename\":\"Janaki_Uh-Oh\",\"flipX\":false,\"flipY\":false},\"anchorImage\":{\"description\":\"\",\"category\":\"\",\"filename\":\"\",\"flipX\":false,\"flipY\":false},\"choices\":[{\"choiceText\":\"Send Food\",\"choiceMadeSummary\":\"Sent food to rescue the puppy from aliens\",\"choiceNotMadeSummary\":\"\",\"attributeEffects\":[],\"metaEffects\":[],\"consequences\":[{\"statEffects\":[{\"type\":1,\"name\":\"Food\",\"value\":-20.0}],\"flagEffects\":[],\"consequenceText\":\"We had to give away so many supplies!\",\"anchorImage\":{\"description\":\"\",\"category\":\"\",\"filename\":\"\",\"flipX\":false,\"flipY\":false},\"characterImage\":{\"description\":\"\",\"category\":\"character\",\"filename\":\"Janaki_Disgusted\",\"flipX\":false,\"flipY\":false}},{\"statEffects\":[{\"type\":1,\"name\":\"Puppy Health\",\"value\":10.0}],\"flagEffects\":[],\"consequenceText\":\"But Neil Barkstrong is back with the people who know him best. He's thrilled!\",\"anchorImage\":{\"description\":\"\",\"category\":\"\",\"filename\":\"\",\"flipX\":false,\"flipY\":false},\"characterImage\":{\"description\":\"\",\"category\":\"character\",\"filename\":\"Mariahappypupg_Excited\",\"flipX\":false,\"flipY\":false}}],\"unlocks\":[],\"requirements\":[],\"secretUnlocked\":\"\"},{\"choiceText\":\"Let them keep the Puppy\",\"choiceMadeSummary\":\"Let the martians keep the puppy\",\"choiceNotMadeSummary\":\"\",\"attributeEffects\":[],\"metaEffects\":[],\"consequences\":[{\"statEffects\":[{\"type\":1,\"name\":\"Puppy Health\",\"value\":-10.0}],\"flagEffects\":[],\"consequenceText\":\"Esto Apesta! I'm sure the martians won't know how to remove Neil Barkstrong's ticks. I feel awful.\",\"anchorImage\":{\"description\":\"\",\"category\":\"\",\"filename\":\"\",\"flipX\":false,\"flipY\":false},\"characterImage\":{\"description\":\"\",\"category\":\"character\",\"filename\":\"Maria_Sad\",\"flipX\":false,\"flipY\":false}}],\"unlocks\":[],\"requirements\":[],\"secretUnlocked\":\"\"}],\"requirements\":[{\"check\":{\"type\":4,\"name\":\"barter_starter\",\"value\":0.0},\"checkType\":0,\"comparePropName\":\"\"}]},{\"decisionID\":\"love_space\",\"decisionText\":\"It's time to go. But our puppy brought back an alien puppy. We can't afford to feed two puppies!\",\"speakerName\":\"\",\"type\":1,\"speakerImage\":{\"description\":\"\",\"category\":\"character\",\"filename\":\"Janakibarkingpupg_Disgusted\",\"flipX\":false,\"flipY\":false},\"anchorImage\":{\"description\":\"\",\"category\":\"\",\"filename\":\"\",\"flipX\":false,\"flipY\":false},\"choices\":[{\"choiceText\":\"Return the alien puppy\",\"choiceMadeSummary\":\"told the astronauts about the extra puppy\",\"choiceNotMadeSummary\":\"\",\"attributeEffects\":[],\"metaEffects\":[],\"consequences\":[{\"statEffects\":[{\"type\":1,\"name\":\"Puppy Health\",\"value\":-10.0}],\"flagEffects\":[],\"consequenceText\":\"The idea of separating from the alien puppy is making Neil Barkstrong really sad!\",\"anchorImage\":{\"description\":\"\",\"category\":\"\",\"filename\":\"\",\"flipX\":false,\"flipY\":false},\"characterImage\":{\"description\":\"\",\"category\":\"character\",\"filename\":\"Mariasadpupg_Bored\",\"flipX\":false,\"flipY\":false}}],\"unlocks\":[{\"property\":{\"type\":4,\"name\":\"to_gether\",\"value\":0.0},\"doUnlock\":true},{\"property\":{\"type\":4,\"name\":\"lovers_choice\",\"value\":0.0},\"doUnlock\":true}],\"requirements\":[],\"secretUnlocked\":\"\"},{\"choiceText\":\"We'll feed them anyway\",\"choiceMadeSummary\":\"told nobody about the extra puppy onboard\",\"choiceNotMadeSummary\":\"\",\"attributeEffects\":[],\"metaEffects\":[],\"consequences\":[{\"statEffects\":[],\"flagEffects\":[],\"consequenceText\":\"Oh no! The alien puppy has an even bigger appetite!\",\"anchorImage\":{\"description\":\"\",\"category\":\"\",\"filename\":\"\",\"flipX\":false,\"flipY\":false},\"characterImage\":{\"description\":\"\",\"category\":\"character\",\"filename\":\"Marianaughtypupg_Sad\",\"flipX\":false,\"flipY\":false}},{\"statEffects\":[{\"type\":1,\"name\":\"Food\",\"value\":-10.0}],\"flagEffects\":[],\"consequenceText\":\"It went through breakfast, lunch and dinner in one go!\",\"anchorImage\":{\"description\":\"\",\"category\":\"\",\"filename\":\"\",\"flipX\":false,\"flipY\":false},\"characterImage\":{\"description\":\"\",\"category\":\"character\",\"filename\":\"Janakihappypupg_Glaring\",\"flipX\":false,\"flipY\":false}}],\"unlocks\":[{\"property\":{\"type\":4,\"name\":\"rid_alien\",\"value\":0.0},\"doUnlock\":true},{\"property\":{\"type\":4,\"name\":\"secret_alien\",\"value\":0.0},\"doUnlock\":true}],\"requirements\":[],\"secretUnlocked\":\"\"}],\"requirements\":[{\"check\":{\"type\":4,\"name\":\"love_space\",\"value\":0.0},\"checkType\":0,\"comparePropName\":\"\"}]},{\"decisionID\":\"to_gether\",\"decisionText\":\"The martians don't want to separate the puppies. They want to keep Neil Barkstrong as well as the alien puppy!\",\"speakerName\":\"\",\"type\":1,\"speakerImage\":{\"description\":\"\",\"category\":\"character\",\"filename\":\"Janakinaughtypupg_Confused\",\"flipX\":false,\"flipY\":false},\"anchorImage\":{\"description\":\"\",\"category\":\"\",\"filename\":\"\",\"flipX\":false,\"flipY\":false},\"choices\":[{\"choiceText\":\"Let them keep both\",\"choiceMadeSummary\":\"gave the puppy to the martians\",\"choiceNotMadeSummary\":\"\",\"attributeEffects\":[],\"metaEffects\":[],\"consequences\":[{\"statEffects\":[],\"flagEffects\":[],\"consequenceText\":\"The Martians were so happy we let them keep Neil Barkstrong.\",\"anchorImage\":{\"description\":\"\",\"category\":\"\",\"filename\":\"\",\"flipX\":false,\"flipY\":false},\"characterImage\":{\"description\":\"\",\"category\":\"character\",\"filename\":\"Marianaughtypupg_Sad\",\"flipX\":false,\"flipY\":false}},{\"statEffects\":[{\"type\":1,\"name\":\"Food\",\"value\":20.0}],\"flagEffects\":[],\"consequenceText\":\"As a thank you, they overfilled our pantry!\",\"anchorImage\":{\"description\":\"\",\"category\":\"\",\"filename\":\"\",\"flipX\":false,\"flipY\":false},\"characterImage\":{\"description\":\"\",\"category\":\"character\",\"filename\":\"Janaki_Excited\",\"flipX\":false,\"flipY\":false}}],\"unlocks\":[],\"requirements\":[],\"secretUnlocked\":\"\"},{\"choiceText\":\"No, it's our puppy!\",\"choiceMadeSummary\":\"didn't give the puppy tothe martians\",\"choiceNotMadeSummary\":\"\",\"attributeEffects\":[],\"metaEffects\":[],\"consequences\":[{\"statEffects\":[],\"flagEffects\":[],\"consequenceText\":\"The Martians weren't pleased about it!\",\"anchorImage\":{\"description\":\"\",\"category\":\"\",\"filename\":\"\",\"flipX\":false,\"flipY\":false},\"characterImage\":{\"description\":\"\",\"category\":\"character\",\"filename\":\"Mariasickpupg_Glaring\",\"flipX\":false,\"flipY\":false}},{\"statEffects\":[{\"type\":1,\"name\":\"Food\",\"value\":-10.0}],\"flagEffects\":[],\"consequenceText\":\"They made us give back all the food we stole!\",\"anchorImage\":{\"description\":\"\",\"category\":\"\",\"filename\":\"\",\"flipX\":false,\"flipY\":false},\"characterImage\":{\"description\":\"\",\"category\":\"character\",\"filename\":\"Janakisadpupg_Sad\",\"flipX\":false,\"flipY\":false}}],\"unlocks\":[],\"requirements\":[],\"secretUnlocked\":\"\"}],\"requirements\":[{\"check\":{\"type\":4,\"name\":\"to_gether\",\"value\":0.0},\"checkType\":0,\"comparePropName\":\"\"}]},{\"decisionID\":\"rid_alien\",\"decisionText\":\"The alien puppy needs to go! How do we keep Neil Barkstrong away while we get rid of it?\",\"speakerName\":\"\",\"type\":1,\"speakerImage\":{\"description\":\"\",\"category\":\"character\",\"filename\":\"Marianaughtypupg_Irritated\",\"flipX\":false,\"flipY\":false},\"anchorImage\":{\"description\":\"\",\"category\":\"\",\"filename\":\"\",\"flipX\":false,\"flipY\":false},\"choices\":[{\"choiceText\":\"Lock him in the pantry\",\"choiceMadeSummary\":\"gave food to puppy to distract him\",\"choiceNotMadeSummary\":\"\",\"attributeEffects\":[],\"metaEffects\":[],\"consequences\":[{\"statEffects\":[{\"type\":1,\"name\":\"Food\",\"value\":-10.0}],\"flagEffects\":[],\"consequenceText\":\"Neil Barkstrong went through a lot of sausages. He hardly noticed anything.\",\"anchorImage\":{\"description\":\"\",\"category\":\"\",\"filename\":\"\",\"flipX\":false,\"flipY\":false},\"characterImage\":{\"description\":\"\",\"category\":\"character\",\"filename\":\"Marianaughtypupg_Sad\",\"flipX\":false,\"flipY\":false}},{\"statEffects\":[],\"flagEffects\":[],\"consequenceText\":\"And the alien puppy is floating back to the Martians as we speak!\",\"anchorImage\":{\"description\":\"\",\"category\":\"\",\"filename\":\"\",\"flipX\":false,\"flipY\":false},\"characterImage\":{\"description\":\"\",\"category\":\"character\",\"filename\":\"Janaki_Happy\",\"flipX\":false,\"flipY\":false}}],\"unlocks\":[],\"requirements\":[],\"secretUnlocked\":\"\"},{\"choiceText\":\"Lock him in a closet\",\"choiceMadeSummary\":\"locked the puppy up in a closet\",\"choiceNotMadeSummary\":\"\",\"attributeEffects\":[],\"metaEffects\":[],\"consequences\":[{\"statEffects\":[{\"type\":1,\"name\":\"Puppy Health\",\"value\":-10.0}],\"flagEffects\":[],\"consequenceText\":\"Esto apesta! While we got rid of the alien Neil Barkstrong got dizzy inside the closet.\",\"anchorImage\":{\"description\":\"\",\"category\":\"\",\"filename\":\"\",\"flipX\":false,\"flipY\":false},\"characterImage\":{\"description\":\"\",\"category\":\"character\",\"filename\":\"Mariascaredpupg_Intense\",\"flipX\":false,\"flipY\":false}}],\"unlocks\":[],\"requirements\":[],\"secretUnlocked\":\"\"}],\"requirements\":[{\"check\":{\"type\":4,\"name\":\"rid_alien\",\"value\":0.0},\"checkType\":0,\"comparePropName\":\"\"}]},{\"decisionID\":\"citrical_matter\",\"decisionText\":\"The puppy smell is annoying everyone. Can we ask for some lemons to give him a bath?\",\"speakerName\":\"\",\"type\":0,\"speakerImage\":{\"description\":\"\",\"category\":\"character\",\"filename\":\"Janakinaughtypupg_Thinking\",\"flipX\":false,\"flipY\":false},\"anchorImage\":{\"description\":\"\",\"category\":\"\",\"filename\":\"\",\"flipX\":false,\"flipY\":false},\"choices\":[{\"choiceText\":\"Yes\",\"choiceMadeSummary\":\"asked for some lemons to deal with Puppy's smell\",\"choiceNotMadeSummary\":\"\",\"attributeEffects\":[],\"metaEffects\":[{\"type\":6,\"name\":\"Honesty\",\"value\":1.0}],\"consequences\":[{\"statEffects\":[{\"type\":1,\"name\":\"Food\",\"value\":-10.0}],\"flagEffects\":[],\"consequenceText\":\"We used up all the lemons. No lemonade for the rest of the trip.\",\"anchorImage\":{\"description\":\"\",\"category\":\"\",\"filename\":\"\",\"flipX\":false,\"flipY\":false},\"characterImage\":{\"description\":\"\",\"category\":\"character\",\"filename\":\"Janakisadpupg_Sad\",\"flipX\":false,\"flipY\":false}},{\"statEffects\":[{\"type\":1,\"name\":\"Puppy Health\",\"value\":10.0}],\"flagEffects\":[],\"consequenceText\":\"But the puppy smells amazing now! He is getting a lot of extra belly rubs.\",\"anchorImage\":{\"description\":\"\",\"category\":\"\",\"filename\":\"\",\"flipX\":false,\"flipY\":false},\"characterImage\":{\"description\":\"\",\"category\":\"character\",\"filename\":\"Janaki_Excited\",\"flipX\":false,\"flipY\":false}}],\"unlocks\":[],\"requirements\":[],\"secretUnlocked\":\"\"},{\"choiceText\":\"No, let's blame it on an astronaut\",\"choiceMadeSummary\":\"blamed an astronaut for the puppy's stink\",\"choiceNotMadeSummary\":\"\",\"attributeEffects\":[],\"metaEffects\":[{\"type\":6,\"name\":\"Slyness\",\"value\":1.0}],\"consequences\":[{\"statEffects\":[{\"type\":1,\"name\":\"Puppy Health\",\"value\":-10.0}],\"flagEffects\":[],\"consequenceText\":\"Nobody blamed the puppy but he didn't get a much needed bath.\",\"anchorImage\":{\"description\":\"\",\"category\":\"\",\"filename\":\"\",\"flipX\":false,\"flipY\":false},\"characterImage\":{\"description\":\"\",\"category\":\"character\",\"filename\":\"Janakinaughtypupg_Awkward\",\"flipX\":false,\"flipY\":false}}],\"unlocks\":[],\"requirements\":[],\"secretUnlocked\":\"\"}],\"requirements\":[]}],\"secrets\":[],\"interstitials\":[{\"showAtTurnsLeft\":2,\"requirements\":[{\"check\":{\"type\":3,\"name\":\"Nobleness\",\"value\":0.0},\"checkType\":5,\"comparePropName\":\"\"}],\"dialogue\":{\"speakerImage\":{\"description\":\"\",\"category\":\"character\",\"filename\":\"Maria_Thinking\",\"flipX\":false,\"flipY\":false},\"anchorImage\":{\"description\":\"\",\"category\":\"\",\"filename\":\"\",\"flipX\":false,\"flipY\":false},\"dialogueText\":\"You have been so noble in your pursuit to survive! Let's see how you'll manage the rest of the trip!\",\"choices\":[],\"overrideName\":\"\",\"overrideNameReqs\":[]},\"otherCharacter\":{\"description\":\"\",\"category\":\"\",\"filename\":\"\",\"flipX\":false,\"flipY\":false}},{\"showAtTurnsLeft\":2,\"requirements\":[{\"check\":{\"type\":3,\"name\":\"Craftiness\",\"value\":0.0},\"checkType\":5,\"comparePropName\":\"\"}],\"dialogue\":{\"speakerImage\":{\"description\":\"\",\"category\":\"character\",\"filename\":\"Janaki_Curious\",\"flipX\":false,\"flipY\":false},\"anchorImage\":{\"description\":\"\",\"category\":\"\",\"filename\":\"\",\"flipX\":false,\"flipY\":false},\"dialogueText\":\"So you're being crafty on this space craft! Make sure you don't space out!\",\"choices\":[],\"overrideName\":\"\",\"overrideNameReqs\":[]},\"otherCharacter\":{\"description\":\"\",\"category\":\"\",\"filename\":\"\",\"flipX\":false,\"flipY\":false}},{\"showAtTurnsLeft\":0,\"requirements\":[{\"check\":{\"type\":3,\"name\":\"Nobleness\",\"value\":0.0},\"checkType\":5,\"comparePropName\":\"\"}],\"dialogue\":{\"speakerImage\":{\"description\":\"\",\"category\":\"character\",\"filename\":\"Janaki_Smirk\",\"flipX\":false,\"flipY\":false},\"anchorImage\":{\"description\":\"\",\"category\":\"\",\"filename\":\"\",\"flipX\":false,\"flipY\":false},\"dialogueText\":\"You're locked into a noble path in this space race! Now make sure we stay on course and keep both the puppy and the food in mind.\",\"choices\":[],\"overrideName\":\"\",\"overrideNameReqs\":[]},\"otherCharacter\":{\"description\":\"\",\"category\":\"\",\"filename\":\"\",\"flipX\":false,\"flipY\":false}},{\"showAtTurnsLeft\":0,\"requirements\":[{\"check\":{\"type\":3,\"name\":\"Craftiness\",\"value\":0.0},\"checkType\":5,\"comparePropName\":\"\"}],\"dialogue\":{\"speakerImage\":{\"description\":\"\",\"category\":\"character\",\"filename\":\"Maria_Smirk\",\"flipX\":false,\"flipY\":false},\"anchorImage\":{\"description\":\"\",\"category\":\"\",\"filename\":\"\",\"flipX\":false,\"flipY\":false},\"dialogueText\":\"Your choices have unlocked the crafty path! Now make measured choices to keep the puppy happy and to keep our tummies full!\",\"choices\":[],\"overrideName\":\"\",\"overrideNameReqs\":[]},\"otherCharacter\":{\"description\":\"\",\"category\":\"\",\"filename\":\"\",\"flipX\":false,\"flipY\":false}}],\"goals\":[{\"goalID\":\"noble_spaceman\",\"goalText\":\"Mission accomplished, nobody feels like they got tricked!\",\"hintText\":\"Be fair to everyone on board, throughout the journey.\",\"requirements\":[{\"check\":{\"type\":3,\"name\":\"Nobleness\",\"value\":0.0},\"checkType\":5,\"comparePropName\":\"\"}],\"traits\":[\"Nobleness\"],\"onSuccess\":true,\"goalsForReveal\":0,\"type\":0},{\"goalID\":\"crafty_spaceman\",\"goalText\":\"Mission accomplished, but not everyone trusts you now.\",\"hintText\":\"Make sure everyone survives in space by any means necessary.\",\"requirements\":[{\"check\":{\"type\":3,\"name\":\"Craftiness\",\"value\":0.0},\"checkType\":5,\"comparePropName\":\"\"}],\"traits\":[\"Craftiness\"],\"onSuccess\":true,\"goalsForReveal\":0,\"type\":0}]}","playPattern":1,"isAvailable":true,"isPremium":false,"releaseOn":"","scenarioFile":{"instanceID":35024},"scenarioID":10,"character":{"description":"","category":"character","filename":"Maria_Happy","flipX":false,"flipY":false},"traitsName":["Kindness","Honor"]}