{"scenarioName":"Sibling Quibbling","scenarioSummary":"Get Janaki and Julio to bond with their siblings!","scenarioThumbnail":"Sibling Quibbling","scenarioDataJson":"{\"backgroundImage\":{\"description\":\"\",\"category\":\"background\",\"filename\":\"Sibling_Quibbling\",\"flipX\":false,\"flipY\":false},\"turnCount\":7,\"scenarioId\":0,\"endsWhenObjectiveMet\":false,\"unlockRequirements\":[],\"mainObjectives\":[{\"check\":{\"type\":1,\"name\":\"Sibling Bonding\",\"value\":50.0},\"checkType\":4,\"comparePropName\":\"\"},{\"check\":{\"type\":1,\"name\":\"Parent Happiness\",\"value\":40.0},\"checkType\":4,\"comparePropName\":\"\"}],\"bonusObjectives\":[],\"scenarioName\":\"Sibling Quibbling\",\"mainObjectiveDescription\":\"Bonus objectives\",\"bonusObjectivesDescription\":\"7\",\"turnName\":\"Days\",\"summarySuccess\":\"Julio and Janaki are closer to their siblings!\",\"summaryFailure\":\"You couldn't help Julio and Janaki bond with our siblings.\",\"startingStats\":[{\"type\":1,\"name\":\"Sibling Bonding\",\"value\":30.0},{\"type\":1,\"name\":\"Parent Happiness\",\"value\":30.0}],\"minMaxStatValues\":{\"x\":0.0,\"y\":100.0},\"intro\":[{\"speakerImage\":{\"description\":\"\",\"category\":\"character\",\"filename\":\"Julio_Sad\",\"flipX\":false,\"flipY\":false},\"anchorImage\":{\"description\":\"\",\"category\":\"\",\"filename\":\"\",\"flipX\":false,\"flipY\":false},\"dialogueText\":\"I had a fight with my older brother again! Older siblings are the worst.\",\"choices\":[],\"overrideName\":\"\",\"overrideNameReqs\":[]},{\"speakerImage\":{\"description\":\"\",\"category\":\"character\",\"filename\":\"Janaki_Irritated\",\"flipX\":false,\"flipY\":false},\"anchorImage\":{\"description\":\"\",\"category\":\"\",\"filename\":\"\",\"flipX\":false,\"flipY\":false},\"dialogueText\":\"I had a fight with my younger sister too. You know younger siblings can be really mean too.\",\"choices\":[],\"overrideName\":\"\",\"overrideNameReqs\":[]},{\"speakerImage\":{\"description\":\"\",\"category\":\"character\",\"filename\":\"Julio_Uh-Oh\",\"flipX\":false,\"flipY\":false},\"anchorImage\":{\"description\":\"\",\"category\":\"\",\"filename\":\"\",\"flipX\":false,\"flipY\":false},\"dialogueText\":\"And then my parents threatened to ground me. They are sick of all the sibling quibbling.\",\"choices\":[],\"overrideName\":\"\",\"overrideNameReqs\":[]},{\"speakerImage\":{\"description\":\"\",\"category\":\"character\",\"filename\":\"Janaki_Glaring\",\"flipX\":false,\"flipY\":false},\"anchorImage\":{\"description\":\"\",\"category\":\"\",\"filename\":\"\",\"flipX\":false,\"flipY\":false},\"dialogueText\":\"Alright, you need to help us get along with our siblings. [Sibling Bonding]\",\"choices\":[],\"overrideName\":\"\",\"overrideNameReqs\":[]},{\"speakerImage\":{\"description\":\"\",\"category\":\"character\",\"filename\":\"Janaki_Intense\",\"flipX\":false,\"flipY\":false},\"anchorImage\":{\"description\":\"\",\"category\":\"\",\"filename\":\"\",\"flipX\":false,\"flipY\":false},\"dialogueText\":\"But make sure we don't rub our parents the wrong way either. [Parent Happiness] Or we won't be able to hang out with you.\",\"choices\":[],\"overrideName\":\"\",\"overrideNameReqs\":[]},{\"speakerImage\":{\"description\":\"\",\"category\":\"character\",\"filename\":\"Julio_Excited\",\"flipX\":false,\"flipY\":false},\"anchorImage\":{\"description\":\"\",\"category\":\"\",\"filename\":\"\",\"flipX\":false,\"flipY\":false},\"dialogueText\":\"You decide if we should be kind or sensible. Just help us deal with our siblings and parents.\",\"choices\":[],\"overrideName\":\"\",\"overrideNameReqs\":[]}],\"outros\":[{\"outroID\":\"sense_one\",\"outcomeType\":1,\"traitCheck\":\"Sensibleness\",\"traitCheckPositive\":false,\"dialogueOptions\":[{\"speakerImage\":{\"description\":\"\",\"category\":\"character\",\"filename\":\"Janaki_Happy\",\"flipX\":false,\"flipY\":false},\"anchorImage\":{\"description\":\"\",\"category\":\"\",\"filename\":\"\",\"flipX\":false,\"flipY\":false},\"dialogueText\":\"You did it! We're closer to our siblings, and we're more sensible while dealing with them!\",\"choices\":[],\"overrideName\":\"\",\"overrideNameReqs\":[]}],\"propsToShow\":[]},{\"outroID\":\"sense_one\",\"outcomeType\":4,\"traitCheck\":\"Sensibleness\",\"traitCheckPositive\":false,\"dialogueOptions\":[{\"speakerImage\":{\"description\":\"\",\"category\":\"character\",\"filename\":\"Janaki_Sad\",\"flipX\":false,\"flipY\":false},\"anchorImage\":{\"description\":\"\",\"category\":\"\",\"filename\":\"\",\"flipX\":false,\"flipY\":false},\"dialogueText\":\"You couldn't help us bond with our siblings. Even after you made us deal with them sensibly.\",\"choices\":[],\"overrideName\":\"\",\"overrideNameReqs\":[]}],\"propsToShow\":[]},{\"outroID\":\"sense_last\",\"outcomeType\":1,\"traitCheck\":\"Sensibleness\",\"traitCheckPositive\":false,\"dialogueOptions\":[{\"speakerImage\":{\"description\":\"\",\"category\":\"character\",\"filename\":\"Janaki_Smirk\",\"flipX\":false,\"flipY\":false},\"anchorImage\":{\"description\":\"\",\"category\":\"\",\"filename\":\"\",\"flipX\":false,\"flipY\":false},\"dialogueText\":\"You even made me be firm with my sister at the concert. You've really helped us get in sync.\",\"choices\":[],\"overrideName\":\"\",\"overrideNameReqs\":[]}],\"propsToShow\":[]},{\"outroID\":\"sense_blast\",\"outcomeType\":1,\"traitCheck\":\"Sensibleness\",\"traitCheckPositive\":false,\"dialogueOptions\":[{\"speakerImage\":{\"description\":\"\",\"category\":\"character\",\"filename\":\"Janaki_Smirk\",\"flipX\":false,\"flipY\":false},\"anchorImage\":{\"description\":\"\",\"category\":\"\",\"filename\":\"\",\"flipX\":false,\"flipY\":false},\"dialogueText\":\"You even helped me chaperone my sister without bothering her. You helped my family get in sync.\",\"choices\":[],\"overrideName\":\"\",\"overrideNameReqs\":[]}],\"propsToShow\":[]},{\"outroID\":\"kind_one\",\"outcomeType\":1,\"traitCheck\":\"Kindness\",\"traitCheckPositive\":false,\"dialogueOptions\":[{\"speakerImage\":{\"description\":\"\",\"category\":\"character\",\"filename\":\"Julio_Neutral\",\"flipX\":false,\"flipY\":false},\"anchorImage\":{\"description\":\"\",\"category\":\"\",\"filename\":\"\",\"flipX\":false,\"flipY\":false},\"dialogueText\":\"You did it! We're closer to our siblings and we're also being kinder to them.\",\"choices\":[],\"overrideName\":\"\",\"overrideNameReqs\":[]}],\"propsToShow\":[]},{\"outroID\":\"kind_one\",\"outcomeType\":4,\"traitCheck\":\"Kindness\",\"traitCheckPositive\":false,\"dialogueOptions\":[{\"speakerImage\":{\"description\":\"\",\"category\":\"character\",\"filename\":\"Julio_Intense\",\"flipX\":false,\"flipY\":false},\"anchorImage\":{\"description\":\"\",\"category\":\"\",\"filename\":\"\",\"flipX\":false,\"flipY\":false},\"dialogueText\":\"You couldn't help us bond with our siblings, even after you made us deal with them kindly.\",\"choices\":[],\"overrideName\":\"\",\"overrideNameReqs\":[]}],\"propsToShow\":[]},{\"outroID\":\"kind_last\",\"outcomeType\":1,\"traitCheck\":\"Kindness\",\"traitCheckPositive\":false,\"dialogueOptions\":[{\"speakerImage\":{\"description\":\"\",\"category\":\"character\",\"filename\":\"Julio_Happy\",\"flipX\":false,\"flipY\":false},\"anchorImage\":{\"description\":\"\",\"category\":\"\",\"filename\":\"\",\"flipX\":false,\"flipY\":false},\"dialogueText\":\"You even helped me tell my brother about the diary. We're on the same page now.\",\"choices\":[],\"overrideName\":\"\",\"overrideNameReqs\":[]}],\"propsToShow\":[]},{\"outroID\":\"kind_blast\",\"outcomeType\":1,\"traitCheck\":\"Kindness\",\"traitCheckPositive\":false,\"dialogueOptions\":[{\"speakerImage\":{\"description\":\"\",\"category\":\"character\",\"filename\":\"Julio_Happy\",\"flipX\":false,\"flipY\":false},\"anchorImage\":{\"description\":\"\",\"category\":\"\",\"filename\":\"\",\"flipX\":false,\"flipY\":false},\"dialogueText\":\"You even helped me start a conversation with my brother. We're beginning to be on the same page.\",\"choices\":[],\"overrideName\":\"\",\"overrideNameReqs\":[]}],\"propsToShow\":[]},{\"outroID\":\"sense_last\",\"outcomeType\":4,\"traitCheck\":\"Sensibleness\",\"traitCheckPositive\":false,\"dialogueOptions\":[{\"speakerImage\":{\"description\":\"\",\"category\":\"character\",\"filename\":\"Janaki_Confused\",\"flipX\":false,\"flipY\":false},\"anchorImage\":{\"description\":\"\",\"category\":\"\",\"filename\":\"\",\"flipX\":false,\"flipY\":false},\"dialogueText\":\"You even made me be firm with her at a concert. Our relationship is totally out of tune now.\",\"choices\":[],\"overrideName\":\"\",\"overrideNameReqs\":[]}],\"propsToShow\":[]},{\"outroID\":\"sense_last\",\"outcomeType\":4,\"traitCheck\":\"Sensibleness\",\"traitCheckPositive\":false,\"dialogueOptions\":[{\"speakerImage\":{\"description\":\"\",\"category\":\"character\",\"filename\":\"Janaki_Intense\",\"flipX\":false,\"flipY\":false},\"anchorImage\":{\"description\":\"\",\"category\":\"\",\"filename\":\"\",\"flipX\":false,\"flipY\":false},\"dialogueText\":\"You even made me keep a watch on her from afar. My sister and me are gradually drifitng apart now.\",\"choices\":[],\"overrideName\":\"\",\"overrideNameReqs\":[]}],\"propsToShow\":[]},{\"outroID\":\"kind_blast\",\"outcomeType\":4,\"traitCheck\":\"Kindness\",\"traitCheckPositive\":false,\"dialogueOptions\":[{\"speakerImage\":{\"description\":\"\",\"category\":\"character\",\"filename\":\"Julio_Sad\",\"flipX\":false,\"flipY\":false},\"anchorImage\":{\"description\":\"\",\"category\":\"\",\"filename\":\"\",\"flipX\":false,\"flipY\":false},\"dialogueText\":\"You even made me tell my brother about the diary. That's a permanent blot on our relationship now.\",\"choices\":[],\"overrideName\":\"\",\"overrideNameReqs\":[]}],\"propsToShow\":[]},{\"outroID\":\"\",\"outcomeType\":4,\"traitCheck\":\"Kindness\",\"traitCheckPositive\":false,\"dialogueOptions\":[{\"speakerImage\":{\"description\":\"\",\"category\":\"character\",\"filename\":\"Julio_Sad\",\"flipX\":false,\"flipY\":false},\"anchorImage\":{\"description\":\"\",\"category\":\"\",\"filename\":\"\",\"flipX\":false,\"flipY\":false},\"dialogueText\":\"You made me start a conversation with my brother. But that wasn't enough to get us on the same page.\",\"choices\":[],\"overrideName\":\"\",\"overrideNameReqs\":[]}],\"propsToShow\":[]}],\"decisions\":[{\"decisionID\":\"meal_feel\",\"decisionText\":\"I'm making Italian food for my parents. My sister just made a stinky sauce. She wants me to add it.\",\"speakerName\":\"\",\"type\":0,\"speakerImage\":{\"description\":\"\",\"category\":\"character\",\"filename\":\"Janaki_Intense\",\"flipX\":false,\"flipY\":false},\"anchorImage\":{\"description\":\"\",\"category\":\"\",\"filename\":\"\",\"flipX\":false,\"flipY\":false},\"choices\":[{\"choiceText\":\"Sure\",\"choiceMadeSummary\":\"asked Janaki to add her sister's stinky sauce\",\"choiceNotMadeSummary\":\"\",\"attributeEffects\":[],\"metaEffects\":[{\"type\":6,\"name\":\"Generosity\",\"value\":1.0}],\"consequences\":[{\"statEffects\":[{\"type\":1,\"name\":\"Parent Happiness\",\"value\":10.0}],\"flagEffects\":[],\"consequenceText\":\"My parents clearly didn't like it, but they held their noses and smiled. They said they could taste our togetherness in it.\",\"anchorImage\":{\"description\":\"\",\"category\":\"\",\"filename\":\"\",\"flipX\":false,\"flipY\":false},\"characterImage\":{\"description\":\"\",\"category\":\"character\",\"filename\":\"Janaki_Smirk\",\"flipX\":false,\"flipY\":false}},{\"statEffects\":[{\"type\":1,\"name\":\"Sibling Bonding\",\"value\":10.0}],\"flagEffects\":[],\"consequenceText\":\"My little sister thanked me for letting her help. Next time I'll teach her to make better sauce.\",\"anchorImage\":{\"description\":\"\",\"category\":\"\",\"filename\":\"\",\"flipX\":false,\"flipY\":false},\"characterImage\":{\"description\":\"\",\"category\":\"character\",\"filename\":\"Janaki_Awkward\",\"flipX\":false,\"flipY\":false}}],\"unlocks\":[],\"requirements\":[],\"secretUnlocked\":\"\"},{\"choiceText\":\"No\",\"choiceMadeSummary\":\"didn't let Janaki add her sister's stinky sauce\",\"choiceNotMadeSummary\":\"\",\"attributeEffects\":[],\"metaEffects\":[{\"type\":6,\"name\":\"Practicality\",\"value\":1.0}],\"consequences\":[{\"statEffects\":[{\"type\":1,\"name\":\"Sibling Bonding\",\"value\":-10.0}],\"flagEffects\":[],\"consequenceText\":\"My sister got upset and poured chilli sauce into my pan!\",\"anchorImage\":{\"description\":\"\",\"category\":\"\",\"filename\":\"\",\"flipX\":false,\"flipY\":false},\"characterImage\":{\"description\":\"\",\"category\":\"character\",\"filename\":\"Janaki_Disgusted\",\"flipX\":false,\"flipY\":false}},{\"statEffects\":[{\"type\":1,\"name\":\"Parent Happiness\",\"value\":-10.0}],\"flagEffects\":[],\"consequenceText\":\"We ended up fighting and now there's spaghetti all over the kitchen floor. My parents are pretty upset.\",\"anchorImage\":{\"description\":\"\",\"category\":\"\",\"filename\":\"\",\"flipX\":false,\"flipY\":false},\"characterImage\":{\"description\":\"\",\"category\":\"character\",\"filename\":\"Janaki_Sad\",\"flipX\":false,\"flipY\":false}}],\"unlocks\":[],\"requirements\":[],\"secretUnlocked\":\"\"}],\"requirements\":[]},{\"decisionID\":\"braids_grades\",\"decisionText\":\"My brother got an F on an assignment. He's begging me to keep quiet about it in front of my parents.\",\"speakerName\":\"\",\"type\":0,\"speakerImage\":{\"description\":\"\",\"category\":\"character\",\"filename\":\"Julio_Thinking\",\"flipX\":false,\"flipY\":false},\"anchorImage\":{\"description\":\"\",\"category\":\"\",\"filename\":\"\",\"flipX\":false,\"flipY\":false},\"choices\":[{\"choiceText\":\"Okay\",\"choiceMadeSummary\":\"convinced Julio to keep quiet about his brother's 'F' grade\",\"choiceNotMadeSummary\":\"\",\"attributeEffects\":[],\"metaEffects\":[{\"type\":6,\"name\":\"Generosity\",\"value\":1.0}],\"consequences\":[{\"statEffects\":[{\"type\":1,\"name\":\"Sibling Bonding\",\"value\":10.0}],\"flagEffects\":[],\"consequenceText\":\"When my parents asked about grades, I brought up our cousin's braids instead. My brother was relieved.\",\"anchorImage\":{\"description\":\"\",\"category\":\"\",\"filename\":\"\",\"flipX\":false,\"flipY\":false},\"characterImage\":{\"description\":\"\",\"category\":\"character\",\"filename\":\"Julio_Happy\",\"flipX\":false,\"flipY\":false}}],\"unlocks\":[],\"requirements\":[],\"secretUnlocked\":\"\"},{\"choiceText\":\"No, the folks need to know\",\"choiceMadeSummary\":\"made Julio tell his parents about his brother's F grade\",\"choiceNotMadeSummary\":\"\",\"attributeEffects\":[],\"metaEffects\":[{\"type\":6,\"name\":\"Practicality\",\"value\":1.0}],\"consequences\":[{\"statEffects\":[{\"type\":1,\"name\":\"Sibling Bonding\",\"value\":-10.0}],\"flagEffects\":[],\"consequenceText\":\"My parents are angry at my brother and he is furious with me.\",\"anchorImage\":{\"description\":\"\",\"category\":\"\",\"filename\":\"\",\"flipX\":false,\"flipY\":false},\"characterImage\":{\"description\":\"\",\"category\":\"character\",\"filename\":\"Julio_Uh-Oh\",\"flipX\":false,\"flipY\":false}},{\"statEffects\":[{\"type\":1,\"name\":\"Parent Happiness\",\"value\":10.0}],\"flagEffects\":[],\"consequenceText\":\"But my parents told me that this will help him put more work into his assignment next time.\",\"anchorImage\":{\"description\":\"\",\"category\":\"\",\"filename\":\"\",\"flipX\":false,\"flipY\":false},\"characterImage\":{\"description\":\"\",\"category\":\"character\",\"filename\":\"Julio_Neutral\",\"flipX\":false,\"flipY\":false}}],\"unlocks\":[],\"requirements\":[],\"secretUnlocked\":\"\"}],\"requirements\":[]},{\"decisionID\":\"fiery_diary\",\"decisionText\":\"I was looking for something in my brother's closet and his personal diary fell out. The book's spine broke and the pages are falling out.\",\"speakerName\":\"\",\"type\":2,\"speakerImage\":{\"description\":\"\",\"category\":\"character\",\"filename\":\"Julio_Uh-oh\",\"flipX\":false,\"flipY\":false},\"anchorImage\":{\"description\":\"\",\"category\":\"\",\"filename\":\"\",\"flipX\":false,\"flipY\":false},\"choices\":[{\"choiceText\":\"Repair the diary for him\",\"choiceMadeSummary\":\"helped Julio repair his brother's diary\",\"choiceNotMadeSummary\":\"\",\"attributeEffects\":[],\"metaEffects\":[],\"consequences\":[{\"statEffects\":[{\"type\":1,\"name\":\"Parent Happiness\",\"value\":-10.0}],\"flagEffects\":[],\"consequenceText\":\"My mother walked in and thought I was snooping around with my brother's personal belongings. She isn't happy.\",\"anchorImage\":{\"description\":\"\",\"category\":\"\",\"filename\":\"\",\"flipX\":false,\"flipY\":false},\"characterImage\":{\"description\":\"\",\"category\":\"character\",\"filename\":\"Julio_Intense\",\"flipX\":false,\"flipY\":false}}],\"unlocks\":[{\"property\":{\"type\":4,\"name\":\"emo_julio\",\"value\":0.0},\"doUnlock\":true},{\"property\":{\"type\":4,\"name\":\"kind_one\",\"value\":0.0},\"doUnlock\":true}],\"requirements\":[],\"secretUnlocked\":\"\"},{\"choiceText\":\"Do nothing\",\"choiceMadeSummary\":\"did not make Julio repair his brother's diary\",\"choiceNotMadeSummary\":\"\",\"attributeEffects\":[],\"metaEffects\":[],\"consequences\":[{\"statEffects\":[{\"type\":1,\"name\":\"Parent Happiness\",\"value\":10.0}],\"flagEffects\":[],\"consequenceText\":\"Just as I kept it back, my mom walked in. She said she was impressed that I respected my brother's privacy.\",\"anchorImage\":{\"description\":\"\",\"category\":\"\",\"filename\":\"\",\"flipX\":false,\"flipY\":false},\"characterImage\":{\"description\":\"\",\"category\":\"character\",\"filename\":\"Julio_Uh-Oh\",\"flipX\":false,\"flipY\":false}}],\"unlocks\":[{\"property\":{\"type\":4,\"name\":\"emo_julio\",\"value\":0.0},\"doUnlock\":true},{\"property\":{\"type\":4,\"name\":\"kind_one\",\"value\":0.0},\"doUnlock\":true}],\"requirements\":[],\"secretUnlocked\":\"\"}],\"requirements\":[{\"check\":{\"type\":3,\"name\":\"Kindness\",\"value\":0.0},\"checkType\":5,\"comparePropName\":\"\"}]},{\"decisionID\":\"emo_julio\",\"decisionText\":\"As I put it back I noticed a note which read 'I want to tell Julio I care about him but don't know how'. I want to tell him that I know he does.\",\"speakerName\":\"\",\"type\":1,\"speakerImage\":{\"description\":\"\",\"category\":\"character\",\"filename\":\"Julio_Sad\",\"flipX\":false,\"flipY\":false},\"anchorImage\":{\"description\":\"\",\"category\":\"\",\"filename\":\"\",\"flipX\":false,\"flipY\":false},\"choices\":[{\"choiceText\":\"Scribble 'He knows' on the page\",\"choiceMadeSummary\":\"made Julio write in his brother's diary\",\"choiceNotMadeSummary\":\"\",\"attributeEffects\":[],\"metaEffects\":[],\"consequences\":[{\"statEffects\":[],\"flagEffects\":[],\"consequenceText\":\"My brother is pretty curious about the addition to his diary. He is trying to talk to me to find out if I had written the note.\",\"anchorImage\":{\"description\":\"\",\"category\":\"\",\"filename\":\"\",\"flipX\":false,\"flipY\":false},\"characterImage\":{\"description\":\"\",\"category\":\"character\",\"filename\":\"Julio_Happy\",\"flipX\":false,\"flipY\":false}},{\"statEffects\":[{\"type\":1,\"name\":\"Sibling Bonding\",\"value\":10.0}],\"flagEffects\":[],\"consequenceText\":\"And while I didn't reveal anything, we finally started talking about how much we care for each other.\",\"anchorImage\":{\"description\":\"\",\"category\":\"\",\"filename\":\"\",\"flipX\":false,\"flipY\":false},\"characterImage\":{\"description\":\"\",\"category\":\"character\",\"filename\":\"Julio_Neutral\",\"flipX\":false,\"flipY\":false}}],\"unlocks\":[{\"property\":{\"type\":4,\"name\":\"feel_reveal\",\"value\":0.0},\"doUnlock\":true}],\"requirements\":[],\"secretUnlocked\":\"\"},{\"choiceText\":\"Ask your mom to tell him\",\"choiceMadeSummary\":\"made Julio send his brother a message through his mom\",\"choiceNotMadeSummary\":\"\",\"attributeEffects\":[],\"metaEffects\":[],\"consequences\":[{\"statEffects\":[{\"type\":1,\"name\":\"Parent Happiness\",\"value\":10.0}],\"flagEffects\":[],\"consequenceText\":\"My mom didn't even ask me why I wanted her to tell him that. She was just really happy about the request.\",\"anchorImage\":{\"description\":\"\",\"category\":\"\",\"filename\":\"\",\"flipX\":false,\"flipY\":false},\"characterImage\":{\"description\":\"\",\"category\":\"character\",\"filename\":\"Julio_Excited\",\"flipX\":false,\"flipY\":false}}],\"unlocks\":[{\"property\":{\"type\":4,\"name\":\"feel_reveal\",\"value\":0.0},\"doUnlock\":true}],\"requirements\":[],\"secretUnlocked\":\"\"}],\"requirements\":[{\"check\":{\"type\":4,\"name\":\"emo_julio\",\"value\":0.0},\"checkType\":0,\"comparePropName\":\"\"},{\"check\":{\"type\":4,\"name\":\"emo_julio\",\"value\":0.0},\"checkType\":0,\"comparePropName\":\"\"}]},{\"decisionID\":\"feel_reveal\",\"decisionText\":\"My brother looks a little nervous. I'm sure it's because he knows someone looked at his diary.\",\"speakerName\":\"\",\"type\":1,\"speakerImage\":{\"description\":\"\",\"category\":\"character\",\"filename\":\"Julio_Thinking\",\"flipX\":false,\"flipY\":false},\"anchorImage\":{\"description\":\"\",\"category\":\"\",\"filename\":\"\",\"flipX\":false,\"flipY\":false},\"choices\":[{\"choiceText\":\"Tell him all you read was just one line\",\"choiceMadeSummary\":\"asked Julio to confess to his brother about the diary\",\"choiceNotMadeSummary\":\"\",\"attributeEffects\":[],\"metaEffects\":[],\"consequences\":[{\"statEffects\":[{\"type\":1,\"name\":\"Sibling Bonding\",\"value\":-10.0}],\"flagEffects\":[],\"consequenceText\":\"My brother is really upset. He doesn't believe me. He thinks I was snooping around.\",\"anchorImage\":{\"description\":\"\",\"category\":\"\",\"filename\":\"\",\"flipX\":false,\"flipY\":false},\"characterImage\":{\"description\":\"\",\"category\":\"character\",\"filename\":\"Julio_Uh-Oh\",\"flipX\":false,\"flipY\":false}}],\"unlocks\":[{\"property\":{\"type\":4,\"name\":\"kind_last\",\"value\":0.0},\"doUnlock\":true}],\"requirements\":[],\"secretUnlocked\":\"\"},{\"choiceText\":\"Ask him what's bothering him\",\"choiceMadeSummary\":\"helped Julio ask his brother about his worries\",\"choiceNotMadeSummary\":\"\",\"attributeEffects\":[],\"metaEffects\":[],\"consequences\":[{\"statEffects\":[],\"flagEffects\":[],\"consequenceText\":\"My brother didn't mention the diary but we got talking...\",\"anchorImage\":{\"description\":\"\",\"category\":\"\",\"filename\":\"\",\"flipX\":false,\"flipY\":false},\"characterImage\":{\"description\":\"\",\"category\":\"character\",\"filename\":\"Julio_Happy\",\"flipX\":false,\"flipY\":false}},{\"statEffects\":[{\"type\":1,\"name\":\"Sibling Bonding\",\"value\":10.0}],\"flagEffects\":[],\"consequenceText\":\"And as we talked I casually mentioned that I know he cares about me. He liked hearing that.\",\"anchorImage\":{\"description\":\"\",\"category\":\"\",\"filename\":\"\",\"flipX\":false,\"flipY\":false},\"characterImage\":{\"description\":\"\",\"category\":\"character\",\"filename\":\"Julio_Neutral\",\"flipX\":false,\"flipY\":false}}],\"unlocks\":[{\"property\":{\"type\":4,\"name\":\"kind_blast\",\"value\":0.0},\"doUnlock\":true}],\"requirements\":[],\"secretUnlocked\":\"\"}],\"requirements\":[{\"check\":{\"type\":4,\"name\":\"feel_reveal\",\"value\":0.0},\"checkType\":0,\"comparePropName\":\"\"},{\"check\":{\"type\":4,\"name\":\"feel_reveal\",\"value\":0.0},\"checkType\":0,\"comparePropName\":\"\"}]},{\"decisionID\":\"sister_saver\",\"decisionText\":\"My younger sister really wants to go to a kids' music concert! But my parents think she is too young to go.\",\"speakerName\":\"\",\"type\":2,\"speakerImage\":{\"description\":\"\",\"category\":\"character\",\"filename\":\"Janaki_Confused\",\"flipX\":false,\"flipY\":false},\"anchorImage\":{\"description\":\"\",\"category\":\"\",\"filename\":\"\",\"flipX\":false,\"flipY\":false},\"choices\":[{\"choiceText\":\"Convince the parents\",\"choiceMadeSummary\":\"helped Janaki help her sister attend a concert\",\"choiceNotMadeSummary\":\"\",\"attributeEffects\":[],\"metaEffects\":[],\"consequences\":[{\"statEffects\":[],\"flagEffects\":[],\"consequenceText\":\"I told my parents that this is how she'll learn to explore her interests and be her own person.\",\"anchorImage\":{\"description\":\"\",\"category\":\"\",\"filename\":\"\",\"flipX\":false,\"flipY\":false},\"characterImage\":{\"description\":\"\",\"category\":\"character\",\"filename\":\"Janaki_Neutral\",\"flipX\":false,\"flipY\":false}},{\"statEffects\":[{\"type\":1,\"name\":\"Sibling Bonding\",\"value\":10.0}],\"flagEffects\":[],\"consequenceText\":\"My sister was very touched that I stood up for her. She assumed I'd be on my parents side!\",\"anchorImage\":{\"description\":\"\",\"category\":\"\",\"filename\":\"\",\"flipX\":false,\"flipY\":false},\"characterImage\":{\"description\":\"\",\"category\":\"character\",\"filename\":\"Janaki_Smirk\",\"flipX\":false,\"flipY\":false}}],\"unlocks\":[{\"property\":{\"type\":4,\"name\":\"chaperone_chapertwo\",\"value\":0.0},\"doUnlock\":true},{\"property\":{\"type\":4,\"name\":\"sense_one\",\"value\":0.0},\"doUnlock\":true}],\"requirements\":[],\"secretUnlocked\":\"\"},{\"choiceText\":\"Convince your sister to skip it\",\"choiceMadeSummary\":\"got Janaki to convince her sister to skip the concert\",\"choiceNotMadeSummary\":\"\",\"attributeEffects\":[],\"metaEffects\":[],\"consequences\":[{\"statEffects\":[{\"type\":1,\"name\":\"Parent Happiness\",\"value\":10.0}],\"flagEffects\":[],\"consequenceText\":\"My parents were very impressed. They said I'm growing into a good elder sister for my parents.\",\"anchorImage\":{\"description\":\"\",\"category\":\"\",\"filename\":\"\",\"flipX\":false,\"flipY\":false},\"characterImage\":{\"description\":\"\",\"category\":\"character\",\"filename\":\"Janaki_Smirk\",\"flipX\":false,\"flipY\":false}}],\"unlocks\":[{\"property\":{\"type\":4,\"name\":\"chaperone_chapertwo\",\"value\":0.0},\"doUnlock\":true},{\"property\":{\"type\":4,\"name\":\"sense_one\",\"value\":0.0},\"doUnlock\":true}],\"requirements\":[],\"secretUnlocked\":\"\"}],\"requirements\":[{\"check\":{\"type\":3,\"name\":\"Sensibleness\",\"value\":0.0},\"checkType\":5,\"comparePropName\":\"\"}]},{\"decisionID\":\"chaperone_chapertwo\",\"decisionText\":\"Oops! Now my parents really want my sister to go, but she isn't interested. She'll only go if I go as well.\",\"speakerName\":\"\",\"type\":1,\"speakerImage\":{\"description\":\"\",\"category\":\"character\",\"filename\":\"Janaki_Uh-Oh\",\"flipX\":false,\"flipY\":false},\"anchorImage\":{\"description\":\"\",\"category\":\"\",\"filename\":\"\",\"flipX\":false,\"flipY\":false},\"choices\":[{\"choiceText\":\"Go along with her\",\"choiceMadeSummary\":\"helped Janaki help her sister attend a concert\",\"choiceNotMadeSummary\":\"\",\"attributeEffects\":[],\"metaEffects\":[],\"consequences\":[{\"statEffects\":[{\"type\":1,\"name\":\"Sibling Bonding\",\"value\":10.0}],\"flagEffects\":[],\"consequenceText\":\"My sister is very excited. She is calling all her friends and telling them she'll be coming with her sister.\",\"anchorImage\":{\"description\":\"\",\"category\":\"\",\"filename\":\"\",\"flipX\":false,\"flipY\":false},\"characterImage\":{\"description\":\"\",\"category\":\"character\",\"filename\":\"Janaki_Smirk\",\"flipX\":false,\"flipY\":false}}],\"unlocks\":[{\"property\":{\"type\":4,\"name\":\"sister_ignorer\",\"value\":0.0},\"doUnlock\":true}],\"requirements\":[],\"secretUnlocked\":\"\"},{\"choiceText\":\"No she must learn to go alone\",\"choiceMadeSummary\":\"got Janaki to speak to her parents about the concert\",\"choiceNotMadeSummary\":\"\",\"attributeEffects\":[],\"metaEffects\":[],\"consequences\":[{\"statEffects\":[{\"type\":1,\"name\":\"Parent Happiness\",\"value\":10.0}],\"flagEffects\":[],\"consequenceText\":\"My parents are very impressed. They love that I'm taking so much interest in my sister's growth.\",\"anchorImage\":{\"description\":\"\",\"category\":\"\",\"filename\":\"\",\"flipX\":false,\"flipY\":false},\"characterImage\":{\"description\":\"\",\"category\":\"character\",\"filename\":\"Janaki_Smirk\",\"flipX\":false,\"flipY\":false}},{\"statEffects\":[],\"flagEffects\":[],\"consequenceText\":\"But they still want me to accompany her, so I guess I'll just go.\",\"anchorImage\":{\"description\":\"\",\"category\":\"\",\"filename\":\"\",\"flipX\":false,\"flipY\":false},\"characterImage\":{\"description\":\"\",\"category\":\"character\",\"filename\":\"Janaki_Neutral\",\"flipX\":false,\"flipY\":false}}],\"unlocks\":[{\"property\":{\"type\":4,\"name\":\"sister_ignorer\",\"value\":0.0},\"doUnlock\":true}],\"requirements\":[],\"secretUnlocked\":\"\"}],\"requirements\":[{\"check\":{\"type\":4,\"name\":\"chaperone_chapertwo\",\"value\":0.0},\"checkType\":0,\"comparePropName\":\"\"},{\"check\":{\"type\":4,\"name\":\"chaperone_chapertwo\",\"value\":0.0},\"checkType\":0,\"comparePropName\":\"\"}]},{\"decisionID\":\"sister_ignorer\",\"decisionText\":\"We're at the concert. But now my sister is avoiding me! What do I do?\",\"speakerName\":\"\",\"type\":1,\"speakerImage\":{\"description\":\"\",\"category\":\"character\",\"filename\":\"Janaki_Glaring\",\"flipX\":false,\"flipY\":false},\"anchorImage\":{\"description\":\"\",\"category\":\"\",\"filename\":\"\",\"flipX\":false,\"flipY\":false},\"choices\":[{\"choiceText\":\"Tell her to stop avoiding you, firmly\",\"choiceMadeSummary\":\"made Janaki be firm with her sister at a concert\",\"choiceNotMadeSummary\":\"\",\"attributeEffects\":[],\"metaEffects\":[],\"consequences\":[{\"statEffects\":[{\"type\":1,\"name\":\"Sibling Bonding\",\"value\":-10.0}],\"flagEffects\":[],\"consequenceText\":\"She got really upset! And walked off into the crowd angrily! Hmph!\",\"anchorImage\":{\"description\":\"\",\"category\":\"\",\"filename\":\"\",\"flipX\":false,\"flipY\":false},\"characterImage\":{\"description\":\"\",\"category\":\"character\",\"filename\":\"Janaki_Intense\",\"flipX\":false,\"flipY\":false}},{\"statEffects\":[],\"flagEffects\":[],\"consequenceText\":\"Guess, I'll be spending the entire concert alone watching her from afar.\",\"anchorImage\":{\"description\":\"\",\"category\":\"\",\"filename\":\"\",\"flipX\":false,\"flipY\":false},\"characterImage\":{\"description\":\"\",\"category\":\"character\",\"filename\":\"Janaki_Sad\",\"flipX\":false,\"flipY\":false}}],\"unlocks\":[{\"property\":{\"type\":4,\"name\":\"sense_last\",\"value\":0.0},\"doUnlock\":true}],\"requirements\":[],\"secretUnlocked\":\"\"},{\"choiceText\":\"Just keep a watch from afar\",\"choiceMadeSummary\":\"helped Janaki chaperone her sister from afar\",\"choiceNotMadeSummary\":\"\",\"attributeEffects\":[],\"metaEffects\":[],\"consequences\":[{\"statEffects\":[],\"flagEffects\":[],\"consequenceText\":\"The band played a song called Home and my sister turned around to look at me.\",\"anchorImage\":{\"description\":\"\",\"category\":\"\",\"filename\":\"\",\"flipX\":false,\"flipY\":false},\"characterImage\":{\"description\":\"\",\"category\":\"character\",\"filename\":\"Janaki_Thinking\",\"flipX\":false,\"flipY\":false}},{\"statEffects\":[],\"flagEffects\":[],\"consequenceText\":\"When she didn't see me around, she got worried.\",\"anchorImage\":{\"description\":\"\",\"category\":\"\",\"filename\":\"\",\"flipX\":false,\"flipY\":false},\"characterImage\":{\"description\":\"\",\"category\":\"character\",\"filename\":\"Janaki_Neutral\",\"flipX\":false,\"flipY\":false}},{\"statEffects\":[{\"type\":1,\"name\":\"Sibling Bonding\",\"value\":20.0}],\"flagEffects\":[],\"consequenceText\":\"Then I walked up to her and she gave me the tightest hug ever.\",\"anchorImage\":{\"description\":\"\",\"category\":\"\",\"filename\":\"\",\"flipX\":false,\"flipY\":false},\"characterImage\":{\"description\":\"\",\"category\":\"character\",\"filename\":\"Janaki_Happy\",\"flipX\":false,\"flipY\":false}}],\"unlocks\":[{\"property\":{\"type\":4,\"name\":\"sense_blast\",\"value\":0.0},\"doUnlock\":true}],\"requirements\":[],\"secretUnlocked\":\"\"}],\"requirements\":[{\"check\":{\"type\":4,\"name\":\"sister_ignorer\",\"value\":0.0},\"checkType\":0,\"comparePropName\":\"\"},{\"check\":{\"type\":4,\"name\":\"sister_ignorer\",\"value\":0.0},\"checkType\":0,\"comparePropName\":\"\"}]},{\"decisionID\":\"pillow_silo\",\"decisionText\":\"My brother and I got into a pillow fight and his pillow tore. I have a test tomorrow so I need to sleep well.\",\"speakerName\":\"\",\"type\":0,\"speakerImage\":{\"description\":\"\",\"category\":\"character\",\"filename\":\"Julio_Thinking\",\"flipX\":false,\"flipY\":false},\"anchorImage\":{\"description\":\"\",\"category\":\"\",\"filename\":\"\",\"flipX\":false,\"flipY\":false},\"choices\":[{\"choiceText\":\"Give him your pillow\",\"choiceMadeSummary\":\"asked Julio to give his pillow to his brother\",\"choiceNotMadeSummary\":\"\",\"attributeEffects\":[],\"metaEffects\":[{\"type\":6,\"name\":\"Generosity\",\"value\":1.0}],\"consequences\":[{\"statEffects\":[],\"flagEffects\":[],\"consequenceText\":\"My brother was very touched by my gesture.\",\"anchorImage\":{\"description\":\"\",\"category\":\"\",\"filename\":\"\",\"flipX\":false,\"flipY\":false},\"characterImage\":{\"description\":\"\",\"category\":\"character\",\"filename\":\"Julio_Neutral\",\"flipX\":false,\"flipY\":false}},{\"statEffects\":[{\"type\":1,\"name\":\"Sibling Bonding\",\"value\":10.0}],\"flagEffects\":[],\"consequenceText\":\"But after careful consideration, he gave back my pillow because I needed it the most.\",\"anchorImage\":{\"description\":\"\",\"category\":\"\",\"filename\":\"\",\"flipX\":false,\"flipY\":false},\"characterImage\":{\"description\":\"\",\"category\":\"character\",\"filename\":\"Julio_Happy\",\"flipX\":false,\"flipY\":false}}],\"unlocks\":[],\"requirements\":[],\"secretUnlocked\":\"\"},{\"choiceText\":\"Keep your pillow\",\"choiceMadeSummary\":\"asked Julio not to share his pillow with his brother\",\"choiceNotMadeSummary\":\"\",\"attributeEffects\":[],\"metaEffects\":[{\"type\":6,\"name\":\"Practicality\",\"value\":1.0}],\"consequences\":[{\"statEffects\":[{\"type\":1,\"name\":\"Parent Happiness\",\"value\":10.0}],\"flagEffects\":[],\"consequenceText\":\"It was a tough test, but I did well since I was well rested. My parents are pretty happy.\",\"anchorImage\":{\"description\":\"\",\"category\":\"\",\"filename\":\"\",\"flipX\":false,\"flipY\":false},\"characterImage\":{\"description\":\"\",\"category\":\"character\",\"filename\":\"Julio_Happy\",\"flipX\":false,\"flipY\":false}}],\"unlocks\":[],\"requirements\":[],\"secretUnlocked\":\"\"}],\"requirements\":[]},{\"decisionID\":\"tie_cry\",\"decisionText\":\"My brother bought a bowtie for his high school prom, I saw his friends laughing at a similar one at the mall. What do I say?\",\"speakerName\":\"\",\"type\":0,\"speakerImage\":{\"description\":\"\",\"category\":\"character\",\"filename\":\"Julio_Thinking\",\"flipX\":false,\"flipY\":false},\"anchorImage\":{\"description\":\"\",\"category\":\"\",\"filename\":\"\",\"flipX\":false,\"flipY\":false},\"choices\":[{\"choiceText\":\"\\\"If you like it, you like it\\\"\",\"choiceMadeSummary\":\"got Julio to make his brother wear what he likes\",\"choiceNotMadeSummary\":\"\",\"attributeEffects\":[],\"metaEffects\":[{\"type\":6,\"name\":\"Generosity\",\"value\":1.0}],\"consequences\":[{\"statEffects\":[{\"type\":1,\"name\":\"Sibling Bonding\",\"value\":10.0}],\"flagEffects\":[],\"consequenceText\":\"My brother smiled and headed to prom!\",\"anchorImage\":{\"description\":\"\",\"category\":\"\",\"filename\":\"\",\"flipX\":false,\"flipY\":false},\"characterImage\":{\"description\":\"\",\"category\":\"character\",\"filename\":\"Julio_Happy\",\"flipX\":false,\"flipY\":false}},{\"statEffects\":[{\"type\":1,\"name\":\"Sibling Bonding\",\"value\":-20.0}],\"flagEffects\":[],\"consequenceText\":\"Oh no! He came back fuming! All his friends laughed at him. He said he's never taking my advice again.\",\"anchorImage\":{\"description\":\"\",\"category\":\"\",\"filename\":\"\",\"flipX\":false,\"flipY\":false},\"characterImage\":{\"description\":\"\",\"category\":\"character\",\"filename\":\"Julio_Sad\",\"flipX\":false,\"flipY\":false}}],\"unlocks\":[],\"requirements\":[],\"secretUnlocked\":\"\"},{\"choiceText\":\"\\\"I don't think your friends will like it\\\"\",\"choiceMadeSummary\":\"asked Julio to give his brother sensible dressing advice\",\"choiceNotMadeSummary\":\"\",\"attributeEffects\":[],\"metaEffects\":[{\"type\":6,\"name\":\"Practicality\",\"value\":1.0}],\"consequences\":[{\"statEffects\":[],\"flagEffects\":[],\"consequenceText\":\"He nodded thoughtfully. Then texted his friend.\",\"anchorImage\":{\"description\":\"\",\"category\":\"\",\"filename\":\"\",\"flipX\":false,\"flipY\":false},\"characterImage\":{\"description\":\"\",\"category\":\"character\",\"filename\":\"Julio_Neutral\",\"flipX\":false,\"flipY\":false}},{\"statEffects\":[{\"type\":1,\"name\":\"Sibling Bonding\",\"value\":10.0}],\"flagEffects\":[],\"consequenceText\":\"His friend advised him against it. My brother said he's glad he asked me!\",\"anchorImage\":{\"description\":\"\",\"category\":\"\",\"filename\":\"\",\"flipX\":false,\"flipY\":false},\"characterImage\":{\"description\":\"\",\"category\":\"character\",\"filename\":\"Julio_Happy\",\"flipX\":false,\"flipY\":false}}],\"unlocks\":[],\"requirements\":[],\"secretUnlocked\":\"\"}],\"requirements\":[]},{\"decisionID\":\"troubled_waters\",\"decisionText\":\"My elder brother wants to learn to swim. My dad's excited about teaching him, but my brother wants a professional coach.\",\"speakerName\":\"\",\"type\":0,\"speakerImage\":{\"description\":\"\",\"category\":\"character\",\"filename\":\"Julio_Thinking\",\"flipX\":false,\"flipY\":false},\"anchorImage\":{\"description\":\"\",\"category\":\"\",\"filename\":\"\",\"flipX\":false,\"flipY\":false},\"choices\":[{\"choiceText\":\"Root for dad\",\"choiceMadeSummary\":\"asked Julio to let his dad be his brother's coach\",\"choiceNotMadeSummary\":\"\",\"attributeEffects\":[],\"metaEffects\":[{\"type\":6,\"name\":\"Friendliness\",\"value\":1.0}],\"consequences\":[{\"statEffects\":[{\"type\":1,\"name\":\"Parent Happiness\",\"value\":10.0}],\"flagEffects\":[],\"consequenceText\":\"My dad is so thrilled. He is already getting his swimming gear ready.\",\"anchorImage\":{\"description\":\"\",\"category\":\"\",\"filename\":\"\",\"flipX\":false,\"flipY\":false},\"characterImage\":{\"description\":\"\",\"category\":\"character\",\"filename\":\"Julio_Happy\",\"flipX\":false,\"flipY\":false}},{\"statEffects\":[],\"flagEffects\":[],\"consequenceText\":\"My brother was not happy at first, but he's pleased with the progress he's making.\",\"anchorImage\":{\"description\":\"\",\"category\":\"\",\"filename\":\"\",\"flipX\":false,\"flipY\":false},\"characterImage\":{\"description\":\"\",\"category\":\"character\",\"filename\":\"Julio_Excited\",\"flipX\":false,\"flipY\":false}}],\"unlocks\":[],\"requirements\":[],\"secretUnlocked\":\"\"},{\"choiceText\":\"Root for a professional\",\"choiceMadeSummary\":\"made Julio support his brother\",\"choiceNotMadeSummary\":\"\",\"attributeEffects\":[],\"metaEffects\":[{\"type\":6,\"name\":\"Toughness\",\"value\":1.0}],\"consequences\":[{\"statEffects\":[{\"type\":1,\"name\":\"Parent Happiness\",\"value\":-10.0}],\"flagEffects\":[],\"consequenceText\":\"My dad is a little heartbroken. His eyes went red and chlorine had nothing to do with it.\",\"anchorImage\":{\"description\":\"\",\"category\":\"\",\"filename\":\"\",\"flipX\":false,\"flipY\":false},\"characterImage\":{\"description\":\"\",\"category\":\"character\",\"filename\":\"Julio_Uh-Oh\",\"flipX\":false,\"flipY\":false}},{\"statEffects\":[{\"type\":1,\"name\":\"Sibling Bonding\",\"value\":10.0}],\"flagEffects\":[],\"consequenceText\":\"But my brother is thrilled. The coach said he will make quite a splash at competitions soon.\",\"anchorImage\":{\"description\":\"\",\"category\":\"\",\"filename\":\"\",\"flipX\":false,\"flipY\":false},\"characterImage\":{\"description\":\"\",\"category\":\"character\",\"filename\":\"Julio_Happy\",\"flipX\":false,\"flipY\":false}}],\"unlocks\":[],\"requirements\":[],\"secretUnlocked\":\"\"}],\"requirements\":[]},{\"decisionID\":\"choco_fate\",\"decisionText\":\"My sister is feeding our dog chocolates. Both the dog and my sister are enjoying it, but it's not good for the dog!\",\"speakerName\":\"\",\"type\":0,\"speakerImage\":{\"description\":\"\",\"category\":\"character\",\"filename\":\"Janaki_Irritated\",\"flipX\":false,\"flipY\":false},\"anchorImage\":{\"description\":\"\",\"category\":\"\",\"filename\":\"\",\"flipX\":false,\"flipY\":false},\"choices\":[{\"choiceText\":\"Stop them\",\"choiceMadeSummary\":\"made Janaki stop her sister from giving the dog chocolates\",\"choiceNotMadeSummary\":\"\",\"attributeEffects\":[],\"metaEffects\":[{\"type\":6,\"name\":\"Toughness\",\"value\":1.0}],\"consequences\":[{\"statEffects\":[{\"type\":1,\"name\":\"Sibling Bonding\",\"value\":-10.0}],\"flagEffects\":[],\"consequenceText\":\"My sister wasn't happy. She thinks I was jealous of how well she was bonding with the dog.\",\"anchorImage\":{\"description\":\"\",\"category\":\"\",\"filename\":\"\",\"flipX\":false,\"flipY\":false},\"characterImage\":{\"description\":\"\",\"category\":\"character\",\"filename\":\"Janaki_Awkward\",\"flipX\":false,\"flipY\":false}},{\"statEffects\":[{\"type\":1,\"name\":\"Parent Happiness\",\"value\":10.0}],\"flagEffects\":[],\"consequenceText\":\"But my folks said it was the responsible thing to do.\",\"anchorImage\":{\"description\":\"\",\"category\":\"\",\"filename\":\"\",\"flipX\":false,\"flipY\":false},\"characterImage\":{\"description\":\"\",\"category\":\"character\",\"filename\":\"Janaki_Smirk\",\"flipX\":false,\"flipY\":false}}],\"unlocks\":[],\"requirements\":[],\"secretUnlocked\":\"\"},{\"choiceText\":\"Let them be\",\"choiceMadeSummary\":\"let Janaki let her sister feed chocolates to the dog\",\"choiceNotMadeSummary\":\"\",\"attributeEffects\":[],\"metaEffects\":[{\"type\":6,\"name\":\"Friendliness\",\"value\":1.0}],\"consequences\":[{\"statEffects\":[{\"type\":1,\"name\":\"Parent Happiness\",\"value\":-10.0}],\"flagEffects\":[],\"consequenceText\":\"My parents just walked in, and got angry with ME for \\\"doing nothing\\\" while my sister gave the dog unhealthy food\",\"anchorImage\":{\"description\":\"\",\"category\":\"\",\"filename\":\"\",\"flipX\":false,\"flipY\":false},\"characterImage\":{\"description\":\"\",\"category\":\"character\",\"filename\":\"Janaki_Sad\",\"flipX\":false,\"flipY\":false}}],\"unlocks\":[],\"requirements\":[],\"secretUnlocked\":\"\"}],\"requirements\":[]},{\"decisionID\":\"paint_thing\",\"decisionText\":\"Aaaarrgghh! My little sister used up my special paints even though I had told her not to use them.\",\"speakerName\":\"\",\"type\":0,\"speakerImage\":{\"description\":\"\",\"category\":\"character\",\"filename\":\"Janaki_Angry\",\"flipX\":false,\"flipY\":false},\"anchorImage\":{\"description\":\"\",\"category\":\"\",\"filename\":\"\",\"flipX\":false,\"flipY\":false},\"choices\":[{\"choiceText\":\"It's alright\",\"choiceMadeSummary\":\"made Janaki forgive her sister for using her paints\",\"choiceNotMadeSummary\":\"\",\"attributeEffects\":[],\"metaEffects\":[{\"type\":6,\"name\":\"Friendliness\",\"value\":1.0}],\"consequences\":[{\"statEffects\":[{\"type\":1,\"name\":\"Sibling Bonding\",\"value\":10.0}],\"flagEffects\":[],\"consequenceText\":\"She turned a shade of pink and hugged me.\",\"anchorImage\":{\"description\":\"\",\"category\":\"\",\"filename\":\"\",\"flipX\":false,\"flipY\":false},\"characterImage\":{\"description\":\"\",\"category\":\"character\",\"filename\":\"Janaki_Neutral\",\"flipX\":false,\"flipY\":false}},{\"statEffects\":[],\"flagEffects\":[],\"consequenceText\":\"But then she opened up my mom's makeup kit and said I told her 'it's alright'.\",\"anchorImage\":{\"description\":\"\",\"category\":\"\",\"filename\":\"\",\"flipX\":false,\"flipY\":false},\"characterImage\":{\"description\":\"\",\"category\":\"character\",\"filename\":\"Janaki_Angry\",\"flipX\":false,\"flipY\":false}},{\"statEffects\":[{\"type\":1,\"name\":\"Parent Happiness\",\"value\":-10.0}],\"flagEffects\":[],\"consequenceText\":\"My mom thinks I'm teaching her wrong things!\",\"anchorImage\":{\"description\":\"\",\"category\":\"\",\"filename\":\"\",\"flipX\":false,\"flipY\":false},\"characterImage\":{\"description\":\"\",\"category\":\"character\",\"filename\":\"Janaki_Disgusted\",\"flipX\":false,\"flipY\":false}}],\"unlocks\":[],\"requirements\":[],\"secretUnlocked\":\"\"},{\"choiceText\":\"Give her a lesson on private property\",\"choiceMadeSummary\":\"made Janaki lecture her sister on private property\",\"choiceNotMadeSummary\":\"\",\"attributeEffects\":[],\"metaEffects\":[{\"type\":6,\"name\":\"Toughness\",\"value\":1.0}],\"consequences\":[{\"statEffects\":[{\"type\":1,\"name\":\"Sibling Bonding\",\"value\":-10.0}],\"flagEffects\":[],\"consequenceText\":\"She didn't seem to get it and thinks I'm being selfish.\",\"anchorImage\":{\"description\":\"\",\"category\":\"\",\"filename\":\"\",\"flipX\":false,\"flipY\":false},\"characterImage\":{\"description\":\"\",\"category\":\"character\",\"filename\":\"Janaki_Glaring\",\"flipX\":false,\"flipY\":false}}],\"unlocks\":[],\"requirements\":[],\"secretUnlocked\":\"\"}],\"requirements\":[]}],\"secrets\":[],\"interstitials\":[{\"showAtTurnsLeft\":2,\"requirements\":[{\"check\":{\"type\":3,\"name\":\"Sensibleness\",\"value\":0.0},\"checkType\":5,\"comparePropName\":\"\"}],\"dialogue\":{\"speakerImage\":{\"description\":\"\",\"category\":\"character\",\"filename\":\"Janaki_Thinking\",\"flipX\":false,\"flipY\":false},\"anchorImage\":{\"description\":\"\",\"category\":\"\",\"filename\":\"\",\"flipX\":false,\"flipY\":false},\"dialogueText\":\"You're making us be very sensible while dealing with our siblings and parents. Let's see if your choices make sense in the long run.\",\"choices\":[],\"overrideName\":\"\",\"overrideNameReqs\":[]},\"otherCharacter\":{\"description\":\"\",\"category\":\"\",\"filename\":\"\",\"flipX\":false,\"flipY\":false}},{\"showAtTurnsLeft\":2,\"requirements\":[{\"check\":{\"type\":3,\"name\":\"Kindness\",\"value\":0.0},\"checkType\":5,\"comparePropName\":\"\"}],\"dialogue\":{\"speakerImage\":{\"description\":\"\",\"category\":\"character\",\"filename\":\"Julio_Neutral\",\"flipX\":false,\"flipY\":false},\"anchorImage\":{\"description\":\"\",\"category\":\"\",\"filename\":\"\",\"flipX\":false,\"flipY\":false},\"dialogueText\":\"You're making us be very kind while dealing with our siblings and parents. I'm curious to see how that goes.\",\"choices\":[],\"overrideName\":\"\",\"overrideNameReqs\":[]},\"otherCharacter\":{\"description\":\"\",\"category\":\"\",\"filename\":\"\",\"flipX\":false,\"flipY\":false}},{\"showAtTurnsLeft\":0,\"requirements\":[{\"check\":{\"type\":3,\"name\":\"Kindness\",\"value\":0.0},\"checkType\":5,\"comparePropName\":\"\"}],\"dialogue\":{\"speakerImage\":{\"description\":\"\",\"category\":\"character\",\"filename\":\"Julio_Neutral\",\"flipX\":false,\"flipY\":false},\"anchorImage\":{\"description\":\"\",\"category\":\"\",\"filename\":\"\",\"flipX\":false,\"flipY\":false},\"dialogueText\":\"You've made me take the kind route. Now make sure things end well with my brother.\",\"choices\":[],\"overrideName\":\"\",\"overrideNameReqs\":[]},\"otherCharacter\":{\"description\":\"\",\"category\":\"\",\"filename\":\"\",\"flipX\":false,\"flipY\":false}},{\"showAtTurnsLeft\":0,\"requirements\":[{\"check\":{\"type\":3,\"name\":\"Sensibleness\",\"value\":0.0},\"checkType\":5,\"comparePropName\":\"\"}],\"dialogue\":{\"speakerImage\":{\"description\":\"\",\"category\":\"character\",\"filename\":\"Janaki_Thinking\",\"flipX\":false,\"flipY\":false},\"anchorImage\":{\"description\":\"\",\"category\":\"\",\"filename\":\"\",\"flipX\":false,\"flipY\":false},\"dialogueText\":\"You've chosen to make me act sensibly. Now help me build a bond with my sister.\",\"choices\":[],\"overrideName\":\"\",\"overrideNameReqs\":[]},\"otherCharacter\":{\"description\":\"\",\"category\":\"\",\"filename\":\"\",\"flipX\":false,\"flipY\":false}}],\"goals\":[{\"goalID\":\"kind_sib\",\"goalText\":\"Made Janaki and Julio get closer to their siblings by helping them be gentler.\",\"hintText\":\"Get Julio and Janaki closer to their siblings by helping them be more gentle.\",\"requirements\":[{\"check\":{\"type\":3,\"name\":\"Kindness\",\"value\":0.0},\"checkType\":5,\"comparePropName\":\"\"}],\"traits\":[\"Kindness\"],\"onSuccess\":true,\"goalsForReveal\":0,\"type\":0},{\"goalID\":\"sensible_sib\",\"goalText\":\"Made Julio and Janaki bond with their siblings by acting sensibly.\",\"hintText\":\"Make Janaki and Julio bond with their siblings by acting sensibly.\",\"requirements\":[{\"check\":{\"type\":3,\"name\":\"Sensibleness\",\"value\":0.0},\"checkType\":5,\"comparePropName\":\"\"}],\"traits\":[\"Sensibleness\"],\"onSuccess\":true,\"goalsForReveal\":0,\"type\":0}]}","playPattern":1,"isAvailable":true,"isPremium":false,"releaseOn":"","scenarioFile":{"instanceID":23432},"scenarioID":12,"character":{"description":"","category":"character","filename":"Vanessa_Happy","flipX":false,"flipY":false},"traitsName":["Kindness","Honor"]}