{"scenarioName":"School Saver","scenarioSummary":"Can you prevent the high school from shutting down while making it a worthwhile place to stay?","scenarioThumbnail":"School Saver","scenarioDataJson":"{\"backgroundImage\":{\"description\":\"\",\"category\":\"background\",\"filename\":\"School\",\"flipX\":false,\"flipY\":false},\"turnCount\":7,\"scenarioId\":0,\"endsWhenObjectiveMet\":false,\"unlockRequirements\":[],\"mainObjectives\":[{\"check\":{\"type\":1,\"name\":\"Athletics\",\"value\":50.0},\"checkType\":4,\"comparePropName\":\"\"},{\"check\":{\"type\":1,\"name\":\"Grades\",\"value\":50.0},\"checkType\":4,\"comparePropName\":\"\"}],\"bonusObjectives\":[{\"check\":{\"type\":1,\"name\":\"Inclusion\",\"value\":60.0},\"checkType\":4,\"comparePropName\":\"\"}],\"scenarioName\":\"School Saver\",\"mainObjectiveDescription\":\">60\",\"bonusObjectivesDescription\":\"7\",\"turnName\":\"Weeks\",\"summarySuccess\":\"You saved the school!\",\"summaryFailure\":\"You couldn't save the school.\",\"startingStats\":[{\"type\":1,\"name\":\"Grades\",\"value\":40.0},{\"type\":1,\"name\":\"Athletics\",\"value\":40.0},{\"type\":1,\"name\":\"Inclusion\",\"value\":30.0}],\"minMaxStatValues\":{\"x\":0.0,\"y\":100.0},\"intro\":[{\"speakerImage\":{\"description\":\"\",\"category\":\"character\",\"filename\":\"Vanessa_Irritated\",\"flipX\":false,\"flipY\":false},\"anchorImage\":{\"description\":\"\",\"category\":\"\",\"filename\":\"\",\"flipX\":false,\"flipY\":false},\"dialogueText\":\"Ugh! I know high school can be annoying, but the School Board wants to shut us down!\",\"choices\":[],\"overrideName\":\"\",\"overrideNameReqs\":[]},{\"speakerImage\":{\"description\":\"\",\"category\":\"character\",\"filename\":\"Vanessa_Sad\",\"flipX\":false,\"flipY\":false},\"anchorImage\":{\"description\":\"\",\"category\":\"\",\"filename\":\"\",\"flipX\":false,\"flipY\":false},\"dialogueText\":\"The Academicore cares about grades, the Athleticore cares about sports, but neither one is doing very well.\",\"choices\":[],\"overrideName\":\"\",\"overrideNameReqs\":[]},{\"speakerImage\":{\"description\":\"\",\"category\":\"character\",\"filename\":\"Kiera_Sad\",\"flipX\":false,\"flipY\":false},\"anchorImage\":{\"description\":\"\",\"category\":\"\",\"filename\":\"\",\"flipX\":false,\"flipY\":false},\"dialogueText\":\"Worst of all, it feels like a jungle where nobody gets along!\",\"choices\":[],\"overrideName\":\"\",\"overrideNameReqs\":[]},{\"speakerImage\":{\"description\":\"\",\"category\":\"character\",\"filename\":\"Vanessa_Excited\",\"flipX\":false,\"flipY\":false},\"anchorImage\":{\"description\":\"\",\"category\":\"\",\"filename\":\"\",\"flipX\":false,\"flipY\":false},\"dialogueText\":\"We have to show the School Board that kids in this school can be smart AND strong! [Grades, Athletics]\",\"choices\":[],\"overrideName\":\"\",\"overrideNameReqs\":[]},{\"speakerImage\":{\"description\":\"\",\"category\":\"character\",\"filename\":\"Kiera_Happy\",\"flipX\":false,\"flipY\":false},\"anchorImage\":{\"description\":\"\",\"category\":\"\",\"filename\":\"\",\"flipX\":false,\"flipY\":false},\"dialogueText\":\"And maybe get people to feel like we're all in this together? [Inclusion]\",\"choices\":[],\"overrideName\":\"\",\"overrideNameReqs\":[]}],\"outros\":[{\"outroID\":\"\",\"outcomeType\":1,\"traitCheck\":\"\",\"traitCheckPositive\":false,\"dialogueOptions\":[{\"speakerImage\":{\"description\":\"\",\"category\":\"character\",\"filename\":\"Vanessa_Excited\",\"flipX\":false,\"flipY\":false},\"anchorImage\":{\"description\":\"\",\"category\":\"\",\"filename\":\"\",\"flipX\":false,\"flipY\":false},\"dialogueText\":\"OMG WE DID IT! the School Board isn't shutting us down. In fact, they're throwing us a huge Sports Statistics party!!\",\"choices\":[],\"overrideName\":\"\",\"overrideNameReqs\":[]},{\"speakerImage\":{\"description\":\"\",\"category\":\"character\",\"filename\":\"Kiera_Happy\",\"flipX\":false,\"flipY\":false},\"anchorImage\":{\"description\":\"\",\"category\":\"\",\"filename\":\"\",\"flipX\":false,\"flipY\":false},\"dialogueText\":\"Hurray we did it! The School Board was so impressed by how we balanced grades and athletics, they're exploring giving us more activities!\",\"choices\":[],\"overrideName\":\"\",\"overrideNameReqs\":[]}],\"propsToShow\":[{\"type\":1,\"name\":\"Grades\",\"value\":0.0},{\"type\":1,\"name\":\"Athletics\",\"value\":0.0}]},{\"outroID\":\"\",\"outcomeType\":3,\"traitCheck\":\"\",\"traitCheckPositive\":false,\"dialogueOptions\":[{\"speakerImage\":{\"description\":\"\",\"category\":\"character\",\"filename\":\"Kiera_Sad\",\"flipX\":false,\"flipY\":false},\"anchorImage\":{\"description\":\"\",\"category\":\"\",\"filename\":\"\",\"flipX\":false,\"flipY\":false},\"dialogueText\":\"It's just sad that we never learned how to venture past our comfort zones and explore being friends with each other.\",\"choices\":[],\"overrideName\":\"\",\"overrideNameReqs\":[]}],\"propsToShow\":[{\"type\":1,\"name\":\"Inclusion\",\"value\":0.0}]},{\"outroID\":\"\",\"outcomeType\":2,\"traitCheck\":\"\",\"traitCheckPositive\":false,\"dialogueOptions\":[{\"speakerImage\":{\"description\":\"\",\"category\":\"character\",\"filename\":\"Kiera_Happy\",\"flipX\":false,\"flipY\":false},\"anchorImage\":{\"description\":\"\",\"category\":\"\",\"filename\":\"\",\"flipX\":false,\"flipY\":false},\"dialogueText\":\"And we discovered that we can be friends with people who aren't from our own tribes.\",\"choices\":[],\"overrideName\":\"\",\"overrideNameReqs\":[]},{\"speakerImage\":{\"description\":\"\",\"category\":\"character\",\"filename\":\"Vanessa_Happy\",\"flipX\":false,\"flipY\":false},\"anchorImage\":{\"description\":\"\",\"category\":\"\",\"filename\":\"\",\"flipX\":false,\"flipY\":false},\"dialogueText\":\"And everyone got over themselves and learned to get along\",\"choices\":[],\"overrideName\":\"\",\"overrideNameReqs\":[]}],\"propsToShow\":[{\"type\":1,\"name\":\"Inclusion\",\"value\":0.0}]},{\"outroID\":\"\",\"outcomeType\":4,\"traitCheck\":\"\",\"traitCheckPositive\":false,\"dialogueOptions\":[{\"speakerImage\":{\"description\":\"\",\"category\":\"character\",\"filename\":\"Vanessa_Angry\",\"flipX\":false,\"flipY\":false},\"anchorImage\":{\"description\":\"\",\"category\":\"\",\"filename\":\"\",\"flipX\":false,\"flipY\":false},\"dialogueText\":\"Oh no! The School Board shut us down cause we weren't able to balance, like, school things.\",\"choices\":[],\"overrideName\":\"\",\"overrideNameReqs\":[]}],\"propsToShow\":[{\"type\":1,\"name\":\"Grades\",\"value\":0.0},{\"type\":1,\"name\":\"Athletics\",\"value\":0.0}]},{\"outroID\":\"\",\"outcomeType\":1,\"traitCheck\":\"Kindness\",\"traitCheckPositive\":true,\"dialogueOptions\":[{\"speakerImage\":{\"description\":\"\",\"category\":\"character\",\"filename\":\"Vanessa_Happy\",\"flipX\":false,\"flipY\":false},\"anchorImage\":{\"description\":\"\",\"category\":\"\",\"filename\":\"\",\"flipX\":false,\"flipY\":false},\"dialogueText\":\"The School Board saw that you picked the KIND option whenever you could. that's cool. so they're, like, planting a giving tree in your honour :)\",\"choices\":[],\"overrideName\":\"\",\"overrideNameReqs\":[]}],\"propsToShow\":[{\"type\":1,\"name\":\"\",\"value\":0.0}]},{\"outroID\":\"\",\"outcomeType\":1,\"traitCheck\":\"Nobleness\",\"traitCheckPositive\":true,\"dialogueOptions\":[{\"speakerImage\":{\"description\":\"\",\"category\":\"character\",\"filename\":\"Kiera_Happy\",\"flipX\":false,\"flipY\":false},\"anchorImage\":{\"description\":\"\",\"category\":\"\",\"filename\":\"\",\"flipX\":false,\"flipY\":false},\"dialogueText\":\"The kids have also pointed out that most of your decisions were very NOBLE! They're giving you a Referee jersey and you can step in at the next game!\",\"choices\":[],\"overrideName\":\"\",\"overrideNameReqs\":[]}],\"propsToShow\":[{\"type\":1,\"name\":\"\",\"value\":0.0}]},{\"outroID\":\"\",\"outcomeType\":1,\"traitCheck\":\"Sensibleness\",\"traitCheckPositive\":true,\"dialogueOptions\":[{\"speakerImage\":{\"description\":\"\",\"category\":\"character\",\"filename\":\"Kiera_Happy\",\"flipX\":false,\"flipY\":false},\"anchorImage\":{\"description\":\"\",\"category\":\"\",\"filename\":\"\",\"flipX\":false,\"flipY\":false},\"dialogueText\":\"The kids noticed how you always took the SENSIBLE choices, even when they were tough. They're naming a rock after you!\",\"choices\":[],\"overrideName\":\"\",\"overrideNameReqs\":[]}],\"propsToShow\":[{\"type\":1,\"name\":\"\",\"value\":0.0}]},{\"outroID\":\"\",\"outcomeType\":1,\"traitCheck\":\"Craftiness\",\"traitCheckPositive\":true,\"dialogueOptions\":[{\"speakerImage\":{\"description\":\"\",\"category\":\"character\",\"filename\":\"Vanessa_Happy\",\"flipX\":false,\"flipY\":false},\"anchorImage\":{\"description\":\"\",\"category\":\"\",\"filename\":\"\",\"flipX\":false,\"flipY\":false},\"dialogueText\":\"Maybe everyone didn't notice it because it was so CRAFTY, but some of us saw how you did whatever it took to get the job done! We're naming the class snake after you.\",\"choices\":[],\"overrideName\":\"\",\"overrideNameReqs\":[]}],\"propsToShow\":[{\"type\":1,\"name\":\"\",\"value\":0.0}]},{\"outroID\":\"\",\"outcomeType\":4,\"traitCheck\":\"Kindness\",\"traitCheckPositive\":true,\"dialogueOptions\":[{\"speakerImage\":{\"description\":\"\",\"category\":\"character\",\"filename\":\"Vanessa_Neutral\",\"flipX\":false,\"flipY\":false},\"anchorImage\":{\"description\":\"\",\"category\":\"\",\"filename\":\"\",\"flipX\":false,\"flipY\":false},\"dialogueText\":\"BUT the kids say that you took most decisions with a KIND heart. So even though this school's done, we'll still double tap your social media posts.\",\"choices\":[],\"overrideName\":\"\",\"overrideNameReqs\":[]}],\"propsToShow\":[{\"type\":1,\"name\":\"\",\"value\":0.0}]},{\"outroID\":\"\",\"outcomeType\":4,\"traitCheck\":\"Nobleness\",\"traitCheckPositive\":true,\"dialogueOptions\":[{\"speakerImage\":{\"description\":\"\",\"category\":\"character\",\"filename\":\"Kiera_Neutral\",\"flipX\":false,\"flipY\":false},\"anchorImage\":{\"description\":\"\",\"category\":\"\",\"filename\":\"\",\"flipX\":false,\"flipY\":false},\"dialogueText\":\"But even though your decisions didn't keep it open, the school thinks they were always pretty NOBLE. The Principal won't be writing you up for this!\",\"choices\":[],\"overrideName\":\"\",\"overrideNameReqs\":[]}],\"propsToShow\":[{\"type\":1,\"name\":\"\",\"value\":0.0}]},{\"outroID\":\"\",\"outcomeType\":4,\"traitCheck\":\"Sensibleness\",\"traitCheckPositive\":true,\"dialogueOptions\":[{\"speakerImage\":{\"description\":\"\",\"category\":\"character\",\"filename\":\"Kiera_Neutral\",\"flipX\":false,\"flipY\":false},\"anchorImage\":{\"description\":\"\",\"category\":\"\",\"filename\":\"\",\"flipX\":false,\"flipY\":false},\"dialogueText\":\"But even though the school didn't stay open, the Principal announces that you're SENSIBLE in assembly. All the kids applaud!\",\"choices\":[],\"overrideName\":\"\",\"overrideNameReqs\":[]}],\"propsToShow\":[{\"type\":1,\"name\":\"\",\"value\":0.0}]},{\"outroID\":\"\",\"outcomeType\":4,\"traitCheck\":\"Craftiness\",\"traitCheckPositive\":true,\"dialogueOptions\":[{\"speakerImage\":{\"description\":\"\",\"category\":\"character\",\"filename\":\"Vanessa_Smirk\",\"flipX\":false,\"flipY\":false},\"anchorImage\":{\"description\":\"\",\"category\":\"\",\"filename\":\"\",\"flipX\":false,\"flipY\":false},\"dialogueText\":\"But even though the school shut down, you're invited to join an After-No-School-Secret-Society because of how CRAFTY you are. You don't know their names (top secret!) but you have lots of new friends!\",\"choices\":[],\"overrideName\":\"\",\"overrideNameReqs\":[]}],\"propsToShow\":[{\"type\":1,\"name\":\"\",\"value\":0.0}]},{\"outroID\":\"\",\"outcomeType\":1,\"traitCheck\":\"Attentiveness\",\"traitCheckPositive\":false,\"dialogueOptions\":[{\"speakerImage\":{\"description\":\"\",\"category\":\"character\",\"filename\":\"Kiera_Happy\",\"flipX\":false,\"flipY\":false},\"anchorImage\":{\"description\":\"\",\"category\":\"\",\"filename\":\"\",\"flipX\":false,\"flipY\":false},\"dialogueText\":\"The school has also noticed that your decisions were very ATTENTIVE to the circumstances. They're naming a newly patented Academicore chemical after you!\",\"choices\":[],\"overrideName\":\"\",\"overrideNameReqs\":[]}],\"propsToShow\":[{\"type\":1,\"name\":\"\",\"value\":0.0}]},{\"outroID\":\"\",\"outcomeType\":1,\"traitCheck\":\"Insensitivity\",\"traitCheckPositive\":false,\"dialogueOptions\":[{\"speakerImage\":{\"description\":\"\",\"category\":\"character\",\"filename\":\"Vanessa_Uh-Oh\",\"flipX\":false,\"flipY\":false},\"anchorImage\":{\"description\":\"\",\"category\":\"\",\"filename\":\"\",\"flipX\":false,\"flipY\":false},\"dialogueText\":\"Oops! Some kids pointed out that most of your decisions were SELFISH. So umm... they're cutting your name out of the yearbook\",\"choices\":[],\"overrideName\":\"\",\"overrideNameReqs\":[]}],\"propsToShow\":[{\"type\":1,\"name\":\"\",\"value\":0.0}]},{\"outroID\":\"\",\"outcomeType\":1,\"traitCheck\":\"bias\",\"traitCheckPositive\":false,\"dialogueOptions\":[{\"speakerImage\":{\"description\":\"\",\"category\":\"character\",\"filename\":\"Kiera_Uh-oh\",\"flipX\":false,\"flipY\":false},\"anchorImage\":{\"description\":\"\",\"category\":\"\",\"filename\":\"\",\"flipX\":false,\"flipY\":false},\"dialogueText\":\"But the School Board realised that many of your decisions were BIASED. They're going to have to add that to your permanent record.\",\"choices\":[],\"overrideName\":\"\",\"overrideNameReqs\":[]}],\"propsToShow\":[{\"type\":1,\"name\":\"\",\"value\":0.0}]},{\"outroID\":\"\",\"outcomeType\":1,\"traitCheck\":\"Opportunism\",\"traitCheckPositive\":false,\"dialogueOptions\":[{\"speakerImage\":{\"description\":\"\",\"category\":\"character\",\"filename\":\"Vanessa_Uh-Oh\",\"flipX\":false,\"flipY\":false},\"anchorImage\":{\"description\":\"\",\"category\":\"\",\"filename\":\"\",\"flipX\":false,\"flipY\":false},\"dialogueText\":\"A lot of people noticed that a bunch of your decisions were CROOKED. The Athleticore has decided to rename foul plays after you.\",\"choices\":[],\"overrideName\":\"\",\"overrideNameReqs\":[]}],\"propsToShow\":[{\"type\":1,\"name\":\"\",\"value\":0.0}]},{\"outroID\":\"\",\"outcomeType\":4,\"traitCheck\":\"Attentiveness\",\"traitCheckPositive\":false,\"dialogueOptions\":[{\"speakerImage\":{\"description\":\"\",\"category\":\"character\",\"filename\":\"Vanessa_Neutral\",\"flipX\":false,\"flipY\":false},\"anchorImage\":{\"description\":\"\",\"category\":\"\",\"filename\":\"\",\"flipX\":false,\"flipY\":false},\"dialogueText\":\"BUT people noticed that you were pretty ATTENTIVE while making choices. There's a couple of think pieces that say that you're not to blame for this whole disaster.\",\"choices\":[],\"overrideName\":\"\",\"overrideNameReqs\":[]}],\"propsToShow\":[{\"type\":1,\"name\":\"\",\"value\":0.0}]},{\"outroID\":\"\",\"outcomeType\":4,\"traitCheck\":\"Insensitivity\",\"traitCheckPositive\":false,\"dialogueOptions\":[{\"speakerImage\":{\"description\":\"\",\"category\":\"character\",\"filename\":\"Kiera_Sad\",\"flipX\":false,\"flipY\":false},\"anchorImage\":{\"description\":\"\",\"category\":\"\",\"filename\":\"\",\"flipX\":false,\"flipY\":false},\"dialogueText\":\"An Academicore study revealed that many of your decisions were SELFISH, which may have contributed to our school being shut down. Can you be a little KINDER next time, please?\",\"choices\":[],\"overrideName\":\"\",\"overrideNameReqs\":[]}],\"propsToShow\":[{\"type\":1,\"name\":\"\",\"value\":0.0}]},{\"outroID\":\"\",\"outcomeType\":4,\"traitCheck\":\"bias\",\"traitCheckPositive\":false,\"dialogueOptions\":[{\"speakerImage\":{\"description\":\"\",\"category\":\"character\",\"filename\":\"Kiera_Sad\",\"flipX\":false,\"flipY\":false},\"anchorImage\":{\"description\":\"\",\"category\":\"\",\"filename\":\"\",\"flipX\":false,\"flipY\":false},\"dialogueText\":\"It's worth exploring that people believe that many of your decisions showed bias. Could you try being a little more ATTENTIVE if you go on this journey again?\",\"choices\":[],\"overrideName\":\"\",\"overrideNameReqs\":[]}],\"propsToShow\":[{\"type\":1,\"name\":\"\",\"value\":0.0}]},{\"outroID\":\"\",\"outcomeType\":4,\"traitCheck\":\"Opportunism\",\"traitCheckPositive\":false,\"dialogueOptions\":[{\"speakerImage\":{\"description\":\"\",\"category\":\"character\",\"filename\":\"Vanessa_Sad\",\"flipX\":false,\"flipY\":false},\"anchorImage\":{\"description\":\"\",\"category\":\"\",\"filename\":\"\",\"flipX\":false,\"flipY\":false},\"dialogueText\":\"There's a text thread where they're saying that we failed cause your choices were CROOKED. Could we change things up and be more noble next time?\",\"choices\":[],\"overrideName\":\"\",\"overrideNameReqs\":[]}],\"propsToShow\":[{\"type\":1,\"name\":\"\",\"value\":0.0}]},{\"outroID\":\"\",\"outcomeType\":1,\"traitCheck\":\"Perceptiveness\",\"traitCheckPositive\":false,\"dialogueOptions\":[{\"speakerImage\":{\"description\":\"\",\"category\":\"character\",\"filename\":\"Kiera_Happy\",\"flipX\":false,\"flipY\":false},\"anchorImage\":{\"description\":\"\",\"category\":\"\",\"filename\":\"\",\"flipX\":false,\"flipY\":false},\"dialogueText\":\"The school has also noticed that your decisions were very PERCEPTIVE. They're naming a newly patented Academicore chemical after you!\",\"choices\":[],\"overrideName\":\"\",\"overrideNameReqs\":[]}],\"propsToShow\":[{\"type\":1,\"name\":\"\",\"value\":0.0}]},{\"outroID\":\"\",\"outcomeType\":1,\"traitCheck\":\"Justice\",\"traitCheckPositive\":false,\"dialogueOptions\":[{\"speakerImage\":{\"description\":\"\",\"category\":\"character\",\"filename\":\"Kiera_Happy\",\"flipX\":false,\"flipY\":false},\"anchorImage\":{\"description\":\"\",\"category\":\"\",\"filename\":\"\",\"flipX\":false,\"flipY\":false},\"dialogueText\":\"The kids have also pointed out that most of your decisions were really JUST! They're giving you a Referee jersey and you can step in at the next game!\",\"choices\":[],\"overrideName\":\"\",\"overrideNameReqs\":[]}],\"propsToShow\":[{\"type\":1,\"name\":\"\",\"value\":0.0}]},{\"outroID\":\"\",\"outcomeType\":1,\"traitCheck\":\"Aggression\",\"traitCheckPositive\":false,\"dialogueOptions\":[{\"speakerImage\":{\"description\":\"\",\"category\":\"character\",\"filename\":\"Vanessa_Uh-Oh\",\"flipX\":false,\"flipY\":false},\"anchorImage\":{\"description\":\"\",\"category\":\"\",\"filename\":\"\",\"flipX\":false,\"flipY\":false},\"dialogueText\":\"uh, some of the kids have pointed out that most of your decisions were AGGRESSIVE not cool. so they're, like, cutting your name out of the yearbook\",\"choices\":[],\"overrideName\":\"\",\"overrideNameReqs\":[]}],\"propsToShow\":[{\"type\":1,\"name\":\"\",\"value\":0.0}]},{\"outroID\":\"\",\"outcomeType\":1,\"traitCheck\":\"Tactlessness\",\"traitCheckPositive\":false,\"dialogueOptions\":[{\"speakerImage\":{\"description\":\"\",\"category\":\"character\",\"filename\":\"Kiera_Uh-oh\",\"flipX\":false,\"flipY\":false},\"anchorImage\":{\"description\":\"\",\"category\":\"\",\"filename\":\"\",\"flipX\":false,\"flipY\":false},\"dialogueText\":\"But the School Board realised that many of your decisions didn't explore other people’s perspective. They're going to have to add that to your permanent record.\",\"choices\":[],\"overrideName\":\"\",\"overrideNameReqs\":[]}],\"propsToShow\":[{\"type\":1,\"name\":\"\",\"value\":0.0}]},{\"outroID\":\"\",\"outcomeType\":1,\"traitCheck\":\"Sneakiness\",\"traitCheckPositive\":false,\"dialogueOptions\":[{\"speakerImage\":{\"description\":\"\",\"category\":\"character\",\"filename\":\"Vanessa_Uh-Oh\",\"flipX\":false,\"flipY\":false},\"anchorImage\":{\"description\":\"\",\"category\":\"\",\"filename\":\"\",\"flipX\":false,\"flipY\":false},\"dialogueText\":\"So, um, a lot of people noticed that a bunch of your decisions lead to Sneakiness. The Athleticore has decided to rename foul plays after you.\",\"choices\":[],\"overrideName\":\"\",\"overrideNameReqs\":[]}],\"propsToShow\":[{\"type\":1,\"name\":\"\",\"value\":0.0}]},{\"outroID\":\"\",\"outcomeType\":4,\"traitCheck\":\"Friendliness\",\"traitCheckPositive\":false,\"dialogueOptions\":[{\"speakerImage\":{\"description\":\"\",\"category\":\"character\",\"filename\":\"Vanessa_Neutral\",\"flipX\":false,\"flipY\":false},\"anchorImage\":{\"description\":\"\",\"category\":\"\",\"filename\":\"\",\"flipX\":false,\"flipY\":false},\"dialogueText\":\"BUT the kids say that you took most decisions with FRIENDLINESS in your heart. So even though this school's done, we'll still double tap your social media posts.\",\"choices\":[],\"overrideName\":\"\",\"overrideNameReqs\":[]}],\"propsToShow\":[{\"type\":1,\"name\":\"\",\"value\":0.0}]},{\"outroID\":\"\",\"outcomeType\":4,\"traitCheck\":\"Justice\",\"traitCheckPositive\":false,\"dialogueOptions\":[{\"speakerImage\":{\"description\":\"\",\"category\":\"character\",\"filename\":\"Kiera_Neutral\",\"flipX\":false,\"flipY\":false},\"anchorImage\":{\"description\":\"\",\"category\":\"\",\"filename\":\"\",\"flipX\":false,\"flipY\":false},\"dialogueText\":\"But even though your decisions didn't keep it open, the school thinks they were always considerate of the ideas of JUSTICE. The Principal won't be writing you up for this!\",\"choices\":[],\"overrideName\":\"\",\"overrideNameReqs\":[]}],\"propsToShow\":[{\"type\":1,\"name\":\"\",\"value\":0.0}]},{\"outroID\":\"\",\"outcomeType\":4,\"traitCheck\":\"Perceptiveness\",\"traitCheckPositive\":false,\"dialogueOptions\":[{\"speakerImage\":{\"description\":\"\",\"category\":\"character\",\"filename\":\"Vanessa_Neutral\",\"flipX\":false,\"flipY\":false},\"anchorImage\":{\"description\":\"\",\"category\":\"\",\"filename\":\"\",\"flipX\":false,\"flipY\":false},\"dialogueText\":\"BUT people noticed that you were pretty PERCEPTIVE while making choices. there's a couple of think pieces that say that you're not to blame for this whole disaster.\",\"choices\":[],\"overrideName\":\"\",\"overrideNameReqs\":[]}],\"propsToShow\":[{\"type\":1,\"name\":\"\",\"value\":0.0}]},{\"outroID\":\"\",\"outcomeType\":4,\"traitCheck\":\"Aggression\",\"traitCheckPositive\":false,\"dialogueOptions\":[{\"speakerImage\":{\"description\":\"\",\"category\":\"character\",\"filename\":\"Kiera_Sad\",\"flipX\":false,\"flipY\":false},\"anchorImage\":{\"description\":\"\",\"category\":\"\",\"filename\":\"\",\"flipX\":false,\"flipY\":false},\"dialogueText\":\"An Academicore study revealed that many of your decisions were UNFRIENDLY, which may have contributed to our school being shut down. Can you be a little kinder next time, please?\",\"choices\":[],\"overrideName\":\"\",\"overrideNameReqs\":[]}],\"propsToShow\":[{\"type\":1,\"name\":\"\",\"value\":0.0}]},{\"outroID\":\"\",\"outcomeType\":4,\"traitCheck\":\"Tactlessness\",\"traitCheckPositive\":false,\"dialogueOptions\":[{\"speakerImage\":{\"description\":\"\",\"category\":\"character\",\"filename\":\"Kiera_Sad\",\"flipX\":false,\"flipY\":false},\"anchorImage\":{\"description\":\"\",\"category\":\"\",\"filename\":\"\",\"flipX\":false,\"flipY\":false},\"dialogueText\":\"It's worth exploring that people believe that many of your decisions showed Thoughtlessness. Could you try being a little more INSIGHTFUL if you go on this journey again?\",\"choices\":[],\"overrideName\":\"\",\"overrideNameReqs\":[]}],\"propsToShow\":[{\"type\":1,\"name\":\"\",\"value\":0.0}]},{\"outroID\":\"\",\"outcomeType\":4,\"traitCheck\":\"Sneakiness\",\"traitCheckPositive\":false,\"dialogueOptions\":[{\"speakerImage\":{\"description\":\"\",\"category\":\"character\",\"filename\":\"Vanessa_Sad\",\"flipX\":false,\"flipY\":false},\"anchorImage\":{\"description\":\"\",\"category\":\"\",\"filename\":\"\",\"flipX\":false,\"flipY\":false},\"dialogueText\":\"There's a text thread where they're saying that we failed cause your choices lead to Sneakiness. Can we change things up and be more ETHICAL next time?\",\"choices\":[],\"overrideName\":\"\",\"overrideNameReqs\":[]}],\"propsToShow\":[{\"type\":1,\"name\":\"\",\"value\":0.0}]}],\"decisions\":[{\"decisionID\":\"stinky_socks\",\"decisionText\":\"This literally STINKS! The jocks never wash their socks! Should we teach them a lesson and just fill their lockers with smelly socks?\",\"speakerName\":\"\",\"type\":0,\"speakerImage\":{\"description\":\"\",\"category\":\"character\",\"filename\":\"Vanessa_Glaring\",\"flipX\":false,\"flipY\":false},\"anchorImage\":{\"description\":\"\",\"category\":\"\",\"filename\":\"\",\"flipX\":false,\"flipY\":false},\"choices\":[{\"choiceText\":\"Yes\",\"choiceMadeSummary\":\"stuffed the jocks' lockers with smelly socks\",\"choiceNotMadeSummary\":\"\",\"attributeEffects\":[],\"metaEffects\":[{\"type\":6,\"name\":\"Toughness\",\"value\":1.0}],\"consequences\":[{\"statEffects\":[{\"type\":1,\"name\":\"Inclusion\",\"value\":-10.0}],\"flagEffects\":[],\"consequenceText\":\"The jocks smell great now but they don't want to be around anyone else.\",\"anchorImage\":{\"description\":\"\",\"category\":\"\",\"filename\":\"\",\"flipX\":false,\"flipY\":false},\"characterImage\":{\"description\":\"\",\"category\":\"character\",\"filename\":\"Vanessa_Uh-Oh\",\"flipX\":false,\"flipY\":false}},{\"statEffects\":[{\"type\":1,\"name\":\"Athletics\",\"value\":10.0}],\"flagEffects\":[],\"consequenceText\":\"But they put all that extra time into practice so they get stronger!\",\"anchorImage\":{\"description\":\"\",\"category\":\"\",\"filename\":\"\",\"flipX\":false,\"flipY\":false},\"characterImage\":{\"description\":\"\",\"category\":\"character\",\"filename\":\"Vanessa_Happy\",\"flipX\":false,\"flipY\":false}}],\"unlocks\":[{\"property\":{\"type\":4,\"name\":\"1\",\"value\":0.0},\"doUnlock\":true}],\"requirements\":[],\"secretUnlocked\":\"\"},{\"choiceText\":\"No\",\"choiceMadeSummary\":\"didn't stuff the jocks' lockers with smelly socks\",\"choiceNotMadeSummary\":\"\",\"attributeEffects\":[],\"metaEffects\":[{\"type\":6,\"name\":\"Friendliness\",\"value\":1.0}],\"consequences\":[{\"statEffects\":[{\"type\":1,\"name\":\"Athletics\",\"value\":-10.0}],\"flagEffects\":[],\"consequenceText\":\"A contagious foot fungus took out our star players and our hopes of winning the next game.\",\"anchorImage\":{\"description\":\"\",\"category\":\"\",\"filename\":\"\",\"flipX\":false,\"flipY\":false},\"characterImage\":{\"description\":\"\",\"category\":\"character\",\"filename\":\"Vanessa_Uh-Oh\",\"flipX\":false,\"flipY\":false}},{\"statEffects\":[{\"type\":1,\"name\":\"Inclusion\",\"value\":20.0}],\"flagEffects\":[],\"consequenceText\":\"But we all still get invited to the post-game party...even though it's stinky.\",\"anchorImage\":{\"description\":\"\",\"category\":\"\",\"filename\":\"\",\"flipX\":false,\"flipY\":false},\"characterImage\":{\"description\":\"\",\"category\":\"character\",\"filename\":\"Vanessa_Smirk\",\"flipX\":false,\"flipY\":false}}],\"unlocks\":[{\"property\":{\"type\":4,\"name\":\"1\",\"value\":0.0},\"doUnlock\":true}],\"requirements\":[],\"secretUnlocked\":\"\"}],\"requirements\":[]},{\"decisionID\":\"library_books\",\"decisionText\":\"Some kids aren't returning their library books and no one else gets to read them! Should we BAN them from the library till they return the books?\",\"speakerName\":\"\",\"type\":0,\"speakerImage\":{\"description\":\"\",\"category\":\"character\",\"filename\":\"Kiera_Sad\",\"flipX\":false,\"flipY\":false},\"anchorImage\":{\"description\":\"\",\"category\":\"\",\"filename\":\"\",\"flipX\":false,\"flipY\":false},\"choices\":[{\"choiceText\":\"Yes\",\"choiceMadeSummary\":\"made the library 'out of bounds' for defaulting kids\",\"choiceNotMadeSummary\":\"\",\"attributeEffects\":[],\"metaEffects\":[{\"type\":6,\"name\":\"Toughness\",\"value\":1.0}],\"consequences\":[{\"statEffects\":[{\"type\":1,\"name\":\"Inclusion\",\"value\":10.0}],\"flagEffects\":[],\"consequenceText\":\"Now that other kids get to read the returned books, everyone's got more books to talk about!\",\"anchorImage\":{\"description\":\"\",\"category\":\"\",\"filename\":\"\",\"flipX\":false,\"flipY\":false},\"characterImage\":{\"description\":\"\",\"category\":\"character\",\"filename\":\"Kiera_Happy\",\"flipX\":false,\"flipY\":false}},{\"statEffects\":[{\"type\":1,\"name\":\"Grades\",\"value\":30.0}],\"flagEffects\":[],\"consequenceText\":\"And more reading means more A+s!\",\"anchorImage\":{\"description\":\"\",\"category\":\"\",\"filename\":\"\",\"flipX\":false,\"flipY\":false},\"characterImage\":{\"description\":\"\",\"category\":\"character\",\"filename\":\"Kiera_Thinking\",\"flipX\":false,\"flipY\":false}},{\"statEffects\":[{\"type\":1,\"name\":\"Grades\",\"value\":-10.0}],\"flagEffects\":[],\"consequenceText\":\"... okay, C+s.\",\"anchorImage\":{\"description\":\"\",\"category\":\"\",\"filename\":\"\",\"flipX\":false,\"flipY\":false},\"characterImage\":{\"description\":\"\",\"category\":\"character\",\"filename\":\"Kiera_Neutral\",\"flipX\":false,\"flipY\":false}}],\"unlocks\":[{\"property\":{\"type\":4,\"name\":\"2\",\"value\":0.0},\"doUnlock\":true}],\"requirements\":[],\"secretUnlocked\":\"\"},{\"choiceText\":\"No\",\"choiceMadeSummary\":\"didn't punish kids who don't return library books\",\"choiceNotMadeSummary\":\"\",\"attributeEffects\":[],\"metaEffects\":[{\"type\":6,\"name\":\"Friendliness\",\"value\":1.0}],\"consequences\":[{\"statEffects\":[{\"type\":1,\"name\":\"Test Scores\",\"value\":-20.0}],\"flagEffects\":[],\"consequenceText\":\"Some students don't get to read some really important books before finals week!\",\"anchorImage\":{\"description\":\"\",\"category\":\"\",\"filename\":\"\",\"flipX\":false,\"flipY\":false},\"characterImage\":{\"description\":\"\",\"category\":\"character\",\"filename\":\"Kiera_Uh-oh\",\"flipX\":false,\"flipY\":false}},{\"statEffects\":[{\"type\":1,\"name\":\"Athletics\",\"value\":10.0}],\"flagEffects\":[],\"consequenceText\":\"But instead of reading them, those kids train a bit more.\",\"anchorImage\":{\"description\":\"\",\"category\":\"\",\"filename\":\"\",\"flipX\":false,\"flipY\":false},\"characterImage\":{\"description\":\"\",\"category\":\"character\",\"filename\":\"Kiera_Happy\",\"flipX\":false,\"flipY\":false}}],\"unlocks\":[{\"property\":{\"type\":4,\"name\":\"2\",\"value\":0.0},\"doUnlock\":true}],\"requirements\":[],\"secretUnlocked\":\"\"}],\"requirements\":[]},{\"decisionID\":\"playground_politics\",\"decisionText\":\"The new study group wants the playground for their study sessions. But that's where the Athleticore hangs out after practice!\",\"speakerName\":\"\",\"type\":0,\"speakerImage\":{\"description\":\"\",\"category\":\"character\",\"filename\":\"Kiera_Uh-oh\",\"flipX\":false,\"flipY\":false},\"anchorImage\":{\"description\":\"\",\"category\":\"\",\"filename\":\"\",\"flipX\":false,\"flipY\":false},\"choices\":[{\"choiceText\":\"They can share days\",\"choiceMadeSummary\":\"made the athletes share the playground with others\",\"choiceNotMadeSummary\":\"\",\"attributeEffects\":[],\"metaEffects\":[{\"type\":6,\"name\":\"Justice\",\"value\":1.0}],\"consequences\":[{\"statEffects\":[{\"type\":1,\"name\":\"Grades\",\"value\":10.0}],\"flagEffects\":[],\"consequenceText\":\"Scores would be shooting through the roof if the playground had one!\",\"anchorImage\":{\"description\":\"\",\"category\":\"\",\"filename\":\"\",\"flipX\":false,\"flipY\":false},\"characterImage\":{\"description\":\"\",\"category\":\"character\",\"filename\":\"Kiera_Happy\",\"flipX\":false,\"flipY\":false}},{\"statEffects\":[{\"type\":1,\"name\":\"Inclusion\",\"value\":10.0}],\"flagEffects\":[],\"consequenceText\":\"And when folks came in on the wrong days people from different cliques actually hung out!\",\"anchorImage\":{\"description\":\"\",\"category\":\"\",\"filename\":\"\",\"flipX\":false,\"flipY\":false},\"characterImage\":{\"description\":\"\",\"category\":\"character\",\"filename\":\"Kiera_Curious\",\"flipX\":false,\"flipY\":false}}],\"unlocks\":[{\"property\":{\"type\":4,\"name\":\"3\",\"value\":0.0},\"doUnlock\":true}],\"requirements\":[],\"secretUnlocked\":\"\"},{\"choiceText\":\"The Athleticore was there first\",\"choiceMadeSummary\":\"let the athletes have the playground to themselves\",\"choiceNotMadeSummary\":\"\",\"attributeEffects\":[],\"metaEffects\":[{\"type\":6,\"name\":\"Toughness\",\"value\":1.0}],\"consequences\":[{\"statEffects\":[{\"type\":1,\"name\":\"Athletics\",\"value\":10.0}],\"flagEffects\":[],\"consequenceText\":\"Hanging out after practice makes everyone bond more and play better as a team.\",\"anchorImage\":{\"description\":\"\",\"category\":\"\",\"filename\":\"\",\"flipX\":false,\"flipY\":false},\"characterImage\":{\"description\":\"\",\"category\":\"character\",\"filename\":\"Kiera_Thinking\",\"flipX\":false,\"flipY\":false}},{\"statEffects\":[{\"type\":1,\"name\":\"Inclusion\",\"value\":-10.0}],\"flagEffects\":[],\"consequenceText\":\"But now high school is more jungle than jungle gym.\",\"anchorImage\":{\"description\":\"\",\"category\":\"\",\"filename\":\"\",\"flipX\":false,\"flipY\":false},\"characterImage\":{\"description\":\"\",\"category\":\"character\",\"filename\":\"Kiera_Uh-oh\",\"flipX\":false,\"flipY\":false}}],\"unlocks\":[{\"property\":{\"type\":4,\"name\":\"3\",\"value\":0.0},\"doUnlock\":true}],\"requirements\":[],\"secretUnlocked\":\"\"}],\"requirements\":[]},{\"decisionID\":\"uniformed_decision\",\"decisionText\":\"The Athleticore has uniforms when they play games. The Academicore wants to wear robes to classes, so that they also feel like a team.\",\"speakerName\":\"\",\"type\":0,\"speakerImage\":{\"description\":\"\",\"category\":\"character\",\"filename\":\"Kiera_Thinking\",\"flipX\":false,\"flipY\":false},\"anchorImage\":{\"description\":\"\",\"category\":\"\",\"filename\":\"\",\"flipX\":false,\"flipY\":false},\"choices\":[{\"choiceText\":\"Yes\",\"choiceMadeSummary\":\"introduced uniforms for the Academicore\",\"choiceNotMadeSummary\":\"\",\"attributeEffects\":[],\"metaEffects\":[{\"type\":6,\"name\":\"Friendliness\",\"value\":1.0}],\"consequences\":[{\"statEffects\":[{\"type\":1,\"name\":\"Grades\",\"value\":10.0}],\"flagEffects\":[],\"consequenceText\":\"The Academicore feels like a team, and grades magically get a boost!\",\"anchorImage\":{\"description\":\"\",\"category\":\"\",\"filename\":\"\",\"flipX\":false,\"flipY\":false},\"characterImage\":{\"description\":\"\",\"category\":\"character\",\"filename\":\"Kiera_Happy\",\"flipX\":false,\"flipY\":false}},{\"statEffects\":[{\"type\":1,\"name\":\"Inclusion\",\"value\":-10.0}],\"flagEffects\":[],\"consequenceText\":\"But now our school looks even more like it has two different factions.\",\"anchorImage\":{\"description\":\"\",\"category\":\"\",\"filename\":\"\",\"flipX\":false,\"flipY\":false},\"characterImage\":{\"description\":\"\",\"category\":\"character\",\"filename\":\"Kiera_Sad\",\"flipX\":false,\"flipY\":false}}],\"unlocks\":[{\"property\":{\"type\":4,\"name\":\"6\",\"value\":0.0},\"doUnlock\":true}],\"requirements\":[],\"secretUnlocked\":\"\"},{\"choiceText\":\"Sounds expensive...Have the same uniform for everyone\",\"choiceMadeSummary\":\"made everyone wear the same uniform\",\"choiceNotMadeSummary\":\"\",\"attributeEffects\":[],\"metaEffects\":[{\"type\":6,\"name\":\"Practicality\",\"value\":1.0}],\"consequences\":[{\"statEffects\":[{\"type\":1,\"name\":\"Inclusion\",\"value\":10.0}],\"flagEffects\":[],\"consequenceText\":\"Kids can't decide whether that should be robes or gym shorts, so everyone wears what they want and everyone looks like they belong.\",\"anchorImage\":{\"description\":\"\",\"category\":\"\",\"filename\":\"\",\"flipX\":false,\"flipY\":false},\"characterImage\":{\"description\":\"\",\"category\":\"character\",\"filename\":\"Kiera_Happy\",\"flipX\":false,\"flipY\":false}}],\"unlocks\":[{\"property\":{\"type\":4,\"name\":\"6\",\"value\":0.0},\"doUnlock\":true}],\"requirements\":[],\"secretUnlocked\":\"\"}],\"requirements\":[]},{\"decisionID\":\"other_switch\",\"decisionText\":\"We aren't spending enough time exploring each others' worlds! Should we make the Academicore try out for sports teams, and the Athleticore join study groups?\",\"speakerName\":\"\",\"type\":0,\"speakerImage\":{\"description\":\"\",\"category\":\"character\",\"filename\":\"Kiera_Thinking\",\"flipX\":false,\"flipY\":false},\"anchorImage\":{\"description\":\"\",\"category\":\"\",\"filename\":\"\",\"flipX\":false,\"flipY\":false},\"choices\":[{\"choiceText\":\"Yes, make it mandatory\",\"choiceMadeSummary\":\"made the Athleticore study and the Academicore play sports\",\"choiceNotMadeSummary\":\"\",\"attributeEffects\":[],\"metaEffects\":[{\"type\":6,\"name\":\"Toughness\",\"value\":1.0}],\"consequences\":[{\"statEffects\":[{\"type\":1,\"name\":\"Inclusion\",\"value\":20.0}],\"flagEffects\":[],\"consequenceText\":\"Suddenly, there are so many people exploring new spaces that they've never been to, and meeting new people they'd never met!\",\"anchorImage\":{\"description\":\"\",\"category\":\"\",\"filename\":\"\",\"flipX\":false,\"flipY\":false},\"characterImage\":{\"description\":\"\",\"category\":\"character\",\"filename\":\"Kiera_Happy\",\"flipX\":false,\"flipY\":false}},{\"statEffects\":[{\"type\":1,\"name\":\"Grades\",\"value\":10.0}],\"flagEffects\":[],\"consequenceText\":\"Study groups have to go over old material with new members. But now EVERYONE gets so much better at it.\",\"anchorImage\":{\"description\":\"\",\"category\":\"\",\"filename\":\"\",\"flipX\":false,\"flipY\":false},\"characterImage\":{\"description\":\"\",\"category\":\"character\",\"filename\":\"Kiera_Curious\",\"flipX\":false,\"flipY\":false}},{\"statEffects\":[{\"type\":1,\"name\":\"Athletics\",\"value\":10.0}],\"flagEffects\":[],\"consequenceText\":\"And with some scientific inputs on their plays, the sports teams win so many more games!\",\"anchorImage\":{\"description\":\"\",\"category\":\"\",\"filename\":\"\",\"flipX\":false,\"flipY\":false},\"characterImage\":{\"description\":\"\",\"category\":\"character\",\"filename\":\"Kiera_Curious\",\"flipX\":false,\"flipY\":false}}],\"unlocks\":[{\"property\":{\"type\":4,\"name\":\"9\",\"value\":0.0},\"doUnlock\":true}],\"requirements\":[],\"secretUnlocked\":\"\"},{\"choiceText\":\"Okay, but keep it optional\",\"choiceMadeSummary\":\"let the Athleticore choose to study and the Academicore to play\",\"choiceNotMadeSummary\":\"\",\"attributeEffects\":[],\"metaEffects\":[{\"type\":6,\"name\":\"Friendliness\",\"value\":1.0}],\"consequences\":[{\"statEffects\":[{\"type\":1,\"name\":\"Grades\",\"value\":20.0}],\"flagEffects\":[],\"consequenceText\":\"Smaller groups are easier to work with, so the Academicore's grades go up.\",\"anchorImage\":{\"description\":\"\",\"category\":\"\",\"filename\":\"\",\"flipX\":false,\"flipY\":false},\"characterImage\":{\"description\":\"\",\"category\":\"character\",\"filename\":\"Kiera_Thinking\",\"flipX\":false,\"flipY\":false}},{\"statEffects\":[{\"type\":1,\"name\":\"Athletics\",\"value\":10.0}],\"flagEffects\":[],\"consequenceText\":\"And spending all that time together helps the team learn each others' plays. So they win more!\",\"anchorImage\":{\"description\":\"\",\"category\":\"\",\"filename\":\"\",\"flipX\":false,\"flipY\":false},\"characterImage\":{\"description\":\"\",\"category\":\"character\",\"filename\":\"Kiera_Curious\",\"flipX\":false,\"flipY\":false}},{\"statEffects\":[{\"type\":1,\"name\":\"Inclusion\",\"value\":-10.0}],\"flagEffects\":[],\"consequenceText\":\"But nobody makes any new friends or succeeds at anything different from the usual.\",\"anchorImage\":{\"description\":\"\",\"category\":\"\",\"filename\":\"\",\"flipX\":false,\"flipY\":false},\"characterImage\":{\"description\":\"\",\"category\":\"character\",\"filename\":\"Kiera_Sad\",\"flipX\":false,\"flipY\":false}}],\"unlocks\":[{\"property\":{\"type\":4,\"name\":\"9\",\"value\":0.0},\"doUnlock\":true}],\"requirements\":[],\"secretUnlocked\":\"\"}],\"requirements\":[]},{\"decisionID\":\"lunch_seats\",\"decisionText\":\"I got it! Let’s force the Athleticore to sit with the Academicore during lunch!\",\"speakerName\":\"\",\"type\":0,\"speakerImage\":{\"description\":\"\",\"category\":\"character\",\"filename\":\"Kiera_Happy\",\"flipX\":false,\"flipY\":false},\"anchorImage\":{\"description\":\"\",\"category\":\"\",\"filename\":\"\",\"flipX\":false,\"flipY\":false},\"choices\":[{\"choiceText\":\"Yes\",\"choiceMadeSummary\":\"made the Athleticore sit with the Academicore at lunch\",\"choiceNotMadeSummary\":\"\",\"attributeEffects\":[],\"metaEffects\":[{\"type\":6,\"name\":\"Toughness\",\"value\":1.0}],\"consequences\":[{\"statEffects\":[{\"type\":1,\"name\":\"Grades\",\"value\":-10.0}],\"flagEffects\":[],\"consequenceText\":\"The Athleticore eats a lot! Their food trays are leaving no space for the maps the Academicore likes to revise at lunch.\",\"anchorImage\":{\"description\":\"\",\"category\":\"\",\"filename\":\"\",\"flipX\":false,\"flipY\":false},\"characterImage\":{\"description\":\"\",\"category\":\"character\",\"filename\":\"Kiera_Uh-oh\",\"flipX\":false,\"flipY\":false}},{\"statEffects\":[{\"type\":1,\"name\":\"Inclusion\",\"value\":10.0}],\"flagEffects\":[],\"consequenceText\":\"But the Athleticore knows a lot about states from watching all those sports leagues. The Academicore are learning from them!\",\"anchorImage\":{\"description\":\"\",\"category\":\"\",\"filename\":\"\",\"flipX\":false,\"flipY\":false},\"characterImage\":{\"description\":\"\",\"category\":\"character\",\"filename\":\"Kiera_Happy\",\"flipX\":false,\"flipY\":false}}],\"unlocks\":[{\"property\":{\"type\":4,\"name\":\"18\",\"value\":0.0},\"doUnlock\":true}],\"requirements\":[],\"secretUnlocked\":\"cabbage_talk\"},{\"choiceText\":\"No\",\"choiceMadeSummary\":\"didn't make the Athleticore have lunch with the Academicore\",\"choiceNotMadeSummary\":\"\",\"attributeEffects\":[],\"metaEffects\":[{\"type\":6,\"name\":\"Friendliness\",\"value\":1.0}],\"consequences\":[{\"statEffects\":[{\"type\":1,\"name\":\"Athletics\",\"value\":30.0}],\"flagEffects\":[],\"consequenceText\":\"The Athleticore can grab lunch and rush off for practice without having to wait for the Academicore to finish.\",\"anchorImage\":{\"description\":\"\",\"category\":\"\",\"filename\":\"\",\"flipX\":false,\"flipY\":false},\"characterImage\":{\"description\":\"\",\"category\":\"character\",\"filename\":\"Kiera_Neutral\",\"flipX\":false,\"flipY\":false}},{\"statEffects\":[{\"type\":1,\"name\":\"Inclusion\",\"value\":-10.0}],\"flagEffects\":[],\"consequenceText\":\"But we could’ve had them bond over the boring cafeteria food.\",\"anchorImage\":{\"description\":\"\",\"category\":\"\",\"filename\":\"\",\"flipX\":false,\"flipY\":false},\"characterImage\":{\"description\":\"\",\"category\":\"character\",\"filename\":\"Kiera_Sad\",\"flipX\":false,\"flipY\":false}}],\"unlocks\":[{\"property\":{\"type\":4,\"name\":\"18\",\"value\":0.0},\"doUnlock\":true}],\"requirements\":[],\"secretUnlocked\":\"\"}],\"requirements\":[]},{\"decisionID\":\"foul_play\",\"decisionText\":\"Oh no! A foul ball from the Athleticore’s baseball practice flew into the lab and broke the project the Academicore has been working on for months!\",\"speakerName\":\"\",\"type\":0,\"speakerImage\":{\"description\":\"\",\"category\":\"character\",\"filename\":\"Kiera_Uh-oh\",\"flipX\":false,\"flipY\":false},\"anchorImage\":{\"description\":\"\",\"category\":\"\",\"filename\":\"\",\"flipX\":false,\"flipY\":false},\"choices\":[{\"choiceText\":\"Shh ... get the Athleticore to rebuild it secretly\",\"choiceMadeSummary\":\"made the Athleticore secretly rebuild the project they broke\",\"choiceNotMadeSummary\":\"\",\"attributeEffects\":[],\"metaEffects\":[{\"type\":6,\"name\":\"Sneakiness\",\"value\":1.0}],\"consequences\":[{\"statEffects\":[{\"type\":1,\"name\":\"Grades\",\"value\":10.0}],\"flagEffects\":[],\"consequenceText\":\"The Athleticore had to do a lot of research to figure the project out. They’re smarter now!\",\"anchorImage\":{\"description\":\"\",\"category\":\"\",\"filename\":\"\",\"flipX\":false,\"flipY\":false},\"characterImage\":{\"description\":\"\",\"category\":\"character\",\"filename\":\"Kiera_Curious\",\"flipX\":false,\"flipY\":false}},{\"statEffects\":[{\"type\":1,\"name\":\"Inclusion\",\"value\":-10.0}],\"flagEffects\":[],\"consequenceText\":\"But the Academicore found the ball. They’re angry with the Athleticore for the foul play.\",\"anchorImage\":{\"description\":\"\",\"category\":\"\",\"filename\":\"\",\"flipX\":false,\"flipY\":false},\"characterImage\":{\"description\":\"\",\"category\":\"character\",\"filename\":\"Kiera_Sad\",\"flipX\":false,\"flipY\":false}}],\"unlocks\":[{\"property\":{\"type\":4,\"name\":\"20\",\"value\":0.0},\"doUnlock\":true}],\"requirements\":[],\"secretUnlocked\":\"\"},{\"choiceText\":\"Tell the Academicore\",\"choiceMadeSummary\":\"told the Academicore that the Athleticore broke its project\",\"choiceNotMadeSummary\":\"\",\"attributeEffects\":[],\"metaEffects\":[{\"type\":6,\"name\":\"Honesty\",\"value\":1.0}],\"consequences\":[{\"statEffects\":[{\"type\":1,\"name\":\"Inclusion\",\"value\":20.0}],\"flagEffects\":[],\"consequenceText\":\"The Academicore is fuming, but they don’t want to waste time so they are working with the Athleticore to redo the project.\",\"anchorImage\":{\"description\":\"\",\"category\":\"\",\"filename\":\"\",\"flipX\":false,\"flipY\":false},\"characterImage\":{\"description\":\"\",\"category\":\"character\",\"filename\":\"Kiera_Curious\",\"flipX\":false,\"flipY\":false}}],\"unlocks\":[{\"property\":{\"type\":4,\"name\":\"20\",\"value\":0.0},\"doUnlock\":true}],\"requirements\":[],\"secretUnlocked\":\"\"}],\"requirements\":[]},{\"decisionID\":\"the_showdown\",\"decisionText\":\"The Athleticore and the Academicore are at it again! They want a competition to decide who rules the school!\",\"speakerName\":\"\",\"type\":2,\"speakerImage\":{\"description\":\"\",\"category\":\"character\",\"filename\":\"Kiera_Uh-oh\",\"flipX\":false,\"flipY\":false},\"anchorImage\":{\"description\":\"\",\"category\":\"\",\"filename\":\"\",\"flipX\":false,\"flipY\":false},\"choices\":[{\"choiceText\":\"The FairsideStein - A quiz competition\",\"choiceMadeSummary\":\"organised a quiz competition\",\"choiceNotMadeSummary\":\"\",\"attributeEffects\":[],\"metaEffects\":[],\"consequences\":[{\"statEffects\":[{\"type\":1,\"name\":\"Grades\",\"value\":30.0}],\"flagEffects\":[],\"consequenceText\":\"The Athleticore is studying really hard. Their grades getting better!\",\"anchorImage\":{\"description\":\"\",\"category\":\"\",\"filename\":\"\",\"flipX\":false,\"flipY\":false},\"characterImage\":{\"description\":\"\",\"category\":\"character\",\"filename\":\"Kiera_Curious\",\"flipX\":false,\"flipY\":false}},{\"statEffects\":[{\"type\":1,\"name\":\"Inclusion\",\"value\":-20.0}],\"flagEffects\":[],\"consequenceText\":\"But the Academicore still won the first round and the teams ended up throwing note pads at each other.\",\"anchorImage\":{\"description\":\"\",\"category\":\"\",\"filename\":\"\",\"flipX\":false,\"flipY\":false},\"characterImage\":{\"description\":\"\",\"category\":\"character\",\"filename\":\"Kiera_Uh-oh\",\"flipX\":false,\"flipY\":false}}],\"unlocks\":[{\"property\":{\"type\":4,\"name\":\"quiz_roundtwo\",\"value\":0.0},\"doUnlock\":true},{\"property\":{\"type\":4,\"name\":\"28\",\"value\":0.0},\"doUnlock\":true}],\"requirements\":[],\"secretUnlocked\":\"\"},{\"choiceText\":\"The Fairside Highlympics - A Track and Field event!\",\"choiceMadeSummary\":\"organised a track and field event\",\"choiceNotMadeSummary\":\"\",\"attributeEffects\":[],\"metaEffects\":[],\"consequences\":[{\"statEffects\":[{\"type\":1,\"name\":\"Athletics\",\"value\":30.0}],\"flagEffects\":[],\"consequenceText\":\"The Academicore put in a lot of muscle into practice and got super fit.\",\"anchorImage\":{\"description\":\"\",\"category\":\"\",\"filename\":\"\",\"flipX\":false,\"flipY\":false},\"characterImage\":{\"description\":\"\",\"category\":\"character\",\"filename\":\"Kiera_Curious\",\"flipX\":false,\"flipY\":false}},{\"statEffects\":[{\"type\":1,\"name\":\"Inclusion\",\"value\":-20.0}],\"flagEffects\":[],\"consequenceText\":\"But the Athleticore still won the first round and a fight broke out at the stadium!\",\"anchorImage\":{\"description\":\"\",\"category\":\"\",\"filename\":\"\",\"flipX\":false,\"flipY\":false},\"characterImage\":{\"description\":\"\",\"category\":\"character\",\"filename\":\"Kiera_Uh-oh\",\"flipX\":false,\"flipY\":false}}],\"unlocks\":[{\"property\":{\"type\":4,\"name\":\"highlympics_roundtwo\",\"value\":0.0},\"doUnlock\":true},{\"property\":{\"type\":4,\"name\":\"28\",\"value\":0.0},\"doUnlock\":true}],\"requirements\":[],\"secretUnlocked\":\"\"}],\"requirements\":[]},{\"decisionID\":\"quiz_roundtwo\",\"decisionText\":\"It's time for Round Two we need to avoid another fight at all costs!\",\"speakerName\":\"\",\"type\":1,\"speakerImage\":{\"description\":\"\",\"category\":\"character\",\"filename\":\"Vanessa_Angry\",\"flipX\":false,\"flipY\":false},\"anchorImage\":{\"description\":\"\",\"category\":\"\",\"filename\":\"\",\"flipX\":false,\"flipY\":false},\"choices\":[{\"choiceText\":\"Let’s mix up the two teams\",\"choiceMadeSummary\":\"mixed up quiz teams to avoid fights\",\"choiceNotMadeSummary\":\"\",\"attributeEffects\":[],\"metaEffects\":[{\"type\":6,\"name\":\"Justice\",\"value\":1.0}],\"consequences\":[{\"statEffects\":[{\"type\":1,\"name\":\"Grades\",\"value\":30.0}],\"flagEffects\":[],\"consequenceText\":\"Mixing up the teams actually helped some athletes learn some trivia!\",\"anchorImage\":{\"description\":\"\",\"category\":\"\",\"filename\":\"\",\"flipX\":false,\"flipY\":false},\"characterImage\":{\"description\":\"\",\"category\":\"character\",\"filename\":\"Vanessa_Smirk\",\"flipX\":false,\"flipY\":false}},{\"statEffects\":[{\"type\":1,\"name\":\"Inclusion\",\"value\":20.0}],\"flagEffects\":[],\"consequenceText\":\"Turns out the athletes knew a lot about anatomy and they pitched in for their new teams!\",\"anchorImage\":{\"description\":\"\",\"category\":\"\",\"filename\":\"\",\"flipX\":false,\"flipY\":false},\"characterImage\":{\"description\":\"\",\"category\":\"character\",\"filename\":\"Vanessa_Excited\",\"flipX\":false,\"flipY\":false}}],\"unlocks\":[{\"property\":{\"type\":4,\"name\":\"mixed_quiz\",\"value\":0.0},\"doUnlock\":true},{\"property\":{\"type\":4,\"name\":\"29\",\"value\":0.0},\"doUnlock\":true}],\"requirements\":[],\"secretUnlocked\":\"\"},{\"choiceText\":\"Only Sports questions in this round!\",\"choiceMadeSummary\":\"changed the quiz questions to balance the quiz scores\",\"choiceNotMadeSummary\":\"\",\"attributeEffects\":[],\"metaEffects\":[{\"type\":6,\"name\":\"Justice\",\"value\":1.0}],\"consequences\":[{\"statEffects\":[{\"type\":1,\"name\":\"Inclusion\",\"value\":30.0}],\"flagEffects\":[],\"consequenceText\":\"Having only sports questions meant the Athleticore felt much smarter and less angry at the Academicore. They love quizzing now!\",\"anchorImage\":{\"description\":\"\",\"category\":\"\",\"filename\":\"\",\"flipX\":false,\"flipY\":false},\"characterImage\":{\"description\":\"\",\"category\":\"character\",\"filename\":\"Vanessa_Smirk\",\"flipX\":false,\"flipY\":false}}],\"unlocks\":[{\"property\":{\"type\":4,\"name\":\"sports_questions\",\"value\":0.0},\"doUnlock\":true},{\"property\":{\"type\":4,\"name\":\"29\",\"value\":0.0},\"doUnlock\":true}],\"requirements\":[],\"secretUnlocked\":\"\"}],\"requirements\":[{\"check\":{\"type\":4,\"name\":\"quiz_roundtwo\",\"value\":0.0},\"checkType\":0,\"comparePropName\":\"\"}]},{\"decisionID\":\"highlympics_roundtwo\",\"decisionText\":\"It’s day two of the Fairside Highlympics! We really need to make sure it’s not a one sided affair again.\",\"speakerName\":\"\",\"type\":1,\"speakerImage\":{\"description\":\"\",\"category\":\"character\",\"filename\":\"Kiera_Thinking\",\"flipX\":false,\"flipY\":false},\"anchorImage\":{\"description\":\"\",\"category\":\"\",\"filename\":\"\",\"flipX\":false,\"flipY\":false},\"choices\":[{\"choiceText\":\"Let’s mix up the Athleticore and Academicore teams\",\"choiceMadeSummary\":\"mixed up the Athleticore and Academicore sports teams\",\"choiceNotMadeSummary\":\"\",\"attributeEffects\":[],\"metaEffects\":[{\"type\":6,\"name\":\"Justice\",\"value\":1.0}],\"consequences\":[{\"statEffects\":[{\"type\":1,\"name\":\"Inclusion\",\"value\":30.0}],\"flagEffects\":[],\"consequenceText\":\"Mixing up the teams meant the Academicore peeps were training with the Athleticore.\",\"anchorImage\":{\"description\":\"\",\"category\":\"\",\"filename\":\"\",\"flipX\":false,\"flipY\":false},\"characterImage\":{\"description\":\"\",\"category\":\"character\",\"filename\":\"Kiera_Happy\",\"flipX\":false,\"flipY\":false}},{\"statEffects\":[{\"type\":1,\"name\":\"Athletics\",\"value\":30.0}],\"flagEffects\":[],\"consequenceText\":\"And now the Academicore is building some good muscles.\",\"anchorImage\":{\"description\":\"\",\"category\":\"\",\"filename\":\"\",\"flipX\":false,\"flipY\":false},\"characterImage\":{\"description\":\"\",\"category\":\"character\",\"filename\":\"Kiera_Happy\",\"flipX\":false,\"flipY\":false}}],\"unlocks\":[{\"property\":{\"type\":4,\"name\":\"mixed_track\",\"value\":0.0},\"doUnlock\":true},{\"property\":{\"type\":4,\"name\":\"30\",\"value\":0.0},\"doUnlock\":true}],\"requirements\":[],\"secretUnlocked\":\"\"},{\"choiceText\":\"Make runners solve algebra problems before they can cross the finish line\",\"choiceMadeSummary\":\"made the racers solve algebra problems during the race\",\"choiceNotMadeSummary\":\"\",\"attributeEffects\":[],\"metaEffects\":[{\"type\":6,\"name\":\"Toughness\",\"value\":1.0}],\"consequences\":[{\"statEffects\":[{\"type\":1,\"name\":\"Grades\",\"value\":30.0}],\"flagEffects\":[],\"consequenceText\":\"Even the jocks had to do math to complete the race, they got smarter!\",\"anchorImage\":{\"description\":\"\",\"category\":\"\",\"filename\":\"\",\"flipX\":false,\"flipY\":false},\"characterImage\":{\"description\":\"\",\"category\":\"character\",\"filename\":\"Kiera_Curious\",\"flipX\":false,\"flipY\":false}}],\"unlocks\":[{\"property\":{\"type\":4,\"name\":\"shoes_tied\",\"value\":0.0},\"doUnlock\":true},{\"property\":{\"type\":4,\"name\":\"30\",\"value\":0.0},\"doUnlock\":true}],\"requirements\":[],\"secretUnlocked\":\"\"}],\"requirements\":[{\"check\":{\"type\":4,\"name\":\"highlympics_roundtwo\",\"value\":0.0},\"checkType\":0,\"comparePropName\":\"\"}]},{\"decisionID\":\"mixed_quiz\",\"decisionText\":\"The periodic tables have turned! The scores are tied for the mixed up teams! We need a tie breaker!\",\"speakerName\":\"\",\"type\":1,\"speakerImage\":{\"description\":\"\",\"category\":\"character\",\"filename\":\"Kiera_Curious\",\"flipX\":false,\"flipY\":false},\"anchorImage\":{\"description\":\"\",\"category\":\"\",\"filename\":\"\",\"flipX\":false,\"flipY\":false},\"choices\":[{\"choiceText\":\"Make the teams Arm Wrestle!\",\"choiceMadeSummary\":\"broke the quiz tie by making teams arm wrestle\",\"choiceNotMadeSummary\":\"\",\"attributeEffects\":[],\"metaEffects\":[{\"type\":6,\"name\":\"Justice\",\"value\":1.0}],\"consequences\":[{\"statEffects\":[{\"type\":1,\"name\":\"Inclusion\",\"value\":20.0}],\"flagEffects\":[],\"consequenceText\":\"The Academicore really appreciate having the Athleticore members in their teams now .\",\"anchorImage\":{\"description\":\"\",\"category\":\"\",\"filename\":\"\",\"flipX\":false,\"flipY\":false},\"characterImage\":{\"description\":\"\",\"category\":\"character\",\"filename\":\"Kiera_Happy\",\"flipX\":false,\"flipY\":false}},{\"statEffects\":[{\"type\":1,\"name\":\"Athletics\",\"value\":30.0}],\"flagEffects\":[],\"consequenceText\":\"They have also realised the value of muscles!\",\"anchorImage\":{\"description\":\"\",\"category\":\"\",\"filename\":\"\",\"flipX\":false,\"flipY\":false},\"characterImage\":{\"description\":\"\",\"category\":\"character\",\"filename\":\"Kiera_Curious\",\"flipX\":false,\"flipY\":false}}],\"unlocks\":[{\"property\":{\"type\":4,\"name\":\"31\",\"value\":0.0},\"doUnlock\":true}],\"requirements\":[],\"secretUnlocked\":\"\"},{\"choiceText\":\"Toss a coin!\",\"choiceMadeSummary\":\"broke the quiz tie by tossing a coin\",\"choiceNotMadeSummary\":\"\",\"attributeEffects\":[],\"metaEffects\":[{\"type\":6,\"name\":\"Friendliness\",\"value\":1.0}],\"consequences\":[{\"statEffects\":[{\"type\":1,\"name\":\"Inclusion\",\"value\":-20.0}],\"flagEffects\":[],\"consequenceText\":\"There was bound to be a big fight no matter who won!! But they didn't even wait for the coin to fall and jumped at each other's throats.\",\"anchorImage\":{\"description\":\"\",\"category\":\"\",\"filename\":\"\",\"flipX\":false,\"flipY\":false},\"characterImage\":{\"description\":\"\",\"category\":\"character\",\"filename\":\"Kiera_Sad\",\"flipX\":false,\"flipY\":false}}],\"unlocks\":[{\"property\":{\"type\":4,\"name\":\"31\",\"value\":0.0},\"doUnlock\":true}],\"requirements\":[],\"secretUnlocked\":\"\"}],\"requirements\":[{\"check\":{\"type\":4,\"name\":\"mixed_quiz\",\"value\":0.0},\"checkType\":0,\"comparePropName\":\"\"}]},{\"decisionID\":\"mixed_track\",\"decisionText\":\"The mixed up athletics teams made sure every event had a photo finish but now both teams are tied. We need a tie breaker\",\"speakerName\":\"\",\"type\":1,\"speakerImage\":{\"description\":\"\",\"category\":\"character\",\"filename\":\"Kiera_Curious\",\"flipX\":false,\"flipY\":false},\"anchorImage\":{\"description\":\"\",\"category\":\"\",\"filename\":\"\",\"flipX\":false,\"flipY\":false},\"choices\":[{\"choiceText\":\"A quiz contest for the tie breaker!\",\"choiceMadeSummary\":\"held a quiz contest to break the sports tie\",\"choiceNotMadeSummary\":\"\",\"attributeEffects\":[],\"metaEffects\":[{\"type\":6,\"name\":\"Friendliness\",\"value\":1.0}],\"consequences\":[{\"statEffects\":[{\"type\":1,\"name\":\"Inclusion\",\"value\":30.0}],\"flagEffects\":[],\"consequenceText\":\"The Athleticore was happy to have some smarty pants among the sweat pants!\",\"anchorImage\":{\"description\":\"\",\"category\":\"\",\"filename\":\"\",\"flipX\":false,\"flipY\":false},\"characterImage\":{\"description\":\"\",\"category\":\"character\",\"filename\":\"Kiera_Happy\",\"flipX\":false,\"flipY\":false}},{\"statEffects\":[{\"type\":1,\"name\":\"Grades\",\"value\":30.0}],\"flagEffects\":[],\"consequenceText\":\"They also resolved to study a little harder in case these competitions become a trend!\",\"anchorImage\":{\"description\":\"\",\"category\":\"\",\"filename\":\"\",\"flipX\":false,\"flipY\":false},\"characterImage\":{\"description\":\"\",\"category\":\"character\",\"filename\":\"Kiera_Curious\",\"flipX\":false,\"flipY\":false}}],\"unlocks\":[{\"property\":{\"type\":4,\"name\":\"32\",\"value\":0.0},\"doUnlock\":true}],\"requirements\":[],\"secretUnlocked\":\"\"},{\"choiceText\":\"Spin a bottle to decide the winner\",\"choiceMadeSummary\":\"spun a bottle to break the sports tie\",\"choiceNotMadeSummary\":\"\",\"attributeEffects\":[],\"metaEffects\":[{\"type\":6,\"name\":\"Friendliness\",\"value\":1.0}],\"consequences\":[{\"statEffects\":[{\"type\":1,\"name\":\"Inclusion\",\"value\":-20.0}],\"flagEffects\":[],\"consequenceText\":\"Oops one team was super happy but the other didn't take it too well...they're ummm...throwing the bottle at the winners.\",\"anchorImage\":{\"description\":\"\",\"category\":\"\",\"filename\":\"\",\"flipX\":false,\"flipY\":false},\"characterImage\":{\"description\":\"\",\"category\":\"character\",\"filename\":\"Kiera_Sad\",\"flipX\":false,\"flipY\":false}}],\"unlocks\":[{\"property\":{\"type\":4,\"name\":\"32\",\"value\":0.0},\"doUnlock\":true}],\"requirements\":[],\"secretUnlocked\":\"\"}],\"requirements\":[{\"check\":{\"type\":4,\"name\":\"mixed_track\",\"value\":0.0},\"checkType\":0,\"comparePropName\":\"\"}]},{\"decisionID\":\"sports_questions\",\"decisionText\":\"The sports questions balanced out the scores but there’s still the final round, the Academicore is all set to win big!\",\"speakerName\":\"\",\"type\":1,\"speakerImage\":{\"description\":\"\",\"category\":\"character\",\"filename\":\"Kiera_Thinking\",\"flipX\":false,\"flipY\":false},\"anchorImage\":{\"description\":\"\",\"category\":\"\",\"filename\":\"\",\"flipX\":false,\"flipY\":false},\"choices\":[{\"choiceText\":\"Cancel the final round, declare a tie!\",\"choiceMadeSummary\":\"cancelled the final round of the quiz\",\"choiceNotMadeSummary\":\"\",\"attributeEffects\":[],\"metaEffects\":[{\"type\":6,\"name\":\"Sneakiness\",\"value\":1.0}],\"consequences\":[{\"statEffects\":[{\"type\":1,\"name\":\"Inclusion\",\"value\":-20.0}],\"flagEffects\":[],\"consequenceText\":\"The Academicore feels cheated, they’re hurling insults at the quizmaster, who used to be one of their own!\",\"anchorImage\":{\"description\":\"\",\"category\":\"\",\"filename\":\"\",\"flipX\":false,\"flipY\":false},\"characterImage\":{\"description\":\"\",\"category\":\"character\",\"filename\":\"Kiera_Uh-oh\",\"flipX\":false,\"flipY\":false}},{\"statEffects\":[{\"type\":1,\"name\":\"Grades\",\"value\":-20.0}],\"flagEffects\":[],\"consequenceText\":\"Quizzing will have to be suspended at Fairside High, nobody feels like studying anymore!\",\"anchorImage\":{\"description\":\"\",\"category\":\"\",\"filename\":\"\",\"flipX\":false,\"flipY\":false},\"characterImage\":{\"description\":\"\",\"category\":\"character\",\"filename\":\"Kiera_Awkward\",\"flipX\":false,\"flipY\":false}}],\"unlocks\":[{\"property\":{\"type\":4,\"name\":\"33\",\"value\":0.0},\"doUnlock\":true}],\"requirements\":[],\"secretUnlocked\":\"\"},{\"choiceText\":\"Do nothing, it's up to them\",\"choiceMadeSummary\":\"didn't interfere with the final quiz round\",\"choiceNotMadeSummary\":\"\",\"attributeEffects\":[],\"metaEffects\":[{\"type\":6,\"name\":\"Justice\",\"value\":1.0}],\"consequences\":[{\"statEffects\":[{\"type\":1,\"name\":\"Grades\",\"value\":50.0}],\"flagEffects\":[],\"consequenceText\":\"The Academicore won the round but the Athleticore has resolved to study harder for the next quiz.\",\"anchorImage\":{\"description\":\"\",\"category\":\"\",\"filename\":\"\",\"flipX\":false,\"flipY\":false},\"characterImage\":{\"description\":\"\",\"category\":\"character\",\"filename\":\"Kiera_Curious\",\"flipX\":false,\"flipY\":false}},{\"statEffects\":[{\"type\":1,\"name\":\"Inclusion\",\"value\":30.0}],\"flagEffects\":[],\"consequenceText\":\"The Academicore also appreciated the Athleticore’s fighting spirit and they’ve decided to organize sports quizzes more regularly!\",\"anchorImage\":{\"description\":\"\",\"category\":\"\",\"filename\":\"\",\"flipX\":false,\"flipY\":false},\"characterImage\":{\"description\":\"\",\"category\":\"character\",\"filename\":\"Kiera_Happy\",\"flipX\":false,\"flipY\":false}}],\"unlocks\":[{\"property\":{\"type\":4,\"name\":\"33\",\"value\":0.0},\"doUnlock\":true}],\"requirements\":[],\"secretUnlocked\":\"\"}],\"requirements\":[{\"check\":{\"type\":4,\"name\":\"sports_questions\",\"value\":0.0},\"checkType\":0,\"comparePropName\":\"\"}]},{\"decisionID\":\"shoes_tied\",\"decisionText\":\"The algebra helped the Academicore but there’s still one race to go! The Athleticore is all set to dominate!\",\"speakerName\":\"\",\"type\":1,\"speakerImage\":{\"description\":\"\",\"category\":\"character\",\"filename\":\"Kiera_Thinking\",\"flipX\":false,\"flipY\":false},\"anchorImage\":{\"description\":\"\",\"category\":\"\",\"filename\":\"\",\"flipX\":false,\"flipY\":false},\"choices\":[{\"choiceText\":\"Sneak up on the Athleticore and tie their shoelaces together\",\"choiceMadeSummary\":\"tied the Athleticore's shoelaces together to sabotage them\",\"choiceNotMadeSummary\":\"\",\"attributeEffects\":[],\"metaEffects\":[{\"type\":6,\"name\":\"Sneakiness\",\"value\":-1.0}],\"consequences\":[{\"statEffects\":[{\"type\":1,\"name\":\"Athletics\",\"value\":-20.0}],\"flagEffects\":[],\"consequenceText\":\"The Athleticore runners tumbled, but they grabbed the Academicore runners as they fell. Everyone’s hurt .\",\"anchorImage\":{\"description\":\"\",\"category\":\"\",\"filename\":\"\",\"flipX\":false,\"flipY\":false},\"characterImage\":{\"description\":\"\",\"category\":\"character\",\"filename\":\"Kiera_Uh-oh\",\"flipX\":false,\"flipY\":false}},{\"statEffects\":[{\"type\":1,\"name\":\"Inclusion\",\"value\":-20.0}],\"flagEffects\":[],\"consequenceText\":\"And now both teams are rolling around the track wrestling with each other.\",\"anchorImage\":{\"description\":\"\",\"category\":\"\",\"filename\":\"\",\"flipX\":false,\"flipY\":false},\"characterImage\":{\"description\":\"\",\"category\":\"character\",\"filename\":\"Kiera_Uh-oh\",\"flipX\":false,\"flipY\":false}}],\"unlocks\":[{\"property\":{\"type\":4,\"name\":\"34\",\"value\":0.0},\"doUnlock\":true}],\"requirements\":[],\"secretUnlocked\":\"\"},{\"choiceText\":\"Do nothing, may the best team win!\",\"choiceMadeSummary\":\"didn't sabotage the Athleticore during the competition\",\"choiceNotMadeSummary\":\"\",\"attributeEffects\":[],\"metaEffects\":[{\"type\":6,\"name\":\"Justice\",\"value\":1.0}],\"consequences\":[{\"statEffects\":[{\"type\":1,\"name\":\"Athletics\",\"value\":50.0}],\"flagEffects\":[],\"consequenceText\":\"The Athleticore won but the Academicore gave them some stiff competition. They’ve decided to practice athletics to beat the Athleticore next year!\",\"anchorImage\":{\"description\":\"\",\"category\":\"\",\"filename\":\"\",\"flipX\":false,\"flipY\":false},\"characterImage\":{\"description\":\"\",\"category\":\"character\",\"filename\":\"Kiera_Curious\",\"flipX\":false,\"flipY\":false}},{\"statEffects\":[{\"type\":1,\"name\":\"Inclusion\",\"value\":30.0}],\"flagEffects\":[],\"consequenceText\":\"The Athleticore has also offered to help the Academicore train for some ‘healthy competitions’\",\"anchorImage\":{\"description\":\"\",\"category\":\"\",\"filename\":\"\",\"flipX\":false,\"flipY\":false},\"characterImage\":{\"description\":\"\",\"category\":\"character\",\"filename\":\"Kiera_Happy\",\"flipX\":false,\"flipY\":false}}],\"unlocks\":[{\"property\":{\"type\":4,\"name\":\"34\",\"value\":0.0},\"doUnlock\":true}],\"requirements\":[],\"secretUnlocked\":\"\"}],\"requirements\":[{\"check\":{\"type\":4,\"name\":\"shoes_tied\",\"value\":0.0},\"checkType\":0,\"comparePropName\":\"\"}]}],\"secrets\":[\"dumb_bells\",\"cabbage_talk\",\"shame_game\",\"keeping_cool\",\"physical_physics\"],\"interstitials\":[],\"goals\":[]}","playPattern":1,"isAvailable":true,"isPremium":false,"releaseOn":"","scenarioFile":{"instanceID":23454},"scenarioID":1,"character":{"description":"","category":"character","filename":"Vanessa_Happy","flipX":false,"flipY":false},"traitsName":["Kindness","Honor"]}