{"scenarioName":"Famjam","scenarioSummary":"Can you stop the chimp from destroying the zoo?","scenarioThumbnail":"Chimp and Zoo","scenarioDataJson":"{\"backgroundImage\":{\"description\":\"\",\"category\":\"background\",\"filename\":\"FamJam\",\"flipX\":false,\"flipY\":false},\"turnCount\":7,\"scenarioId\":0,\"endsWhenObjectiveMet\":false,\"unlockRequirements\":[],\"mainObjectives\":[{\"check\":{\"type\":1,\"name\":\"Drama\",\"value\":50.0},\"checkType\":3,\"comparePropName\":\"\"}],\"bonusObjectives\":[],\"scenarioName\":\"Famjam\",\"mainObjectiveDescription\":\"Bonus objectives\",\"bonusObjectivesDescription\":\"7\",\"turnName\":\"\",\"summarySuccess\":\"You had an epic, fun filled family reunion!\",\"summaryFailure\":\"Your family reunion was runover by drama!\",\"startingStats\":[{\"type\":1,\"name\":\"Drama\",\"value\":50.0}],\"minMaxStatValues\":{\"x\":0.0,\"y\":100.0},\"intro\":[{\"speakerImage\":{\"description\":\"\",\"category\":\"character\",\"filename\":\"Julio_Excited\",\"flipX\":false,\"flipY\":false},\"anchorImage\":{\"description\":\"\",\"category\":\"\",\"filename\":\"\",\"flipX\":false,\"flipY\":false},\"dialogueText\":\"Your distant and not so distant relatives are all on their way for an awesome family weekend at your place!\",\"choices\":[],\"overrideName\":\"\",\"overrideNameReqs\":[]},{\"speakerImage\":{\"description\":\"\",\"category\":\"character\",\"filename\":\"Vanessa_Smirk\",\"flipX\":false,\"flipY\":false},\"anchorImage\":{\"description\":\"\",\"category\":\"\",\"filename\":\"\",\"flipX\":false,\"flipY\":false},\"dialogueText\":\"You know what they say - where there's family there's <i>DRAMA</i>! And I'm here for it!\",\"choices\":[],\"overrideName\":\"\",\"overrideNameReqs\":[]},{\"speakerImage\":{\"description\":\"\",\"category\":\"character\",\"filename\":\"Julio_Uh-Oh\",\"flipX\":false,\"flipY\":false},\"anchorImage\":{\"description\":\"\",\"category\":\"\",\"filename\":\"\",\"flipX\":false,\"flipY\":false},\"dialogueText\":\"But don't let it get out of hand or they'll soon stop bonding and start fighting with each other!\",\"choices\":[],\"overrideName\":\"\",\"overrideNameReqs\":[]},{\"speakerImage\":{\"description\":\"\",\"category\":\"character\",\"filename\":\"Vanessa_Neutral\",\"flipX\":false,\"flipY\":false},\"anchorImage\":{\"description\":\"\",\"category\":\"\",\"filename\":\"\",\"flipX\":false,\"flipY\":false},\"dialogueText\":\"You need to keep the drama low for a super fun weekend! [Drama]\",\"choices\":[],\"overrideName\":\"\",\"overrideNameReqs\":[]},{\"speakerImage\":{\"description\":\"\",\"category\":\"character\",\"filename\":\"Julio_Neutral\",\"flipX\":false,\"flipY\":false},\"anchorImage\":{\"description\":\"\",\"category\":\"\",\"filename\":\"\",\"flipX\":false,\"flipY\":false},\"dialogueText\":\"Remember, you can be either thoughtful or sly towards your relatives. The choice is yours!\",\"choices\":[],\"overrideName\":\"\",\"overrideNameReqs\":[]}],\"outros\":[{\"outroID\":\"fam_por\",\"outcomeType\":1,\"traitCheck\":\"Kindness\",\"traitCheckPositive\":false,\"dialogueOptions\":[{\"speakerImage\":{\"description\":\"\",\"category\":\"character\",\"filename\":\"Julio_Excited\",\"flipX\":false,\"flipY\":false},\"anchorImage\":{\"description\":\"\",\"category\":\"\",\"filename\":\"\",\"flipX\":false,\"flipY\":false},\"dialogueText\":\"Yayy! Your kind ways have made this family reunion a big success.\",\"choices\":[],\"overrideName\":\"\",\"overrideNameReqs\":[]}],\"propsToShow\":[]},{\"outroID\":\"all_edit\",\"outcomeType\":1,\"traitCheck\":\"Kindness\",\"traitCheckPositive\":false,\"dialogueOptions\":[{\"speakerImage\":{\"description\":\"\",\"category\":\"character\",\"filename\":\"Vanessa_Happy\",\"flipX\":false,\"flipY\":false},\"anchorImage\":{\"description\":\"\",\"category\":\"\",\"filename\":\"\",\"flipX\":false,\"flipY\":false},\"dialogueText\":\"You were patient with everyone during the family photoshoot. You must be a family favorite!\",\"choices\":[],\"overrideName\":\"\",\"overrideNameReqs\":[]}],\"propsToShow\":[]},{\"outroID\":\"pedro_edit\",\"outcomeType\":1,\"traitCheck\":\"Kindness\",\"traitCheckPositive\":false,\"dialogueOptions\":[{\"speakerImage\":{\"description\":\"\",\"category\":\"character\",\"filename\":\"Vanessa_Neutral\",\"flipX\":false,\"flipY\":false},\"anchorImage\":{\"description\":\"\",\"category\":\"\",\"filename\":\"\",\"flipX\":false,\"flipY\":false},\"dialogueText\":\"You managed to keep Uncle Pedro smiling and for that your family is thankful!\",\"choices\":[],\"overrideName\":\"\",\"overrideNameReqs\":[]}],\"propsToShow\":[]},{\"outroID\":\"fam_por\",\"outcomeType\":4,\"traitCheck\":\"Kindness\",\"traitCheckPositive\":false,\"dialogueOptions\":[{\"speakerImage\":{\"description\":\"\",\"category\":\"character\",\"filename\":\"Julio_Sad\",\"flipX\":false,\"flipY\":false},\"anchorImage\":{\"description\":\"\",\"category\":\"\",\"filename\":\"\",\"flipX\":false,\"flipY\":false},\"dialogueText\":\"Oh no! Your kindness wasn't enough to control the family drama.\",\"choices\":[],\"overrideName\":\"\",\"overrideNameReqs\":[]}],\"propsToShow\":[]},{\"outroID\":\"all_edit\",\"outcomeType\":4,\"traitCheck\":\"Kindness\",\"traitCheckPositive\":false,\"dialogueOptions\":[{\"speakerImage\":{\"description\":\"\",\"category\":\"character\",\"filename\":\"Vanessa_Glaring\",\"flipX\":false,\"flipY\":false},\"anchorImage\":{\"description\":\"\",\"category\":\"\",\"filename\":\"\",\"flipX\":false,\"flipY\":false},\"dialogueText\":\"You just couldn't handle all the requests on your own. The reunion could've gone better!\",\"choices\":[],\"overrideName\":\"\",\"overrideNameReqs\":[]}],\"propsToShow\":[]},{\"outroID\":\"pedro_edit\",\"outcomeType\":4,\"traitCheck\":\"Kindness\",\"traitCheckPositive\":false,\"dialogueOptions\":[{\"speakerImage\":{\"description\":\"\",\"category\":\"character\",\"filename\":\"Vanessa_Irritated\",\"flipX\":false,\"flipY\":false},\"anchorImage\":{\"description\":\"\",\"category\":\"\",\"filename\":\"\",\"flipX\":false,\"flipY\":false},\"dialogueText\":\"Saying no to Uncle Pedro was your undoing. Your family expects better!\",\"choices\":[],\"overrideName\":\"\",\"overrideNameReqs\":[]}],\"propsToShow\":[]},{\"outroID\":\"flynn_home\",\"outcomeType\":1,\"traitCheck\":\"Craftiness\",\"traitCheckPositive\":false,\"dialogueOptions\":[{\"speakerImage\":{\"description\":\"\",\"category\":\"character\",\"filename\":\"Vanessa_Excited\",\"flipX\":false,\"flipY\":false},\"anchorImage\":{\"description\":\"\",\"category\":\"\",\"filename\":\"\",\"flipX\":false,\"flipY\":false},\"dialogueText\":\"Yayy! Your slyness kept the family drama low and made the reunion a success!\",\"choices\":[],\"overrideName\":\"\",\"overrideNameReqs\":[]}],\"propsToShow\":[]},{\"outroID\":\"mom_door\",\"outcomeType\":1,\"traitCheck\":\"Craftiness\",\"traitCheckPositive\":false,\"dialogueOptions\":[{\"speakerImage\":{\"description\":\"\",\"category\":\"character\",\"filename\":\"Julio_Happy\",\"flipX\":false,\"flipY\":false},\"anchorImage\":{\"description\":\"\",\"category\":\"\",\"filename\":\"\",\"flipX\":false,\"flipY\":false},\"dialogueText\":\"You made up a lie to help your mom. You proved that you would do anything for family.\",\"choices\":[],\"overrideName\":\"\",\"overrideNameReqs\":[]}],\"propsToShow\":[]},{\"outroID\":\"car_tow\",\"outcomeType\":1,\"traitCheck\":\"Craftiness\",\"traitCheckPositive\":false,\"dialogueOptions\":[{\"speakerImage\":{\"description\":\"\",\"category\":\"character\",\"filename\":\"Julio_Neutral\",\"flipX\":false,\"flipY\":false},\"anchorImage\":{\"description\":\"\",\"category\":\"\",\"filename\":\"\",\"flipX\":false,\"flipY\":false},\"dialogueText\":\"And telling Flynn that his car was towed was genius. Keeping family happy is clearly your thing.\",\"choices\":[],\"overrideName\":\"\",\"overrideNameReqs\":[]}],\"propsToShow\":[]},{\"outroID\":\"flynn_home\",\"outcomeType\":4,\"traitCheck\":\"Craftiness\",\"traitCheckPositive\":false,\"dialogueOptions\":[{\"speakerImage\":{\"description\":\"\",\"category\":\"character\",\"filename\":\"Vanessa_Intense\",\"flipX\":false,\"flipY\":false},\"anchorImage\":{\"description\":\"\",\"category\":\"\",\"filename\":\"\",\"flipX\":false,\"flipY\":false},\"dialogueText\":\"Oh no! Being crafty towards your family has made this reunion - a major fail!\",\"choices\":[],\"overrideName\":\"\",\"overrideNameReqs\":[]}],\"propsToShow\":[]},{\"outroID\":\"mom_door\",\"outcomeType\":4,\"traitCheck\":\"Craftiness\",\"traitCheckPositive\":false,\"dialogueOptions\":[{\"speakerImage\":{\"description\":\"\",\"category\":\"character\",\"filename\":\"Julio_Thinking\",\"flipX\":false,\"flipY\":false},\"anchorImage\":{\"description\":\"\",\"category\":\"\",\"filename\":\"\",\"flipX\":false,\"flipY\":false},\"dialogueText\":\"Was it really worth it to make up a lie, just to get your mom out of trouble?\",\"choices\":[],\"overrideName\":\"\",\"overrideNameReqs\":[]}],\"propsToShow\":[]},{\"outroID\":\"car_tow\",\"outcomeType\":4,\"traitCheck\":\"Craftiness\",\"traitCheckPositive\":false,\"dialogueOptions\":[{\"speakerImage\":{\"description\":\"\",\"category\":\"character\",\"filename\":\"Julio_Intense\",\"flipX\":false,\"flipY\":false},\"anchorImage\":{\"description\":\"\",\"category\":\"\",\"filename\":\"\",\"flipX\":false,\"flipY\":false},\"dialogueText\":\"May be next time, make sure not to deceive your Cousin Flynn ever so often.\",\"choices\":[],\"overrideName\":\"\",\"overrideNameReqs\":[]}],\"propsToShow\":[]}],\"decisions\":[{\"decisionID\":\"pet_hater\",\"decisionText\":\"Your uncle Jim is weird around pets lately! Every time he sees one, he cries about his own dog that died a month ago.\",\"speakerName\":\"\",\"type\":0,\"speakerImage\":{\"description\":\"\",\"category\":\"character\",\"filename\":\"Vanessa_Confused\",\"flipX\":false,\"flipY\":false},\"anchorImage\":{\"description\":\"\",\"category\":\"\",\"filename\":\"\",\"flipX\":false,\"flipY\":false},\"choices\":[{\"choiceText\":\"Gift him a new puppy\",\"choiceMadeSummary\":\"bought a new puppy for Uncle Jim\",\"choiceNotMadeSummary\":\"\",\"attributeEffects\":[],\"metaEffects\":[{\"type\":6,\"name\":\"Friendliness\",\"value\":1.0}],\"consequences\":[{\"statEffects\":[{\"type\":1,\"name\":\"Drama\",\"value\":-10.0}],\"flagEffects\":[],\"consequenceText\":\"Uncle Jim loved the new puppy! He spent the entire weekend rubbing the belly of his new best friend!\",\"anchorImage\":{\"description\":\"\",\"category\":\"\",\"filename\":\"\",\"flipX\":false,\"flipY\":false},\"characterImage\":{\"description\":\"\",\"category\":\"character\",\"filename\":\"Julio_Excited\",\"flipX\":false,\"flipY\":false}}],\"unlocks\":[],\"requirements\":[],\"secretUnlocked\":\"\"},{\"choiceText\":\"Hide the pets from uncle\",\"choiceMadeSummary\":\"hid the pets from uncle\",\"choiceNotMadeSummary\":\"\",\"attributeEffects\":[],\"metaEffects\":[{\"type\":6,\"name\":\"Slyness\",\"value\":1.0}],\"consequences\":[{\"statEffects\":[],\"flagEffects\":[],\"consequenceText\":\"All the pets were locked in your bedroom, but cousin Millie's dog got away.\",\"anchorImage\":{\"description\":\"\",\"category\":\"\",\"filename\":\"\",\"flipX\":false,\"flipY\":false},\"characterImage\":{\"description\":\"\",\"category\":\"character\",\"filename\":\"Julio_Thinking\",\"flipX\":false,\"flipY\":false}},{\"statEffects\":[{\"type\":1,\"name\":\"Drama\",\"value\":10.0}],\"flagEffects\":[],\"consequenceText\":\"Uncle Jim was bummed out the moment he saw the dog. He spent the entire weekend weeping!\",\"anchorImage\":{\"description\":\"\",\"category\":\"\",\"filename\":\"\",\"flipX\":false,\"flipY\":false},\"characterImage\":{\"description\":\"\",\"category\":\"character\",\"filename\":\"Vanessa_Sad\",\"flipX\":false,\"flipY\":false}}],\"unlocks\":[],\"requirements\":[],\"secretUnlocked\":\"\"}],\"requirements\":[]},{\"decisionID\":\"fish_sticks\",\"decisionText\":\"Grandpa is about to tell his fishing story for the 100th time. But your naughty cousin Millie looks very irritated about it...\",\"speakerName\":\"\",\"type\":0,\"speakerImage\":{\"description\":\"\",\"category\":\"character\",\"filename\":\"Julio_Thinking\",\"flipX\":false,\"flipY\":false},\"anchorImage\":{\"description\":\"\",\"category\":\"\",\"filename\":\"\",\"flipX\":false,\"flipY\":false},\"choices\":[{\"choiceText\":\"Just sit through the story\",\"choiceMadeSummary\":\"sat through Grandpa's story for the 100th time\",\"choiceNotMadeSummary\":\"\",\"attributeEffects\":[],\"metaEffects\":[{\"type\":6,\"name\":\"Friendliness\",\"value\":1.0}],\"consequences\":[{\"statEffects\":[],\"flagEffects\":[],\"consequenceText\":\"As soon as grandpa started his story, Millie dumped a bowl of spaghetti and meatballs on his head!\",\"anchorImage\":{\"description\":\"\",\"category\":\"\",\"filename\":\"\",\"flipX\":false,\"flipY\":false},\"characterImage\":{\"description\":\"\",\"category\":\"character\",\"filename\":\"Vanessa_Shocked\",\"flipX\":false,\"flipY\":false}},{\"statEffects\":[{\"type\":1,\"name\":\"Drama\",\"value\":10.0}],\"flagEffects\":[],\"consequenceText\":\"Grandpa was so furious that he gave a passionate talk on respecting elders. Millie is now grounded.\",\"anchorImage\":{\"description\":\"\",\"category\":\"\",\"filename\":\"\",\"flipX\":false,\"flipY\":false},\"characterImage\":{\"description\":\"\",\"category\":\"character\",\"filename\":\"Julio_Uh-Oh\",\"flipX\":false,\"flipY\":false}}],\"unlocks\":[],\"requirements\":[],\"secretUnlocked\":\"\"},{\"choiceText\":\"Act like you're fainting\",\"choiceMadeSummary\":\"pretended to faint to stop grandpa from repeating his story\",\"choiceNotMadeSummary\":\"\",\"attributeEffects\":[],\"metaEffects\":[{\"type\":6,\"name\":\"Sneakiness\",\"value\":1.0}],\"consequences\":[{\"statEffects\":[],\"flagEffects\":[],\"consequenceText\":\"Cousin Millie ran to your aid. Even grandpa forgot what he was saying.\",\"anchorImage\":{\"description\":\"\",\"category\":\"\",\"filename\":\"\",\"flipX\":false,\"flipY\":false},\"characterImage\":{\"description\":\"\",\"category\":\"character\",\"filename\":\"Vanessa_Awkward\",\"flipX\":false,\"flipY\":false}},{\"statEffects\":[{\"type\":1,\"name\":\"Drama\",\"value\":-10.0}],\"flagEffects\":[],\"consequenceText\":\"Things went back to normal once they nursed you back to health. Wink, wink!\",\"anchorImage\":{\"description\":\"\",\"category\":\"\",\"filename\":\"\",\"flipX\":false,\"flipY\":false},\"characterImage\":{\"description\":\"\",\"category\":\"character\",\"filename\":\"Julio_Happy\",\"flipX\":false,\"flipY\":false}}],\"unlocks\":[],\"requirements\":[],\"secretUnlocked\":\"\"}],\"requirements\":[]},{\"decisionID\":\"jim_will\",\"decisionText\":\"Uncle Jim and Uncle Pedro want to perform the same song. Uncle Jim is a better singer, but Uncle Pedro's bad singing might be more entertaining!\",\"speakerName\":\"\",\"type\":0,\"speakerImage\":{\"description\":\"\",\"category\":\"character\",\"filename\":\"Vanessa_Glaring\",\"flipX\":false,\"flipY\":false},\"anchorImage\":{\"description\":\"\",\"category\":\"\",\"filename\":\"\",\"flipX\":false,\"flipY\":false},\"choices\":[{\"choiceText\":\"Let Uncle Jim sing\",\"choiceMadeSummary\":\"let the better singer sing at the reunion\",\"choiceNotMadeSummary\":\"\",\"attributeEffects\":[],\"metaEffects\":[{\"type\":6,\"name\":\"Friendliness\",\"value\":1.0}],\"consequences\":[{\"statEffects\":[],\"flagEffects\":[],\"consequenceText\":\"Uncle Pedro tried to talk loudly over Uncle Jim's beautiful singing...\",\"anchorImage\":{\"description\":\"\",\"category\":\"\",\"filename\":\"\",\"flipX\":false,\"flipY\":false},\"characterImage\":{\"description\":\"\",\"category\":\"character\",\"filename\":\"Julio_Intense\",\"flipX\":false,\"flipY\":false}},{\"statEffects\":[{\"type\":1,\"name\":\"Drama\",\"value\":-10.0}],\"flagEffects\":[],\"consequenceText\":\"But you increased the volume of the speaker and drowned all the complaning from Uncle Pedro.\",\"anchorImage\":{\"description\":\"\",\"category\":\"\",\"filename\":\"\",\"flipX\":false,\"flipY\":false},\"characterImage\":{\"description\":\"\",\"category\":\"character\",\"filename\":\"Vanessa_Smirk\",\"flipX\":false,\"flipY\":false}}],\"unlocks\":[],\"requirements\":[],\"secretUnlocked\":\"\"},{\"choiceText\":\"Let Uncle Pedro sing\",\"choiceMadeSummary\":\"let the untalented uncle sing, to entertain the others\",\"choiceNotMadeSummary\":\"\",\"attributeEffects\":[],\"metaEffects\":[{\"type\":6,\"name\":\"Slyness\",\"value\":1.0}],\"consequences\":[{\"statEffects\":[],\"flagEffects\":[],\"consequenceText\":\"Uncle Pedro's voice was so off key that the pets squealed in agony. Everybody started laughing.\",\"anchorImage\":{\"description\":\"\",\"category\":\"\",\"filename\":\"\",\"flipX\":false,\"flipY\":false},\"characterImage\":{\"description\":\"\",\"category\":\"character\",\"filename\":\"Julio_Excited\",\"flipX\":false,\"flipY\":false}},{\"statEffects\":[{\"type\":1,\"name\":\"Drama\",\"value\":10.0}],\"flagEffects\":[],\"consequenceText\":\"Oh no! He stopped his performance, threw a fit and vowed never to sing again!\",\"anchorImage\":{\"description\":\"\",\"category\":\"\",\"filename\":\"\",\"flipX\":false,\"flipY\":false},\"characterImage\":{\"description\":\"\",\"category\":\"character\",\"filename\":\"Vanessa_Uh-Oh\",\"flipX\":false,\"flipY\":false}}],\"unlocks\":[],\"requirements\":[],\"secretUnlocked\":\"\"}],\"requirements\":[]},{\"decisionID\":\"gift_ex\",\"decisionText\":\"Aunt Fatima can't afford to buy gifts for everyone. But cancelling the gift exchange tradition might upset everyone else.\",\"speakerName\":\"\",\"type\":0,\"speakerImage\":{\"description\":\"\",\"category\":\"character\",\"filename\":\"Julio_Neutral\",\"flipX\":false,\"flipY\":false},\"anchorImage\":{\"description\":\"\",\"category\":\"\",\"filename\":\"\",\"flipX\":false,\"flipY\":false},\"choices\":[{\"choiceText\":\"Cancel gift exchange\",\"choiceMadeSummary\":\"cancelled gift exchange to help Aunt Fatima\",\"choiceNotMadeSummary\":\"\",\"attributeEffects\":[],\"metaEffects\":[{\"type\":6,\"name\":\"Friendliness\",\"value\":1.0}],\"consequences\":[{\"statEffects\":[],\"flagEffects\":[],\"consequenceText\":\"Everybody bought gifts anyway, except for Aunt Fatima.\",\"anchorImage\":{\"description\":\"\",\"category\":\"\",\"filename\":\"\",\"flipX\":false,\"flipY\":false},\"characterImage\":{\"description\":\"\",\"category\":\"character\",\"filename\":\"Julio_Uh-Oh\",\"flipX\":false,\"flipY\":false}},{\"statEffects\":[],\"flagEffects\":[],\"consequenceText\":\"She decided to make a special lunch for everybody as her gift!\",\"anchorImage\":{\"description\":\"\",\"category\":\"\",\"filename\":\"\",\"flipX\":false,\"flipY\":false},\"characterImage\":{\"description\":\"\",\"category\":\"character\",\"filename\":\"Vanessa_Neutral\",\"flipX\":false,\"flipY\":false}},{\"statEffects\":[{\"type\":1,\"name\":\"Drama\",\"value\":-10.0}],\"flagEffects\":[],\"consequenceText\":\"The food was so good that for the first time there were no leftovers.\",\"anchorImage\":{\"description\":\"\",\"category\":\"\",\"filename\":\"\",\"flipX\":false,\"flipY\":false},\"characterImage\":{\"description\":\"\",\"category\":\"character\",\"filename\":\"Julio_Happy\",\"flipX\":false,\"flipY\":false}}],\"unlocks\":[],\"requirements\":[],\"secretUnlocked\":\"\"},{\"choiceText\":\"Exchange gifts in secret\",\"choiceMadeSummary\":\"exchanged gifts without Aunt Fatima\",\"choiceNotMadeSummary\":\"\",\"attributeEffects\":[],\"metaEffects\":[{\"type\":6,\"name\":\"Sneakiness\",\"value\":1.0}],\"consequences\":[{\"statEffects\":[],\"flagEffects\":[],\"consequenceText\":\"Aunt Fatima walked in while everyone was secretly exchanging gifts in the basement.\",\"anchorImage\":{\"description\":\"\",\"category\":\"\",\"filename\":\"\",\"flipX\":false,\"flipY\":false},\"characterImage\":{\"description\":\"\",\"category\":\"character\",\"filename\":\"Vanessa_Uh-Oh\",\"flipX\":false,\"flipY\":false}},{\"statEffects\":[{\"type\":1,\"name\":\"Drama\",\"value\":10.0}],\"flagEffects\":[],\"consequenceText\":\"She feels hurt to be left out, and she let everyone know. She even made your Uncle Jim cry!\",\"anchorImage\":{\"description\":\"\",\"category\":\"\",\"filename\":\"\",\"flipX\":false,\"flipY\":false},\"characterImage\":{\"description\":\"\",\"category\":\"character\",\"filename\":\"Julio_Sad\",\"flipX\":false,\"flipY\":false}}],\"unlocks\":[],\"requirements\":[],\"secretUnlocked\":\"\"}],\"requirements\":[]},{\"decisionID\":\"wed_not\",\"decisionText\":\"Uncle Pedro wasn't invited to Aunt Fatima's wedding. He refuses to invite Aunt Fatima to his birthday, unless she apologises to him.\",\"speakerName\":\"\",\"type\":0,\"speakerImage\":{\"description\":\"\",\"category\":\"character\",\"filename\":\"Vanessa_Curious\",\"flipX\":false,\"flipY\":false},\"anchorImage\":{\"description\":\"\",\"category\":\"\",\"filename\":\"\",\"flipX\":false,\"flipY\":false},\"choices\":[{\"choiceText\":\"Ask aunt to apologise\",\"choiceMadeSummary\":\"asked Aunt Fatima to apologise for not inviting an uncle\",\"choiceNotMadeSummary\":\"\",\"attributeEffects\":[],\"metaEffects\":[{\"type\":6,\"name\":\"Friendliness\",\"value\":1.0}],\"consequences\":[{\"statEffects\":[],\"flagEffects\":[],\"consequenceText\":\"Even though Aunt Fatima apologised, Uncle Pedro felt she didn't mean it.\",\"anchorImage\":{\"description\":\"\",\"category\":\"\",\"filename\":\"\",\"flipX\":false,\"flipY\":false},\"characterImage\":{\"description\":\"\",\"category\":\"character\",\"filename\":\"Julio_Uh-Oh\",\"flipX\":false,\"flipY\":false}},{\"statEffects\":[{\"type\":1,\"name\":\"Drama\",\"value\":10.0}],\"flagEffects\":[],\"consequenceText\":\"They ended up fighting. Uncle Pedro is planning an even bigger birthday party just to annoy Aunt Fatima.\",\"anchorImage\":{\"description\":\"\",\"category\":\"\",\"filename\":\"\",\"flipX\":false,\"flipY\":false},\"characterImage\":{\"description\":\"\",\"category\":\"character\",\"filename\":\"Vanessa_Angry\",\"flipX\":false,\"flipY\":false}}],\"unlocks\":[],\"requirements\":[],\"secretUnlocked\":\"\"},{\"choiceText\":\"Ask aunt to lie about the invites\",\"choiceMadeSummary\":\"asked an aunt to lie to a relative about some invitations\",\"choiceNotMadeSummary\":\"\",\"attributeEffects\":[],\"metaEffects\":[{\"type\":6,\"name\":\"Sneakiness\",\"value\":1.0}],\"consequences\":[{\"statEffects\":[],\"flagEffects\":[],\"consequenceText\":\"Aunt Fatima told Uncle Pedro that his invite must've gotten lost in the mail.\",\"anchorImage\":{\"description\":\"\",\"category\":\"\",\"filename\":\"\",\"flipX\":false,\"flipY\":false},\"characterImage\":{\"description\":\"\",\"category\":\"character\",\"filename\":\"Julio_Happy\",\"flipX\":false,\"flipY\":false}},{\"statEffects\":[{\"type\":1,\"name\":\"Drama\",\"value\":-10.0}],\"flagEffects\":[],\"consequenceText\":\"Uncle Pedro believed her. They ended up bonding over the inefficiency of the mail department. Phew!\",\"anchorImage\":{\"description\":\"\",\"category\":\"\",\"filename\":\"\",\"flipX\":false,\"flipY\":false},\"characterImage\":{\"description\":\"\",\"category\":\"character\",\"filename\":\"Vanessa_Excited\",\"flipX\":false,\"flipY\":false}}],\"unlocks\":[],\"requirements\":[],\"secretUnlocked\":\"\"}],\"requirements\":[]},{\"decisionID\":\"joke_mon\",\"decisionText\":\"You showed your very rare Jokemon card to Cousin Millie and now it's missing! You really want it back, but you're afraid of her.\",\"speakerName\":\"\",\"type\":0,\"speakerImage\":{\"description\":\"\",\"category\":\"character\",\"filename\":\"Julio_Intense\",\"flipX\":false,\"flipY\":false},\"anchorImage\":{\"description\":\"\",\"category\":\"\",\"filename\":\"\",\"flipX\":false,\"flipY\":false},\"choices\":[{\"choiceText\":\"Let her keep it\",\"choiceMadeSummary\":\"forgave your cousin for stealing\",\"choiceNotMadeSummary\":\"\",\"attributeEffects\":[],\"metaEffects\":[{\"type\":6,\"name\":\"Generosity\",\"value\":1.0}],\"consequences\":[{\"statEffects\":[],\"flagEffects\":[],\"consequenceText\":\"You tried to let it go. But you saw Cousin Millie show off your card to another cousin.\",\"anchorImage\":{\"description\":\"\",\"category\":\"\",\"filename\":\"\",\"flipX\":false,\"flipY\":false},\"characterImage\":{\"description\":\"\",\"category\":\"character\",\"filename\":\"Vanessa_Uh-Oh\",\"flipX\":false,\"flipY\":false}},{\"statEffects\":[{\"type\":1,\"name\":\"Drama\",\"value\":10.0}],\"flagEffects\":[],\"consequenceText\":\"You called her a \\\"thief\\\" and fought with her. Your card was torn in the fight.\",\"anchorImage\":{\"description\":\"\",\"category\":\"\",\"filename\":\"\",\"flipX\":false,\"flipY\":false},\"characterImage\":{\"description\":\"\",\"category\":\"character\",\"filename\":\"Julio_Sad\",\"flipX\":false,\"flipY\":false}}],\"unlocks\":[],\"requirements\":[],\"secretUnlocked\":\"\"},{\"choiceText\":\"Sneakily check her wallet\",\"choiceMadeSummary\":\"checked cousin's wallet sneakily to see if she stole from you\",\"choiceNotMadeSummary\":\"\",\"attributeEffects\":[],\"metaEffects\":[{\"type\":6,\"name\":\"Sneakiness\",\"value\":1.0}],\"consequences\":[{\"statEffects\":[],\"flagEffects\":[],\"consequenceText\":\"You distracted cousin Millie with a video game on your phone...\",\"anchorImage\":{\"description\":\"\",\"category\":\"\",\"filename\":\"\",\"flipX\":false,\"flipY\":false},\"characterImage\":{\"description\":\"\",\"category\":\"character\",\"filename\":\"Vanessa_Happy\",\"flipX\":false,\"flipY\":false}},{\"statEffects\":[{\"type\":1,\"name\":\"Drama\",\"value\":-10.0}],\"flagEffects\":[],\"consequenceText\":\"Meanwhile you found the card in her wallet. You took it back and told nobody about it.\",\"anchorImage\":{\"description\":\"\",\"category\":\"\",\"filename\":\"\",\"flipX\":false,\"flipY\":false},\"characterImage\":{\"description\":\"\",\"category\":\"character\",\"filename\":\"Julio_Excited\",\"flipX\":false,\"flipY\":false}}],\"unlocks\":[],\"requirements\":[],\"secretUnlocked\":\"\"}],\"requirements\":[]},{\"decisionID\":\"rumor_mill\",\"decisionText\":\"Cousin Millie is telling everyone that Aunt Fatima got fired from her job. Do you stop Millie or make up a lie to save your aunt?\",\"speakerName\":\"\",\"type\":0,\"speakerImage\":{\"description\":\"\",\"category\":\"character\",\"filename\":\"Vanessa_Irritated\",\"flipX\":false,\"flipY\":false},\"anchorImage\":{\"description\":\"\",\"category\":\"\",\"filename\":\"\",\"flipX\":false,\"flipY\":false},\"choices\":[{\"choiceText\":\"\\\"It's not nice to spread rumours\\\"\",\"choiceMadeSummary\":\"discouraged a cousin from spreading rumours\",\"choiceNotMadeSummary\":\"\",\"attributeEffects\":[],\"metaEffects\":[{\"type\":6,\"name\":\"Friendliness\",\"value\":1.0}],\"consequences\":[{\"statEffects\":[],\"flagEffects\":[],\"consequenceText\":\"Aunt Fatima overheard you discourage Millie from spreading rumours. She was beyond happy!\",\"anchorImage\":{\"description\":\"\",\"category\":\"\",\"filename\":\"\",\"flipX\":false,\"flipY\":false},\"characterImage\":{\"description\":\"\",\"category\":\"character\",\"filename\":\"Julio_Neutral\",\"flipX\":false,\"flipY\":false}},{\"statEffects\":[{\"type\":1,\"name\":\"Drama\",\"value\":-10.0}],\"flagEffects\":[],\"consequenceText\":\"She had only good things to say about you to your parents.\",\"anchorImage\":{\"description\":\"\",\"category\":\"\",\"filename\":\"\",\"flipX\":false,\"flipY\":false},\"characterImage\":{\"description\":\"\",\"category\":\"character\",\"filename\":\"Vanessa_Excited\",\"flipX\":false,\"flipY\":false}}],\"unlocks\":[],\"requirements\":[],\"secretUnlocked\":\"\"},{\"choiceText\":\"\\\"No, she quit for a better job\\\"\",\"choiceMadeSummary\":\"lied about your aunt's new job to save her from embarrasment\",\"choiceNotMadeSummary\":\"\",\"attributeEffects\":[],\"metaEffects\":[{\"type\":6,\"name\":\"Slyness\",\"value\":1.0}],\"consequences\":[{\"statEffects\":[],\"flagEffects\":[],\"consequenceText\":\"Millie told everyone that Aunt Fatima got a new job.\",\"anchorImage\":{\"description\":\"\",\"category\":\"\",\"filename\":\"\",\"flipX\":false,\"flipY\":false},\"characterImage\":{\"description\":\"\",\"category\":\"character\",\"filename\":\"Julio_Neutral\",\"flipX\":false,\"flipY\":false}},{\"statEffects\":[{\"type\":1,\"name\":\"Drama\",\"value\":-10.0}],\"flagEffects\":[],\"consequenceText\":\"After a while everybody just stopped talking about Aunt Fatima!\",\"anchorImage\":{\"description\":\"\",\"category\":\"\",\"filename\":\"\",\"flipX\":false,\"flipY\":false},\"characterImage\":{\"description\":\"\",\"category\":\"character\",\"filename\":\"Vanessa_Smirk\",\"flipX\":false,\"flipY\":false}}],\"unlocks\":[],\"requirements\":[],\"secretUnlocked\":\"\"}],\"requirements\":[]},{\"decisionID\":\"ran_away\",\"decisionText\":\"Tring tring! It's Cousin Flynn who ran away with Uncle Pedro's money! He wants to attend the family dinner.\",\"speakerName\":\"\",\"type\":2,\"speakerImage\":{\"description\":\"\",\"category\":\"character\",\"filename\":\"Julio_Thinking\",\"flipX\":false,\"flipY\":false},\"anchorImage\":{\"description\":\"\",\"category\":\"\",\"filename\":\"\",\"flipX\":false,\"flipY\":false},\"choices\":[{\"choiceText\":\"Lie! The reunion's cancelled\",\"choiceMadeSummary\":\"lied to a cousin to keep him from coming home\",\"choiceNotMadeSummary\":\"\",\"attributeEffects\":[],\"metaEffects\":[],\"consequences\":[{\"statEffects\":[],\"flagEffects\":[],\"consequenceText\":\"Cousin Flynn called your parents and they asked him to come over.\",\"anchorImage\":{\"description\":\"\",\"category\":\"\",\"filename\":\"\",\"flipX\":false,\"flipY\":false},\"characterImage\":{\"description\":\"\",\"category\":\"character\",\"filename\":\"Vanessa_Awkward\",\"flipX\":false,\"flipY\":false}},{\"statEffects\":[{\"type\":1,\"name\":\"Drama\",\"value\":10.0}],\"flagEffects\":[],\"consequenceText\":\"Oh no! You got schooled on how to treat family in front of everyone.\",\"anchorImage\":{\"description\":\"\",\"category\":\"\",\"filename\":\"\",\"flipX\":false,\"flipY\":false},\"characterImage\":{\"description\":\"\",\"category\":\"character\",\"filename\":\"Julio_Intense\",\"flipX\":false,\"flipY\":false}}],\"unlocks\":[{\"property\":{\"type\":4,\"name\":\"flynn_rider\",\"value\":0.0},\"doUnlock\":true},{\"property\":{\"type\":4,\"name\":\"flynn_home\",\"value\":0.0},\"doUnlock\":true}],\"requirements\":[],\"secretUnlocked\":\"\"},{\"choiceText\":\"Give him wrong directions\",\"choiceMadeSummary\":\"gave cousin wrong directions to keep him from coming home\",\"choiceNotMadeSummary\":\"\",\"attributeEffects\":[],\"metaEffects\":[],\"consequences\":[{\"statEffects\":[],\"flagEffects\":[],\"consequenceText\":\"Cousin Flynn drove a few miles before he realised the directions were wrong.\",\"anchorImage\":{\"description\":\"\",\"category\":\"\",\"filename\":\"\",\"flipX\":false,\"flipY\":false},\"characterImage\":{\"description\":\"\",\"category\":\"character\",\"filename\":\"Vanessa_Awkward\",\"flipX\":false,\"flipY\":false}},{\"statEffects\":[{\"type\":1,\"name\":\"Drama\",\"value\":-10.0}],\"flagEffects\":[],\"consequenceText\":\"He finally arrived an hour late, but never told on you! Phew!\",\"anchorImage\":{\"description\":\"\",\"category\":\"\",\"filename\":\"\",\"flipX\":false,\"flipY\":false},\"characterImage\":{\"description\":\"\",\"category\":\"character\",\"filename\":\"Julio_Happy\",\"flipX\":false,\"flipY\":false}}],\"unlocks\":[{\"property\":{\"type\":4,\"name\":\"flynn_rider\",\"value\":0.0},\"doUnlock\":true},{\"property\":{\"type\":4,\"name\":\"flynn_home\",\"value\":0.0},\"doUnlock\":true}],\"requirements\":[],\"secretUnlocked\":\"\"}],\"requirements\":[{\"check\":{\"type\":3,\"name\":\"Craftiness\",\"value\":0.0},\"checkType\":5,\"comparePropName\":\"\"}]},{\"decisionID\":\"flynn_rider\",\"decisionText\":\"Uncle Pedro is avoiding Flynn, but Flynn desparately wants to apologise to Uncle Pedro. You have to help them talk it out.\",\"speakerName\":\"\",\"type\":1,\"speakerImage\":{\"description\":\"\",\"category\":\"character\",\"filename\":\"Vanessa_Irritated\",\"flipX\":false,\"flipY\":false},\"anchorImage\":{\"description\":\"\",\"category\":\"\",\"filename\":\"\",\"flipX\":false,\"flipY\":false},\"choices\":[{\"choiceText\":\"Lock them together in a room\",\"choiceMadeSummary\":\"locked Uncle Pedro and cousin Flynn in a room together\",\"choiceNotMadeSummary\":\"\",\"attributeEffects\":[],\"metaEffects\":[],\"consequences\":[{\"statEffects\":[],\"flagEffects\":[],\"consequenceText\":\"They spent the first few minutes arguing and then another few minutes in silence.\",\"anchorImage\":{\"description\":\"\",\"category\":\"\",\"filename\":\"\",\"flipX\":false,\"flipY\":false},\"characterImage\":{\"description\":\"\",\"category\":\"character\",\"filename\":\"Julio_Uh-Oh\",\"flipX\":false,\"flipY\":false}},{\"statEffects\":[{\"type\":1,\"name\":\"Drama\",\"value\":-10.0}],\"flagEffects\":[],\"consequenceText\":\"Eventually they came out of the room very happy! They're ready to break bread together.\",\"anchorImage\":{\"description\":\"\",\"category\":\"\",\"filename\":\"\",\"flipX\":false,\"flipY\":false},\"characterImage\":{\"description\":\"\",\"category\":\"character\",\"filename\":\"Vanessa_Excited\",\"flipX\":false,\"flipY\":false}}],\"unlocks\":[{\"property\":{\"type\":4,\"name\":\"monkey_business\",\"value\":0.0},\"doUnlock\":true}],\"requirements\":[],\"secretUnlocked\":\"\"},{\"choiceText\":\"Seat them together at dinner\",\"choiceMadeSummary\":\"seated Uncle Pedro and cousin Flynn together at dinner\",\"choiceNotMadeSummary\":\"\",\"attributeEffects\":[],\"metaEffects\":[],\"consequences\":[{\"statEffects\":[{\"type\":1,\"name\":\"Drama\",\"value\":10.0}],\"flagEffects\":[],\"consequenceText\":\"Uncle Pedro started screaming and throwing his hands around.\",\"anchorImage\":{\"description\":\"\",\"category\":\"\",\"filename\":\"\",\"flipX\":false,\"flipY\":false},\"characterImage\":{\"description\":\"\",\"category\":\"character\",\"filename\":\"Julio_Uh-Oh\",\"flipX\":false,\"flipY\":false}},{\"statEffects\":[],\"flagEffects\":[],\"consequenceText\":\"By the time he calmed down, all the delicious food had gone cold. Meh!\",\"anchorImage\":{\"description\":\"\",\"category\":\"\",\"filename\":\"\",\"flipX\":false,\"flipY\":false},\"characterImage\":{\"description\":\"\",\"category\":\"character\",\"filename\":\"Vanessa_Sad\",\"flipX\":false,\"flipY\":false}}],\"unlocks\":[{\"property\":{\"type\":4,\"name\":\"monkey_business\",\"value\":0.0},\"doUnlock\":true}],\"requirements\":[],\"secretUnlocked\":\"\"}],\"requirements\":[{\"check\":{\"type\":4,\"name\":\"flynn_rider\",\"value\":0.0},\"checkType\":0,\"comparePropName\":\"\"},{\"check\":{\"type\":4,\"name\":\"flynn_rider\",\"value\":0.0},\"checkType\":0,\"comparePropName\":\"\"}]},{\"decisionID\":\"monkey_business\",\"decisionText\":\"After dinner, cousin Flynn corners your mom to borrow some money. Help your mom get out of the conversation.\",\"speakerName\":\"\",\"type\":1,\"speakerImage\":{\"description\":\"\",\"category\":\"character\",\"filename\":\"Julio_Thinking\",\"flipX\":false,\"flipY\":false},\"anchorImage\":{\"description\":\"\",\"category\":\"\",\"filename\":\"\",\"flipX\":false,\"flipY\":false},\"choices\":[{\"choiceText\":\"Tell mom there's someone at the door\",\"choiceMadeSummary\":\"saved your mom from having to give a cousin money\",\"choiceNotMadeSummary\":\"\",\"attributeEffects\":[],\"metaEffects\":[],\"consequences\":[{\"statEffects\":[],\"flagEffects\":[],\"consequenceText\":\"Mom thanked you for rescuing her. You both hid in the porch away from Flynn.\",\"anchorImage\":{\"description\":\"\",\"category\":\"\",\"filename\":\"\",\"flipX\":false,\"flipY\":false},\"characterImage\":{\"description\":\"\",\"category\":\"character\",\"filename\":\"Vanessa_Happy\",\"flipX\":false,\"flipY\":false}},{\"statEffects\":[{\"type\":1,\"name\":\"Drama\",\"value\":-10.0}],\"flagEffects\":[],\"consequenceText\":\"Cousin Flynn got bored of waiting, and moved on to corner Uncle Jim.\",\"anchorImage\":{\"description\":\"\",\"category\":\"\",\"filename\":\"\",\"flipX\":false,\"flipY\":false},\"characterImage\":{\"description\":\"\",\"category\":\"character\",\"filename\":\"Julio_Excited\",\"flipX\":false,\"flipY\":false}}],\"unlocks\":[{\"property\":{\"type\":4,\"name\":\"mom_door\",\"value\":0.0},\"doUnlock\":true}],\"requirements\":[],\"secretUnlocked\":\"\"},{\"choiceText\":\"Lie to Flynn. \\\"You car's been towed!\\\"\",\"choiceMadeSummary\":\"lied to a cousin to keep him from taking your mom's money\",\"choiceNotMadeSummary\":\"\",\"attributeEffects\":[],\"metaEffects\":[],\"consequences\":[{\"statEffects\":[],\"flagEffects\":[],\"consequenceText\":\"Cousin Flynn ran out but found his car was intact.\",\"anchorImage\":{\"description\":\"\",\"category\":\"\",\"filename\":\"\",\"flipX\":false,\"flipY\":false},\"characterImage\":{\"description\":\"\",\"category\":\"character\",\"filename\":\"Vanessa_Confused\",\"flipX\":false,\"flipY\":false}},{\"statEffects\":[{\"type\":1,\"name\":\"Drama\",\"value\":10.0}],\"flagEffects\":[],\"consequenceText\":\"He stormed back in and chased you around the house and broke a vase!\",\"anchorImage\":{\"description\":\"\",\"category\":\"\",\"filename\":\"\",\"flipX\":false,\"flipY\":false},\"characterImage\":{\"description\":\"\",\"category\":\"character\",\"filename\":\"Julio_Intense\",\"flipX\":false,\"flipY\":false}}],\"unlocks\":[{\"property\":{\"type\":4,\"name\":\"car_tow\",\"value\":0.0},\"doUnlock\":true}],\"requirements\":[],\"secretUnlocked\":\"\"}],\"requirements\":[{\"check\":{\"type\":4,\"name\":\"monkey_business\",\"value\":0.0},\"checkType\":0,\"comparePropName\":\"\"},{\"check\":{\"type\":4,\"name\":\"monkey_business\",\"value\":0.0},\"checkType\":0,\"comparePropName\":\"\"}]},{\"decisionID\":\"por_trait\",\"decisionText\":\"It's time for the family photo! Grandpa wants to take the photo near the fireplace, but the photographer insists that the light is better outside.\",\"speakerName\":\"\",\"type\":2,\"speakerImage\":{\"description\":\"\",\"category\":\"character\",\"filename\":\"Vanessa_Curious\",\"flipX\":false,\"flipY\":false},\"anchorImage\":{\"description\":\"\",\"category\":\"\",\"filename\":\"\",\"flipX\":false,\"flipY\":false},\"choices\":[{\"choiceText\":\"Take grandpa's side\",\"choiceMadeSummary\":\"took grandpa's side when he argued with the photographer\",\"choiceNotMadeSummary\":\"\",\"attributeEffects\":[],\"metaEffects\":[],\"consequences\":[{\"statEffects\":[{\"type\":1,\"name\":\"Drama\",\"value\":-10.0}],\"flagEffects\":[],\"consequenceText\":\"Grandpa was thrilled you agree. Everyone headed inside.\",\"anchorImage\":{\"description\":\"\",\"category\":\"\",\"filename\":\"\",\"flipX\":false,\"flipY\":false},\"characterImage\":{\"description\":\"\",\"category\":\"character\",\"filename\":\"Julio_Happy\",\"flipX\":false,\"flipY\":false}},{\"statEffects\":[],\"flagEffects\":[],\"consequenceText\":\"The photographer rolled her eyes and started setting up the lights inside.\",\"anchorImage\":{\"description\":\"\",\"category\":\"\",\"filename\":\"\",\"flipX\":false,\"flipY\":false},\"characterImage\":{\"description\":\"\",\"category\":\"character\",\"filename\":\"Vanessa_Neutral\",\"flipX\":false,\"flipY\":false}}],\"unlocks\":[{\"property\":{\"type\":4,\"name\":\"fire_place\",\"value\":0.0},\"doUnlock\":true},{\"property\":{\"type\":4,\"name\":\"fam_por\",\"value\":0.0},\"doUnlock\":true}],\"requirements\":[],\"secretUnlocked\":\"\"},{\"choiceText\":\"Take photographer's side\",\"choiceMadeSummary\":\"took the photographer's side when she argued with grandpa\",\"choiceNotMadeSummary\":\"\",\"attributeEffects\":[],\"metaEffects\":[],\"consequences\":[{\"statEffects\":[],\"flagEffects\":[],\"consequenceText\":\"Grandpa was mad that nobody took his side. He sat on his lounge chair and refused to move.\",\"anchorImage\":{\"description\":\"\",\"category\":\"\",\"filename\":\"\",\"flipX\":false,\"flipY\":false},\"characterImage\":{\"description\":\"\",\"category\":\"character\",\"filename\":\"Julio_Uh-Oh\",\"flipX\":false,\"flipY\":false}},{\"statEffects\":[{\"type\":1,\"name\":\"Drama\",\"value\":10.0}],\"flagEffects\":[],\"consequenceText\":\"One by one everyone failed to convince grandpa to move. Eventually everyone gave in to grandpa's wishes.\",\"anchorImage\":{\"description\":\"\",\"category\":\"\",\"filename\":\"\",\"flipX\":false,\"flipY\":false},\"characterImage\":{\"description\":\"\",\"category\":\"character\",\"filename\":\"Vanessa_Angry\",\"flipX\":false,\"flipY\":false}}],\"unlocks\":[{\"property\":{\"type\":4,\"name\":\"fire_place\",\"value\":0.0},\"doUnlock\":true},{\"property\":{\"type\":4,\"name\":\"fam_por\",\"value\":0.0},\"doUnlock\":true}],\"requirements\":[],\"secretUnlocked\":\"\"}],\"requirements\":[{\"check\":{\"type\":3,\"name\":\"Kindness\",\"value\":0.0},\"checkType\":5,\"comparePropName\":\"\"}]},{\"decisionID\":\"fire_place\",\"decisionText\":\"Cousin Millie wants to wear her favorite red dress for the photo, but the whole family has agreed to wear shades of blue.\",\"speakerName\":\"\",\"type\":1,\"speakerImage\":{\"description\":\"\",\"category\":\"character\",\"filename\":\"Julio_Thinking\",\"flipX\":false,\"flipY\":false},\"anchorImage\":{\"description\":\"\",\"category\":\"\",\"filename\":\"\",\"flipX\":false,\"flipY\":false},\"choices\":[{\"choiceText\":\"Let her wear red\",\"choiceMadeSummary\":\"let a cousin wear her favorite dress for the family photo\",\"choiceNotMadeSummary\":\"\",\"attributeEffects\":[],\"metaEffects\":[],\"consequences\":[{\"statEffects\":[{\"type\":1,\"name\":\"Drama\",\"value\":10.0}],\"flagEffects\":[],\"consequenceText\":\"Cousin Millie's red dress raised a lot of eyebrows and caused a few arguments over the dress code.\",\"anchorImage\":{\"description\":\"\",\"category\":\"\",\"filename\":\"\",\"flipX\":false,\"flipY\":false},\"characterImage\":{\"description\":\"\",\"category\":\"character\",\"filename\":\"Vanessa_Uh-Oh\",\"flipX\":false,\"flipY\":false}},{\"statEffects\":[],\"flagEffects\":[],\"consequenceText\":\"Millie posed happily for the photos while everyone else argued in the background.\",\"anchorImage\":{\"description\":\"\",\"category\":\"\",\"filename\":\"\",\"flipX\":false,\"flipY\":false},\"characterImage\":{\"description\":\"\",\"category\":\"character\",\"filename\":\"Julio_Excited\",\"flipX\":false,\"flipY\":false}}],\"unlocks\":[{\"property\":{\"type\":4,\"name\":\"photo_tag\",\"value\":0.0},\"doUnlock\":true}],\"requirements\":[],\"secretUnlocked\":\"\"},{\"choiceText\":\"Make her change\",\"choiceMadeSummary\":\"made a cousin change her dress for the family photo\",\"choiceNotMadeSummary\":\"\",\"attributeEffects\":[],\"metaEffects\":[],\"consequences\":[{\"statEffects\":[{\"type\":1,\"name\":\"Drama\",\"value\":-10.0}],\"flagEffects\":[],\"consequenceText\":\"Cousin Millie had a frown in all the photos. But everyone else looked very happy!\",\"anchorImage\":{\"description\":\"\",\"category\":\"\",\"filename\":\"\",\"flipX\":false,\"flipY\":false},\"characterImage\":{\"description\":\"\",\"category\":\"character\",\"filename\":\"Vanessa_Awkward\",\"flipX\":false,\"flipY\":false}}],\"unlocks\":[{\"property\":{\"type\":4,\"name\":\"photo_tag\",\"value\":0.0},\"doUnlock\":true}],\"requirements\":[],\"secretUnlocked\":\"\"}],\"requirements\":[{\"check\":{\"type\":4,\"name\":\"fire_place\",\"value\":0.0},\"checkType\":0,\"comparePropName\":\"\"},{\"check\":{\"type\":4,\"name\":\"fire_place\",\"value\":0.0},\"checkType\":0,\"comparePropName\":\"\"}]},{\"decisionID\":\"photo_tag\",\"decisionText\":\"Turns out Uncle Pedro is not happy with the photo. He wants to edit the picture to look like he has more hair.\",\"speakerName\":\"\",\"type\":1,\"speakerImage\":{\"description\":\"\",\"category\":\"character\",\"filename\":\"Vanessa_Intense\",\"flipX\":false,\"flipY\":false},\"anchorImage\":{\"description\":\"\",\"category\":\"\",\"filename\":\"\",\"flipX\":false,\"flipY\":false},\"choices\":[{\"choiceText\":\"Yes, of course\",\"choiceMadeSummary\":\"let Uncle pedro edit the family photo\",\"choiceNotMadeSummary\":\"\",\"attributeEffects\":[],\"metaEffects\":[],\"consequences\":[{\"statEffects\":[{\"type\":1,\"name\":\"Drama\",\"value\":10.0}],\"flagEffects\":[],\"consequenceText\":\"Everyone was impressed by the photo edit. Soon, Uncle Jim wanted a chiseled jaw and Aunt Fatima wanted her teeth whitened.\",\"anchorImage\":{\"description\":\"\",\"category\":\"\",\"filename\":\"\",\"flipX\":false,\"flipY\":false},\"characterImage\":{\"description\":\"\",\"category\":\"character\",\"filename\":\"Julio_Uh-Oh\",\"flipX\":false,\"flipY\":false}},{\"statEffects\":[],\"flagEffects\":[],\"consequenceText\":\"It took <i>forever</i> to please everyone.\",\"anchorImage\":{\"description\":\"\",\"category\":\"\",\"filename\":\"\",\"flipX\":false,\"flipY\":false},\"characterImage\":{\"description\":\"\",\"category\":\"character\",\"filename\":\"Vanessa_Bored\",\"flipX\":false,\"flipY\":false}}],\"unlocks\":[{\"property\":{\"type\":4,\"name\":\"all_edit\",\"value\":0.0},\"doUnlock\":true}],\"requirements\":[],\"secretUnlocked\":\"\"},{\"choiceText\":\"No, he looks fine\",\"choiceMadeSummary\":\"didn't let Uncle Pedro edit the photo\",\"choiceNotMadeSummary\":\"\",\"attributeEffects\":[],\"metaEffects\":[],\"consequences\":[{\"statEffects\":[],\"flagEffects\":[],\"consequenceText\":\"Uncle Pedro quietly went on to edit his copy of the photo.\",\"anchorImage\":{\"description\":\"\",\"category\":\"\",\"filename\":\"\",\"flipX\":false,\"flipY\":false},\"characterImage\":{\"description\":\"\",\"category\":\"character\",\"filename\":\"Julio_Happy\",\"flipX\":false,\"flipY\":false}},{\"statEffects\":[{\"type\":1,\"name\":\"Drama\",\"value\":-10.0}],\"flagEffects\":[],\"consequenceText\":\"Don't be alarmed if he looks bald in one photo and not so bald in the other. But he hardly made a fuss about it!\",\"anchorImage\":{\"description\":\"\",\"category\":\"\",\"filename\":\"\",\"flipX\":false,\"flipY\":false},\"characterImage\":{\"description\":\"\",\"category\":\"character\",\"filename\":\"Vanessa_Excited\",\"flipX\":false,\"flipY\":false}}],\"unlocks\":[{\"property\":{\"type\":4,\"name\":\"pedro_edit\",\"value\":0.0},\"doUnlock\":true}],\"requirements\":[],\"secretUnlocked\":\"\"}],\"requirements\":[{\"check\":{\"type\":4,\"name\":\"photo_tag\",\"value\":0.0},\"checkType\":0,\"comparePropName\":\"\"},{\"check\":{\"type\":4,\"name\":\"photo_tag\",\"value\":0.0},\"checkType\":0,\"comparePropName\":\"\"}]}],\"secrets\":[],\"interstitials\":[{\"showAtTurnsLeft\":2,\"requirements\":[{\"check\":{\"type\":3,\"name\":\"Kindness\",\"value\":0.0},\"checkType\":5,\"comparePropName\":\"\"}],\"dialogue\":{\"speakerImage\":{\"description\":\"\",\"category\":\"character\",\"filename\":\"Julio_Happy\",\"flipX\":false,\"flipY\":false},\"anchorImage\":{\"description\":\"\",\"category\":\"\",\"filename\":\"\",\"flipX\":false,\"flipY\":false},\"dialogueText\":\"You've been very kind to your family. Let's hope you can control the drama for a happy reunion!\",\"choices\":[],\"overrideName\":\"\",\"overrideNameReqs\":[]},\"otherCharacter\":{\"description\":\"\",\"category\":\"\",\"filename\":\"\",\"flipX\":false,\"flipY\":false}},{\"showAtTurnsLeft\":2,\"requirements\":[{\"check\":{\"type\":3,\"name\":\"Craftiness\",\"value\":0.0},\"checkType\":5,\"comparePropName\":\"\"}],\"dialogue\":{\"speakerImage\":{\"description\":\"\",\"category\":\"character\",\"filename\":\"Vanessa_Neutral\",\"flipX\":false,\"flipY\":false},\"anchorImage\":{\"description\":\"\",\"category\":\"\",\"filename\":\"\",\"flipX\":false,\"flipY\":false},\"dialogueText\":\"You've been acting like the crafty seed of the family. Now make sure that the family drama stays low for a fun weekend!\",\"choices\":[],\"overrideName\":\"\",\"overrideNameReqs\":[]},\"otherCharacter\":{\"description\":\"\",\"category\":\"\",\"filename\":\"\",\"flipX\":false,\"flipY\":false}},{\"showAtTurnsLeft\":0,\"requirements\":[{\"check\":{\"type\":3,\"name\":\"Kindness\",\"value\":0.0},\"checkType\":5,\"comparePropName\":\"\"}],\"dialogue\":{\"speakerImage\":{\"description\":\"\",\"category\":\"character\",\"filename\":\"Julio_Excited\",\"flipX\":false,\"flipY\":false},\"anchorImage\":{\"description\":\"\",\"category\":\"\",\"filename\":\"\",\"flipX\":false,\"flipY\":false},\"dialogueText\":\"Your choices have led you to a path filled with kindness. Let's hope your kind choices help you make the reunion fun for everyone.\",\"choices\":[],\"overrideName\":\"\",\"overrideNameReqs\":[]},\"otherCharacter\":{\"description\":\"\",\"category\":\"\",\"filename\":\"\",\"flipX\":false,\"flipY\":false}},{\"showAtTurnsLeft\":0,\"requirements\":[{\"check\":{\"type\":3,\"name\":\"Craftiness\",\"value\":0.0},\"checkType\":5,\"comparePropName\":\"\"}],\"dialogue\":{\"speakerImage\":{\"description\":\"\",\"category\":\"character\",\"filename\":\"Vanessa_Smirk\",\"flipX\":false,\"flipY\":false},\"anchorImage\":{\"description\":\"\",\"category\":\"\",\"filename\":\"\",\"flipX\":false,\"flipY\":false},\"dialogueText\":\"You've unlocked a path full of crafty choices. Make sure you keep the drama low for a fun weekend!\",\"choices\":[],\"overrideName\":\"\",\"overrideNameReqs\":[]},\"otherCharacter\":{\"description\":\"\",\"category\":\"\",\"filename\":\"\",\"flipX\":false,\"flipY\":false}}],\"goals\":[{\"goalID\":\"kind_family\",\"goalText\":\"Your kindness made the family reunion a super fun event!\",\"hintText\":\"Use the power of compassion to handle the family drama.\",\"requirements\":[{\"check\":{\"type\":3,\"name\":\"Kindness\",\"value\":0.0},\"checkType\":5,\"comparePropName\":\"\"}],\"traits\":[\"Kindness\"],\"onSuccess\":true,\"goalsForReveal\":0,\"type\":0},{\"goalID\":\"crafty_family\",\"goalText\":\"Your craftiness kept the family drama low and the family together!\",\"hintText\":\"Trick your family as much as you can to make the reunion fun.\",\"requirements\":[{\"check\":{\"type\":3,\"name\":\"Craftiness\",\"value\":0.0},\"checkType\":5,\"comparePropName\":\"\"}],\"traits\":[\"Craftiness\"],\"onSuccess\":true,\"goalsForReveal\":0,\"type\":0}]}","playPattern":1,"isAvailable":true,"isPremium":false,"releaseOn":"","scenarioFile":{"instanceID":23430},"scenarioID":1,"character":{"description":"","category":"character","filename":"Vanessa_Happy","flipX":false,"flipY":false},"traitsName":["Kindness","Crafty"]}