{"scenarioName":"Paws & Claws","scenarioSummary":"Help an animal shelter claw its way out of a crisis","scenarioThumbnail":"Paws & Claws","scenarioDataJson":"{\"backgroundImage\":{\"description\":\"\",\"category\":\"background\",\"filename\":\"Animal Shelter\",\"flipX\":false,\"flipY\":false},\"turnCount\":7,\"scenarioId\":0,\"endsWhenObjectiveMet\":false,\"unlockRequirements\":[],\"mainObjectives\":[{\"check\":{\"type\":1,\"name\":\"Animal Joy\",\"value\":50.0},\"checkType\":4,\"comparePropName\":\"\"},{\"check\":{\"type\":1,\"name\":\"Funds\",\"value\":50.0},\"checkType\":4,\"comparePropName\":\"\"}],\"bonusObjectives\":[{\"check\":{\"type\":1,\"name\":\"Public Joy\",\"value\":40.0},\"checkType\":4,\"comparePropName\":\"\"}],\"scenarioName\":\"Paws & Claws\",\"mainObjectiveDescription\":\">40\",\"bonusObjectivesDescription\":\"7\",\"turnName\":\"Days\",\"summarySuccess\":\"You rescued the shelter!\",\"summaryFailure\":\"The shelter is shutting!\",\"startingStats\":[{\"type\":1,\"name\":\"Animal Joy\",\"value\":40.0},{\"type\":1,\"name\":\"Funds\",\"value\":40.0},{\"type\":1,\"name\":\"Public Joy\",\"value\":30.0}],\"minMaxStatValues\":{\"x\":0.0,\"y\":100.0},\"intro\":[{\"speakerImage\":{\"description\":\"\",\"category\":\"character\",\"filename\":\"Maria_Sad\",\"flipX\":false,\"flipY\":false},\"anchorImage\":{\"description\":\"\",\"category\":\"\",\"filename\":\"\",\"flipX\":false,\"flipY\":false},\"dialogueText\":\"Esto Apesta! The Mayor has announced that the town hall is short of money!\",\"choices\":[],\"overrideName\":\"\",\"overrideNameReqs\":[]},{\"speakerImage\":{\"description\":\"\",\"category\":\"character\",\"filename\":\"Matt_Irritated\",\"flipX\":false,\"flipY\":false},\"anchorImage\":{\"description\":\"\",\"category\":\"\",\"filename\":\"\",\"flipX\":false,\"flipY\":false},\"dialogueText\":\"The public wants the mayor to stop giving money to the shelter. But that would mean the shelter will be shut down.\",\"choices\":[],\"overrideName\":\"\",\"overrideNameReqs\":[]},{\"speakerImage\":{\"description\":\"\",\"category\":\"character\",\"filename\":\"Maria_Intense\",\"flipX\":false,\"flipY\":false},\"anchorImage\":{\"description\":\"\",\"category\":\"\",\"filename\":\"\",\"flipX\":false,\"flipY\":false},\"dialogueText\":\"We need to save our furry friends!  [Animal Joy, Funds]\",\"choices\":[],\"overrideName\":\"\",\"overrideNameReqs\":[]},{\"speakerImage\":{\"description\":\"\",\"category\":\"character\",\"filename\":\"Maria_Thinking\",\"flipX\":false,\"flipY\":false},\"anchorImage\":{\"description\":\"\",\"category\":\"\",\"filename\":\"\",\"flipX\":false,\"flipY\":false},\"dialogueText\":\"And maybe make people like our animals! [Public Joy]\",\"choices\":[],\"overrideName\":\"\",\"overrideNameReqs\":[]}],\"outros\":[{\"outroID\":\"\",\"outcomeType\":1,\"traitCheck\":\"\",\"traitCheckPositive\":false,\"dialogueOptions\":[{\"speakerImage\":{\"description\":\"\",\"category\":\"character\",\"filename\":\"Matt_Excited\",\"flipX\":false,\"flipY\":false},\"anchorImage\":{\"description\":\"\",\"category\":\"\",\"filename\":\"\",\"flipX\":false,\"flipY\":false},\"dialogueText\":\"You did it! The animals with tails are wagging them and the humans with teeth are showing them!\",\"choices\":[],\"overrideName\":\"\",\"overrideNameReqs\":[]},{\"speakerImage\":{\"description\":\"\",\"category\":\"character\",\"filename\":\"Matt_Happy\",\"flipX\":false,\"flipY\":false},\"anchorImage\":{\"description\":\"\",\"category\":\"\",\"filename\":\"\",\"flipX\":false,\"flipY\":false},\"dialogueText\":\"Well done! You saved the shelter and some doggie treat money!\",\"choices\":[],\"overrideName\":\"\",\"overrideNameReqs\":[]},{\"speakerImage\":{\"description\":\"\",\"category\":\"character\",\"filename\":\"Matt_Excited\",\"flipX\":false,\"flipY\":false},\"anchorImage\":{\"description\":\"\",\"category\":\"\",\"filename\":\"\",\"flipX\":false,\"flipY\":false},\"dialogueText\":\"You rescued the shalter and saved some money too!\",\"choices\":[],\"overrideName\":\"\",\"overrideNameReqs\":[]}],\"propsToShow\":[{\"type\":1,\"name\":\"Animal Joy\",\"value\":0.0},{\"type\":1,\"name\":\"Funds\",\"value\":0.0}]},{\"outroID\":\"\",\"outcomeType\":4,\"traitCheck\":\"\",\"traitCheckPositive\":false,\"dialogueOptions\":[{\"speakerImage\":{\"description\":\"\",\"category\":\"character\",\"filename\":\"Matt_Awkward\",\"flipX\":false,\"flipY\":false},\"anchorImage\":{\"description\":\"\",\"category\":\"\",\"filename\":\"\",\"flipX\":false,\"flipY\":false},\"dialogueText\":\"Oh dear! Looks like you need improve your sheltering skills. We're shutting down.\",\"choices\":[],\"overrideName\":\"\",\"overrideNameReqs\":[]},{\"speakerImage\":{\"description\":\"\",\"category\":\"character\",\"filename\":\"Matt_Sad\",\"flipX\":false,\"flipY\":false},\"anchorImage\":{\"description\":\"\",\"category\":\"\",\"filename\":\"\",\"flipX\":false,\"flipY\":false},\"dialogueText\":\"Sigh...you couldn't save our pet project. All the beast for next time!\",\"choices\":[],\"overrideName\":\"\",\"overrideNameReqs\":[]}],\"propsToShow\":[{\"type\":1,\"name\":\"Animal Joy\",\"value\":0.0},{\"type\":1,\"name\":\"Funds\",\"value\":0.0}]},{\"outroID\":\"\",\"outcomeType\":3,\"traitCheck\":\"\",\"traitCheckPositive\":false,\"dialogueOptions\":[{\"speakerImage\":{\"description\":\"\",\"category\":\"character\",\"filename\":\"Maria_Sad\",\"flipX\":false,\"flipY\":false},\"anchorImage\":{\"description\":\"\",\"category\":\"\",\"filename\":\"\",\"flipX\":false,\"flipY\":false},\"dialogueText\":\"Wish you hadn't picked such a bone with the townspeople though!\",\"choices\":[],\"overrideName\":\"\",\"overrideNameReqs\":[]}],\"propsToShow\":[{\"type\":1,\"name\":\"Public Joy\",\"value\":0.0}]},{\"outroID\":\"\",\"outcomeType\":2,\"traitCheck\":\"\",\"traitCheckPositive\":false,\"dialogueOptions\":[{\"speakerImage\":{\"description\":\"\",\"category\":\"character\",\"filename\":\"Maria_Happy\",\"flipX\":false,\"flipY\":false},\"anchorImage\":{\"description\":\"\",\"category\":\"\",\"filename\":\"\",\"flipX\":false,\"flipY\":false},\"dialogueText\":\"And you even managed to keep the two legged animals, the humans, happy! Esto es increible!\",\"choices\":[],\"overrideName\":\"\",\"overrideNameReqs\":[]},{\"speakerImage\":{\"description\":\"\",\"category\":\"character\",\"filename\":\"Maria_Happy\",\"flipX\":false,\"flipY\":false},\"anchorImage\":{\"description\":\"\",\"category\":\"\",\"filename\":\"\",\"flipX\":false,\"flipY\":false},\"dialogueText\":\"And you even made sure the people of the town didn't feel let down! Esto es increible!\",\"choices\":[],\"overrideName\":\"\",\"overrideNameReqs\":[]}],\"propsToShow\":[{\"type\":1,\"name\":\"Public Joy\",\"value\":0.0}]},{\"outroID\":\"\",\"outcomeType\":1,\"traitCheck\":\"Kindness\",\"traitCheckPositive\":true,\"dialogueOptions\":[{\"speakerImage\":{\"description\":\"\",\"category\":\"character\",\"filename\":\"Maria_Happy\",\"flipX\":false,\"flipY\":false},\"anchorImage\":{\"description\":\"\",\"category\":\"\",\"filename\":\"\",\"flipX\":false,\"flipY\":false},\"dialogueText\":\"The volunteers have also told us that most of your decisions were very KIND. They've decided to throw you a vegan dinner party!\",\"choices\":[],\"overrideName\":\"\",\"overrideNameReqs\":[]}],\"propsToShow\":[{\"type\":1,\"name\":\"\",\"value\":0.0}]},{\"outroID\":\"\",\"outcomeType\":1,\"traitCheck\":\"Nobleness\",\"traitCheckPositive\":true,\"dialogueOptions\":[{\"speakerImage\":{\"description\":\"\",\"category\":\"character\",\"filename\":\"Maria_Happy\",\"flipX\":false,\"flipY\":false},\"anchorImage\":{\"description\":\"\",\"category\":\"\",\"filename\":\"\",\"flipX\":false,\"flipY\":false},\"dialogueText\":\"A little birdie told us that most of your decisions were very NOBLE. They've given you a badge that says \\\"A dog's best friend!\\\"\",\"choices\":[],\"overrideName\":\"\",\"overrideNameReqs\":[]}],\"propsToShow\":[{\"type\":1,\"name\":\"\",\"value\":0.0}]},{\"outroID\":\"\",\"outcomeType\":1,\"traitCheck\":\"Sensibleness\",\"traitCheckPositive\":true,\"dialogueOptions\":[{\"speakerImage\":{\"description\":\"\",\"category\":\"character\",\"filename\":\"Matt_Happy\",\"flipX\":false,\"flipY\":false},\"anchorImage\":{\"description\":\"\",\"category\":\"\",\"filename\":\"\",\"flipX\":false,\"flipY\":false},\"dialogueText\":\"A wise old owl thinks your decisions were very SENSIBLE. They're naming an actual owl after you!\",\"choices\":[],\"overrideName\":\"\",\"overrideNameReqs\":[]}],\"propsToShow\":[{\"type\":1,\"name\":\"\",\"value\":0.0}]},{\"outroID\":\"\",\"outcomeType\":1,\"traitCheck\":\"Craftiness\",\"traitCheckPositive\":true,\"dialogueOptions\":[{\"speakerImage\":{\"description\":\"\",\"category\":\"character\",\"filename\":\"Matt_Happy\",\"flipX\":false,\"flipY\":false},\"anchorImage\":{\"description\":\"\",\"category\":\"\",\"filename\":\"\",\"flipX\":false,\"flipY\":false},\"dialogueText\":\"The alley cats noticed your CRAFTINESS and want to learn from you! A whole group of them move into the tree next to your window.\",\"choices\":[],\"overrideName\":\"\",\"overrideNameReqs\":[]}],\"propsToShow\":[{\"type\":1,\"name\":\"\",\"value\":0.0}]},{\"outroID\":\"\",\"outcomeType\":4,\"traitCheck\":\"Kindness\",\"traitCheckPositive\":true,\"dialogueOptions\":[{\"speakerImage\":{\"description\":\"\",\"category\":\"character\",\"filename\":\"Maria_Happy\",\"flipX\":false,\"flipY\":false},\"anchorImage\":{\"description\":\"\",\"category\":\"\",\"filename\":\"\",\"flipX\":false,\"flipY\":false},\"dialogueText\":\"Even though you couldn't rescue the shelter, the volunteers agree that most of your decisions were very KIND. The dogs will still come to play fetch with you every evening.\",\"choices\":[],\"overrideName\":\"\",\"overrideNameReqs\":[]}],\"propsToShow\":[{\"type\":1,\"name\":\"\",\"value\":0.0}]},{\"outroID\":\"\",\"outcomeType\":4,\"traitCheck\":\"Nobleness\",\"traitCheckPositive\":true,\"dialogueOptions\":[{\"speakerImage\":{\"description\":\"\",\"category\":\"character\",\"filename\":\"Maria_Happy\",\"flipX\":false,\"flipY\":false},\"anchorImage\":{\"description\":\"\",\"category\":\"\",\"filename\":\"\",\"flipX\":false,\"flipY\":false},\"dialogueText\":\"An old man feeding pigeons at the park is telling everyone that your decisions were mostly NOBLE. The pigeons don't poop on you for the rest of the week!\",\"choices\":[],\"overrideName\":\"\",\"overrideNameReqs\":[]}],\"propsToShow\":[{\"type\":1,\"name\":\"\",\"value\":0.0}]},{\"outroID\":\"\",\"outcomeType\":4,\"traitCheck\":\"Sensibleness\",\"traitCheckPositive\":true,\"dialogueOptions\":[{\"speakerImage\":{\"description\":\"\",\"category\":\"character\",\"filename\":\"Matt_Happy\",\"flipX\":false,\"flipY\":false},\"anchorImage\":{\"description\":\"\",\"category\":\"\",\"filename\":\"\",\"flipX\":false,\"flipY\":false},\"dialogueText\":\"Even though the shelter wasn't rescued, you were very SENSIBLE. The dogs notice this and give you a twelve-bark-salute when you walk by!\",\"choices\":[],\"overrideName\":\"\",\"overrideNameReqs\":[]}],\"propsToShow\":[{\"type\":1,\"name\":\"\",\"value\":0.0}]},{\"outroID\":\"\",\"outcomeType\":4,\"traitCheck\":\"Craftiness\",\"traitCheckPositive\":true,\"dialogueOptions\":[{\"speakerImage\":{\"description\":\"\",\"category\":\"character\",\"filename\":\"Matt_Happy\",\"flipX\":false,\"flipY\":false},\"anchorImage\":{\"description\":\"\",\"category\":\"\",\"filename\":\"\",\"flipX\":false,\"flipY\":false},\"dialogueText\":\"The shelter didn't work out, but you showed a lot of CRAFTINESS! The volunteers gift you a what looks like a dead leaf...but it's actually a coccoon, out of which comes a butterfly!\",\"choices\":[],\"overrideName\":\"\",\"overrideNameReqs\":[]}],\"propsToShow\":[{\"type\":1,\"name\":\"\",\"value\":0.0}]},{\"outroID\":\"\",\"outcomeType\":4,\"traitCheck\":\"Aggression\",\"traitCheckPositive\":false,\"dialogueOptions\":[{\"speakerImage\":{\"description\":\"\",\"category\":\"character\",\"filename\":\"Matt_Angry\",\"flipX\":false,\"flipY\":false},\"anchorImage\":{\"description\":\"\",\"category\":\"\",\"filename\":\"\",\"flipX\":false,\"flipY\":false},\"dialogueText\":\"An old man feeding pigeons at the park is telling everyone that your decisions were mostly AGGRESSIVE. You should keep that in mind the next time.\",\"choices\":[],\"overrideName\":\"\",\"overrideNameReqs\":[]}],\"propsToShow\":[{\"type\":1,\"name\":\"\",\"value\":0.0}]},{\"outroID\":\"\",\"outcomeType\":4,\"traitCheck\":\"Perceptiveness\",\"traitCheckPositive\":false,\"dialogueOptions\":[{\"speakerImage\":{\"description\":\"\",\"category\":\"character\",\"filename\":\"Maria_Neutral\",\"flipX\":false,\"flipY\":false},\"anchorImage\":{\"description\":\"\",\"category\":\"\",\"filename\":\"\",\"flipX\":false,\"flipY\":false},\"dialogueText\":\"The alley cats believe that even though you couldn't save the shelter most of your decisions were very PERCEPTIVE.They will try not to make a ruckus around your house for a couple of nights.\",\"choices\":[],\"overrideName\":\"\",\"overrideNameReqs\":[]}],\"propsToShow\":[{\"type\":1,\"name\":\"\",\"value\":0.0}]},{\"outroID\":\"\",\"outcomeType\":4,\"traitCheck\":\"Tactlessness\",\"traitCheckPositive\":false,\"dialogueOptions\":[{\"speakerImage\":{\"description\":\"\",\"category\":\"character\",\"filename\":\"Matt_Irritated\",\"flipX\":false,\"flipY\":false},\"anchorImage\":{\"description\":\"\",\"category\":\"\",\"filename\":\"\",\"flipX\":false,\"flipY\":false},\"dialogueText\":\"All the pigeons agree that you couldn't save the shelter because most of your decisions were THOUGHTLESS. They will be on the lookout for you when they need a spot for their droppings.\",\"choices\":[],\"overrideName\":\"\",\"overrideNameReqs\":[]}],\"propsToShow\":[{\"type\":1,\"name\":\"\",\"value\":0.0}]},{\"outroID\":\"\",\"outcomeType\":1,\"traitCheck\":\"Aggression\",\"traitCheckPositive\":false,\"dialogueOptions\":[{\"speakerImage\":{\"description\":\"\",\"category\":\"character\",\"filename\":\"Maria_Uh-Oh\",\"flipX\":false,\"flipY\":false},\"anchorImage\":{\"description\":\"\",\"category\":\"\",\"filename\":\"\",\"flipX\":false,\"flipY\":false},\"dialogueText\":\"But a little birdie told people that most of your decisions were very AGGRESSIVE.  The dogs won't be fetching any branches or balls for you.\",\"choices\":[],\"overrideName\":\"\",\"overrideNameReqs\":[]}],\"propsToShow\":[{\"type\":1,\"name\":\"\",\"value\":0.0}]},{\"outroID\":\"\",\"outcomeType\":1,\"traitCheck\":\"Perceptiveness\",\"traitCheckPositive\":false,\"dialogueOptions\":[{\"speakerImage\":{\"description\":\"\",\"category\":\"character\",\"filename\":\"Maria_Thinking\",\"flipX\":false,\"flipY\":false},\"anchorImage\":{\"description\":\"\",\"category\":\"\",\"filename\":\"\",\"flipX\":false,\"flipY\":false},\"dialogueText\":\"Our eagle eye has also noticed that most of your decisions were very PERCEPTIVE! The Bird Watcher's Association is gifting all the volunteers free binoculars!\",\"choices\":[],\"overrideName\":\"\",\"overrideNameReqs\":[]}],\"propsToShow\":[{\"type\":1,\"name\":\"\",\"value\":0.0}]},{\"outroID\":\"\",\"outcomeType\":1,\"traitCheck\":\"Tactlessness\",\"traitCheckPositive\":false,\"dialogueOptions\":[{\"speakerImage\":{\"description\":\"\",\"category\":\"character\",\"filename\":\"Matt_Smirk\",\"flipX\":false,\"flipY\":false},\"anchorImage\":{\"description\":\"\",\"category\":\"\",\"filename\":\"\",\"flipX\":false,\"flipY\":false},\"dialogueText\":\"But it has come to our attention that most of your decisions were THOUGHTLESS. The volunteers have decided to name the new litterbox after you.\",\"choices\":[],\"overrideName\":\"\",\"overrideNameReqs\":[]}],\"propsToShow\":[{\"type\":1,\"name\":\"\",\"value\":0.0}]}],\"decisions\":[{\"decisionID\":\"millionaire_visitor\",\"decisionText\":\"There's a guy at the desk who's asking for some milk and cookies. But I hear... he's a millionaire who wants to buy the shelter and turn it into a shoe store!\",\"speakerName\":\"\",\"type\":2,\"speakerImage\":{\"description\":\"\",\"category\":\"character\",\"filename\":\"Maria_Thinking\",\"flipX\":false,\"flipY\":false},\"anchorImage\":{\"description\":\"\",\"category\":\"\",\"filename\":\"\",\"flipX\":false,\"flipY\":false},\"choices\":[{\"choiceText\":\"Give him milk and cookies\",\"choiceMadeSummary\":\"give the millionaire milk and cookies\",\"choiceNotMadeSummary\":\"\",\"attributeEffects\":[],\"metaEffects\":[{\"type\":6,\"name\":\"Friendliness\",\"value\":1.0}],\"consequences\":[{\"statEffects\":[{\"type\":1,\"name\":\"Animal Joy\",\"value\":-10.0}],\"flagEffects\":[],\"consequenceText\":\"The millionaire keeps staring at the animals... imagining them as shoes.\",\"anchorImage\":{\"description\":\"\",\"category\":\"\",\"filename\":\"\",\"flipX\":false,\"flipY\":false},\"characterImage\":{\"description\":\"\",\"category\":\"character\",\"filename\":\"Maria_Neutral\",\"flipX\":false,\"flipY\":false}},{\"statEffects\":[{\"type\":1,\"name\":\"Funds\",\"value\":-10.0}],\"flagEffects\":[],\"consequenceText\":\"And he ate ALL our cookies, like WE'RE millionaires too!\",\"anchorImage\":{\"description\":\"\",\"category\":\"\",\"filename\":\"\",\"flipX\":false,\"flipY\":false},\"characterImage\":{\"description\":\"\",\"category\":\"character\",\"filename\":\"Matt_Glaring\",\"flipX\":false,\"flipY\":false}}],\"unlocks\":[{\"property\":{\"type\":4,\"name\":\"showroom_shambles\",\"value\":0.0},\"doUnlock\":true},{\"property\":{\"type\":4,\"name\":\"1\",\"value\":0.0},\"doUnlock\":true}],\"requirements\":[],\"secretUnlocked\":\"\"},{\"choiceText\":\"Send him away!\",\"choiceMadeSummary\":\"send away the millionaire who wanted cookies\",\"choiceNotMadeSummary\":\"\",\"attributeEffects\":[],\"metaEffects\":[{\"type\":6,\"name\":\"Toughness\",\"value\":1.0}],\"consequences\":[{\"statEffects\":[{\"type\":1,\"name\":\"Funds\",\"value\":30.0}],\"flagEffects\":[],\"consequenceText\":\"We didn't have any cookies in the store room anyway, so we saved some money!\",\"anchorImage\":{\"description\":\"\",\"category\":\"\",\"filename\":\"\",\"flipX\":false,\"flipY\":false},\"characterImage\":{\"description\":\"\",\"category\":\"character\",\"filename\":\"Matt_Neutral\",\"flipX\":false,\"flipY\":false}}],\"unlocks\":[{\"property\":{\"type\":4,\"name\":\"angry_millionaire\",\"value\":0.0},\"doUnlock\":true},{\"property\":{\"type\":4,\"name\":\"1\",\"value\":0.0},\"doUnlock\":true}],\"requirements\":[],\"secretUnlocked\":\"\"}],\"requirements\":[]},{\"decisionID\":\"showroom_shambles\",\"decisionText\":\"The millionaire says he'll buy our shelter and turn it into a store. The animals will go in a cage... but we'll get a lot of money.\",\"speakerName\":\"\",\"type\":1,\"speakerImage\":{\"description\":\"\",\"category\":\"character\",\"filename\":\"Matt_Thinking\",\"flipX\":false,\"flipY\":false},\"anchorImage\":{\"description\":\"\",\"category\":\"\",\"filename\":\"\",\"flipX\":false,\"flipY\":false},\"choices\":[{\"choiceText\":\"Okay\",\"choiceMadeSummary\":\"sold the shelter\",\"choiceNotMadeSummary\":\"\",\"attributeEffects\":[],\"metaEffects\":[{\"type\":6,\"name\":\"Practicality\",\"value\":1.0}],\"consequences\":[{\"statEffects\":[{\"type\":1,\"name\":\"Animal Joy\",\"value\":-20.0}],\"flagEffects\":[],\"consequenceText\":\"The animals dont want to move into one cage.\",\"anchorImage\":{\"description\":\"\",\"category\":\"\",\"filename\":\"\",\"flipX\":false,\"flipY\":false},\"characterImage\":{\"description\":\"\",\"category\":\"character\",\"filename\":\"Maria_Sad\",\"flipX\":false,\"flipY\":false}},{\"statEffects\":[{\"type\":1,\"name\":\"Funds\",\"value\":20.0}],\"flagEffects\":[],\"consequenceText\":\"But we got good money for selling the shelter land!\",\"anchorImage\":{\"description\":\"\",\"category\":\"\",\"filename\":\"\",\"flipX\":false,\"flipY\":false},\"characterImage\":{\"description\":\"\",\"category\":\"character\",\"filename\":\"Matt_Excited\",\"flipX\":false,\"flipY\":false}}],\"unlocks\":[{\"property\":{\"type\":4,\"name\":\"halfway_shelter\",\"value\":0.0},\"doUnlock\":true},{\"property\":{\"type\":4,\"name\":\"2\",\"value\":0.0},\"doUnlock\":true}],\"requirements\":[],\"secretUnlocked\":\"\"},{\"choiceText\":\"No way!\",\"choiceMadeSummary\":\"refused to sell the shelter\",\"choiceNotMadeSummary\":\"\",\"attributeEffects\":[],\"metaEffects\":[{\"type\":6,\"name\":\"Friendliness\",\"value\":1.0}],\"consequences\":[{\"statEffects\":[{\"type\":1,\"name\":\"Public Joy\",\"value\":-10.0}],\"flagEffects\":[],\"consequenceText\":\"The man doesn't like being refused. He is spreading bad rumors about us.\",\"anchorImage\":{\"description\":\"\",\"category\":\"\",\"filename\":\"\",\"flipX\":false,\"flipY\":false},\"characterImage\":{\"description\":\"\",\"category\":\"character\",\"filename\":\"Maria_Uh-Oh\",\"flipX\":false,\"flipY\":false}},{\"statEffects\":[{\"type\":1,\"name\":\"Animal Joy\",\"value\":30.0}],\"flagEffects\":[],\"consequenceText\":\"The bulls are glad they won't be sharing a cage with the roosters.\",\"anchorImage\":{\"description\":\"\",\"category\":\"\",\"filename\":\"\",\"flipX\":false,\"flipY\":false},\"characterImage\":{\"description\":\"\",\"category\":\"character\",\"filename\":\"Maria_Happy\",\"flipX\":false,\"flipY\":false}}],\"unlocks\":[{\"property\":{\"type\":4,\"name\":\"protest_test\",\"value\":0.0},\"doUnlock\":true},{\"property\":{\"type\":4,\"name\":\"2\",\"value\":0.0},\"doUnlock\":true}],\"requirements\":[],\"secretUnlocked\":\"\"}],\"requirements\":[{\"check\":{\"type\":4,\"name\":\"showroom_shambles\",\"value\":0.0},\"checkType\":0,\"comparePropName\":\"\"}]},{\"decisionID\":\"halfway_shelter\",\"decisionText\":\"Oops! Many animals are too big, even for the big cage. Should we push them in anyway?\",\"speakerName\":\"\",\"type\":1,\"speakerImage\":{\"description\":\"\",\"category\":\"character\",\"filename\":\"Maria_Thinking\",\"flipX\":false,\"flipY\":false},\"anchorImage\":{\"description\":\"\",\"category\":\"\",\"filename\":\"\",\"flipX\":false,\"flipY\":false},\"choices\":[{\"choiceText\":\"Yes\",\"choiceMadeSummary\":\"forced all the animals into one cage\",\"choiceNotMadeSummary\":\"\",\"attributeEffects\":[],\"metaEffects\":[{\"type\":6,\"name\":\"Toughness\",\"value\":1.0}],\"consequences\":[{\"statEffects\":[{\"type\":1,\"name\":\"Animal Joy\",\"value\":-10.0}],\"flagEffects\":[],\"consequenceText\":\"The animals are pushing and biting each other.\",\"anchorImage\":{\"description\":\"\",\"category\":\"\",\"filename\":\"\",\"flipX\":false,\"flipY\":false},\"characterImage\":{\"description\":\"\",\"category\":\"character\",\"filename\":\"Maria_Sad\",\"flipX\":false,\"flipY\":false}},{\"statEffects\":[{\"type\":1,\"name\":\"Funds\",\"value\":30.0}],\"flagEffects\":[],\"consequenceText\":\"But we are making good money from the donation box at the popular new shoe store.\",\"anchorImage\":{\"description\":\"\",\"category\":\"\",\"filename\":\"\",\"flipX\":false,\"flipY\":false},\"characterImage\":{\"description\":\"\",\"category\":\"character\",\"filename\":\"Matt_Excited\",\"flipX\":false,\"flipY\":false}}],\"unlocks\":[{\"property\":{\"type\":4,\"name\":\"3\",\"value\":0.0},\"doUnlock\":true}],\"requirements\":[],\"secretUnlocked\":\"\"},{\"choiceText\":\"No\",\"choiceMadeSummary\":\"didn't force all the animals into a cage\",\"choiceNotMadeSummary\":\"\",\"attributeEffects\":[],\"metaEffects\":[{\"type\":6,\"name\":\"Friendliness\",\"value\":1.0}],\"consequences\":[{\"statEffects\":[{\"type\":1,\"name\":\"Animal Joy\",\"value\":30.0}],\"flagEffects\":[],\"consequenceText\":\"We released half the animals into town. They would rather walk on the street than live in the cage.\",\"anchorImage\":{\"description\":\"\",\"category\":\"\",\"filename\":\"\",\"flipX\":false,\"flipY\":false},\"characterImage\":{\"description\":\"\",\"category\":\"character\",\"filename\":\"Maria_Happy\",\"flipX\":false,\"flipY\":false}},{\"statEffects\":[{\"type\":1,\"name\":\"Public Joy\",\"value\":-10.0}],\"flagEffects\":[],\"consequenceText\":\"The public isn’t happy with so many dusty paw prints all over.\",\"anchorImage\":{\"description\":\"\",\"category\":\"\",\"filename\":\"\",\"flipX\":false,\"flipY\":false},\"characterImage\":{\"description\":\"\",\"category\":\"character\",\"filename\":\"Maria_Uh-Oh\",\"flipX\":false,\"flipY\":false}}],\"unlocks\":[{\"property\":{\"type\":4,\"name\":\"3\",\"value\":0.0},\"doUnlock\":true}],\"requirements\":[],\"secretUnlocked\":\"\"}],\"requirements\":[{\"check\":{\"type\":4,\"name\":\"halfway_shelter\",\"value\":0.0},\"checkType\":0,\"comparePropName\":\"\"}]},{\"decisionID\":\"protest_test\",\"decisionText\":\"The millionaire is saying he will stop the rumors if we give him two tortoises from the shelter. But he doesn't want to pay for them...\",\"speakerName\":\"\",\"type\":1,\"speakerImage\":{\"description\":\"\",\"category\":\"character\",\"filename\":\"Maria_Thinking\",\"flipX\":false,\"flipY\":false},\"anchorImage\":{\"description\":\"\",\"category\":\"\",\"filename\":\"\",\"flipX\":false,\"flipY\":false},\"choices\":[{\"choiceText\":\"Give him a \\\"present\\\"\",\"choiceMadeSummary\":\"gave two tortoises to the crafty millionaire\",\"choiceNotMadeSummary\":\"\",\"attributeEffects\":[],\"metaEffects\":[{\"type\":6,\"name\":\"Sneakiness\",\"value\":1.0}],\"consequences\":[{\"statEffects\":[{\"type\":1,\"name\":\"Public Joy\",\"value\":30.0}],\"flagEffects\":[],\"consequenceText\":\"Now that the rumors have stopped, the public likes you again!\",\"anchorImage\":{\"description\":\"\",\"category\":\"\",\"filename\":\"\",\"flipX\":false,\"flipY\":false},\"characterImage\":{\"description\":\"\",\"category\":\"character\",\"filename\":\"Maria_Happy\",\"flipX\":false,\"flipY\":false}},{\"statEffects\":[{\"type\":1,\"name\":\"Animal Joy\",\"value\":-10.0}],\"flagEffects\":[],\"consequenceText\":\"And the tortoises sneaked away from the millionaire at the airport. But they will always remember how you betrayed them.\",\"anchorImage\":{\"description\":\"\",\"category\":\"\",\"filename\":\"\",\"flipX\":false,\"flipY\":false},\"characterImage\":{\"description\":\"\",\"category\":\"character\",\"filename\":\"Maria_Thinking\",\"flipX\":false,\"flipY\":false}}],\"unlocks\":[{\"property\":{\"type\":4,\"name\":\"4\",\"value\":0.0},\"doUnlock\":true}],\"requirements\":[],\"secretUnlocked\":\"\"},{\"choiceText\":\"No!\",\"choiceMadeSummary\":\"didnt give our two tortoises to the millionaire (who spread bad rumors)\",\"choiceNotMadeSummary\":\"\",\"attributeEffects\":[],\"metaEffects\":[{\"type\":6,\"name\":\"Honesty\",\"value\":1.0}],\"consequences\":[{\"statEffects\":[{\"type\":1,\"name\":\"Animal Joy\",\"value\":30.0}],\"flagEffects\":[],\"consequenceText\":\"One of the volunteers gave the millionaire painted rocks and told him that they were sleeping tortoises.\",\"anchorImage\":{\"description\":\"\",\"category\":\"\",\"filename\":\"\",\"flipX\":false,\"flipY\":false},\"characterImage\":{\"description\":\"\",\"category\":\"character\",\"filename\":\"Maria_Curious\",\"flipX\":false,\"flipY\":false}}],\"unlocks\":[{\"property\":{\"type\":4,\"name\":\"4\",\"value\":0.0},\"doUnlock\":true}],\"requirements\":[],\"secretUnlocked\":\"\"}],\"requirements\":[{\"check\":{\"type\":4,\"name\":\"protest_test\",\"value\":0.0},\"checkType\":0,\"comparePropName\":\"\"}]},{\"decisionID\":\"angry_millionaire\",\"decisionText\":\"The millionaire had tea with the mayor and is sure he will buy the shelter. By hook or by crook. Can we send some racoons to destroy his lawns?\",\"speakerName\":\"\",\"type\":1,\"speakerImage\":{\"description\":\"\",\"category\":\"character\",\"filename\":\"Maria_Thinking\",\"flipX\":false,\"flipY\":false},\"anchorImage\":{\"description\":\"\",\"category\":\"\",\"filename\":\"\",\"flipX\":false,\"flipY\":false},\"choices\":[{\"choiceText\":\"Yes!\",\"choiceMadeSummary\":\"sent racoons to destroy the millionaire's lawns\",\"choiceNotMadeSummary\":\"\",\"attributeEffects\":[],\"metaEffects\":[{\"type\":6,\"name\":\"Slyness\",\"value\":1.0}],\"consequences\":[{\"statEffects\":[{\"type\":1,\"name\":\"Animal Joy\",\"value\":30.0}],\"flagEffects\":[],\"consequenceText\":\"The rodents had a field day destroying those luscious lawns.\",\"anchorImage\":{\"description\":\"\",\"category\":\"\",\"filename\":\"\",\"flipX\":false,\"flipY\":false},\"characterImage\":{\"description\":\"\",\"category\":\"character\",\"filename\":\"Maria_Curious\",\"flipX\":false,\"flipY\":false}}],\"unlocks\":[{\"property\":{\"type\":4,\"name\":\"raccons_millionaires\",\"value\":0.0},\"doUnlock\":true},{\"property\":{\"type\":4,\"name\":\"5\",\"value\":0.0},\"doUnlock\":true}],\"requirements\":[],\"secretUnlocked\":\"\"},{\"choiceText\":\"No, invite him for milk and cookies\",\"choiceMadeSummary\":\"invited the millionaire over for milk and cookies\",\"choiceNotMadeSummary\":\"\",\"attributeEffects\":[],\"metaEffects\":[{\"type\":6,\"name\":\"Friendliness\",\"value\":1.0}],\"consequences\":[{\"statEffects\":[{\"type\":1,\"name\":\"Public Joy\",\"value\":20.0}],\"flagEffects\":[],\"consequenceText\":\"The millionaire has accepted the apology and removed the posters. People like us now.\",\"anchorImage\":{\"description\":\"\",\"category\":\"\",\"filename\":\"\",\"flipX\":false,\"flipY\":false},\"characterImage\":{\"description\":\"\",\"category\":\"character\",\"filename\":\"Maria_Neutral\",\"flipX\":false,\"flipY\":false}},{\"statEffects\":[{\"type\":1,\"name\":\"Funds\",\"value\":-10.0}],\"flagEffects\":[],\"consequenceText\":\"But now we have to go buy cookies.\",\"anchorImage\":{\"description\":\"\",\"category\":\"\",\"filename\":\"\",\"flipX\":false,\"flipY\":false},\"characterImage\":{\"description\":\"\",\"category\":\"character\",\"filename\":\"Matt_Irritated\",\"flipX\":false,\"flipY\":false}}],\"unlocks\":[{\"property\":{\"type\":4,\"name\":\"animals_choice\",\"value\":0.0},\"doUnlock\":true},{\"property\":{\"type\":4,\"name\":\"5\",\"value\":0.0},\"doUnlock\":true}],\"requirements\":[],\"secretUnlocked\":\"\"}],\"requirements\":[{\"check\":{\"type\":4,\"name\":\"angry_millionaire\",\"value\":0.0},\"checkType\":0,\"comparePropName\":\"\"}]},{\"decisionID\":\"raccons_millionaires\",\"decisionText\":\"Oh no! The millionaire managed to catch the running racoons. Do we go and say they were ours? He's really angry!\",\"speakerName\":\"\",\"type\":1,\"speakerImage\":{\"description\":\"\",\"category\":\"character\",\"filename\":\"Maria_Intense\",\"flipX\":false,\"flipY\":false},\"anchorImage\":{\"description\":\"\",\"category\":\"\",\"filename\":\"\",\"flipX\":false,\"flipY\":false},\"choices\":[{\"choiceText\":\"No\",\"choiceMadeSummary\":\"didn't rescue your captured racoons\",\"choiceNotMadeSummary\":\"\",\"attributeEffects\":[],\"metaEffects\":[{\"type\":6,\"name\":\"Slyness\",\"value\":1.0}],\"consequences\":[{\"statEffects\":[{\"type\":1,\"name\":\"Animal Joy\",\"value\":-10.0}],\"flagEffects\":[],\"consequenceText\":\"The mean millionaire has decided to keep our raccoons.\",\"anchorImage\":{\"description\":\"\",\"category\":\"\",\"filename\":\"\",\"flipX\":false,\"flipY\":false},\"characterImage\":{\"description\":\"\",\"category\":\"character\",\"filename\":\"Maria_Sad\",\"flipX\":false,\"flipY\":false}},{\"statEffects\":[{\"type\":1,\"name\":\"Public Joy\",\"value\":30.0}],\"flagEffects\":[],\"consequenceText\":\"But the public is scared for their lawns. They think an animal shelter is important.\",\"anchorImage\":{\"description\":\"\",\"category\":\"\",\"filename\":\"\",\"flipX\":false,\"flipY\":false},\"characterImage\":{\"description\":\"\",\"category\":\"character\",\"filename\":\"Maria_Neutral\",\"flipX\":false,\"flipY\":false}}],\"unlocks\":[{\"property\":{\"type\":4,\"name\":\"6\",\"value\":0.0},\"doUnlock\":true}],\"requirements\":[],\"secretUnlocked\":\"\"},{\"choiceText\":\"Yes\",\"choiceMadeSummary\":\"rescued your captured raccoons\",\"choiceNotMadeSummary\":\"\",\"attributeEffects\":[],\"metaEffects\":[{\"type\":6,\"name\":\"Honesty\",\"value\":1.0}],\"consequences\":[{\"statEffects\":[{\"type\":1,\"name\":\"Funds\",\"value\":-10.0}],\"flagEffects\":[],\"consequenceText\":\"We had to pay for his destroyed lawns.\",\"anchorImage\":{\"description\":\"\",\"category\":\"\",\"filename\":\"\",\"flipX\":false,\"flipY\":false},\"characterImage\":{\"description\":\"\",\"category\":\"character\",\"filename\":\"Matt_Angry\",\"flipX\":false,\"flipY\":false}},{\"statEffects\":[{\"type\":1,\"name\":\"Animal Joy\",\"value\":20.0}],\"flagEffects\":[],\"consequenceText\":\"But the millionaire is scared of our raccoons now and doesn't want the shelter.\",\"anchorImage\":{\"description\":\"\",\"category\":\"\",\"filename\":\"\",\"flipX\":false,\"flipY\":false},\"characterImage\":{\"description\":\"\",\"category\":\"character\",\"filename\":\"Maria_Intense\",\"flipX\":false,\"flipY\":false}}],\"unlocks\":[{\"property\":{\"type\":4,\"name\":\"6\",\"value\":0.0},\"doUnlock\":true}],\"requirements\":[],\"secretUnlocked\":\"\"}],\"requirements\":[{\"check\":{\"type\":4,\"name\":\"raccons_millionaires\",\"value\":0.0},\"checkType\":0,\"comparePropName\":\"\"}]},{\"decisionID\":\"animals_choice\",\"decisionText\":\"The millionaire has accepted the apology, but given you a final choice! Either keep the shelter or keep the animals - you can't have both!\",\"speakerName\":\"\",\"type\":1,\"speakerImage\":{\"description\":\"\",\"category\":\"character\",\"filename\":\"Matt_Uh-Oh\",\"flipX\":false,\"flipY\":false},\"anchorImage\":{\"description\":\"\",\"category\":\"\",\"filename\":\"\",\"flipX\":false,\"flipY\":false},\"choices\":[{\"choiceText\":\"Keep the shelter\",\"choiceMadeSummary\":\"gave all your animals to the millionaire\",\"choiceNotMadeSummary\":\"\",\"attributeEffects\":[],\"metaEffects\":[{\"type\":6,\"name\":\"Toughness\",\"value\":1.0}],\"consequences\":[{\"statEffects\":[{\"type\":1,\"name\":\"Funds\",\"value\":10.0}],\"flagEffects\":[],\"consequenceText\":\"With no animals left in the shelter we don’t have to spend any of our funds!\",\"anchorImage\":{\"description\":\"\",\"category\":\"\",\"filename\":\"\",\"flipX\":false,\"flipY\":false},\"characterImage\":{\"description\":\"\",\"category\":\"character\",\"filename\":\"Matt_Thinking\",\"flipX\":false,\"flipY\":false}},{\"statEffects\":[{\"type\":1,\"name\":\"Animal Joy\",\"value\":-10.0}],\"flagEffects\":[],\"consequenceText\":\"But the animals miss their home!\",\"anchorImage\":{\"description\":\"\",\"category\":\"\",\"filename\":\"\",\"flipX\":false,\"flipY\":false},\"characterImage\":{\"description\":\"\",\"category\":\"character\",\"filename\":\"Maria_Sad\",\"flipX\":false,\"flipY\":false}}],\"unlocks\":[{\"property\":{\"type\":4,\"name\":\"7\",\"value\":0.0},\"doUnlock\":true}],\"requirements\":[],\"secretUnlocked\":\"\"},{\"choiceText\":\"Keep the animals\",\"choiceMadeSummary\":\"didn't give your animals to the millionaire\",\"choiceNotMadeSummary\":\"\",\"attributeEffects\":[],\"metaEffects\":[{\"type\":6,\"name\":\"Friendliness\",\"value\":1.0}],\"consequences\":[{\"statEffects\":[{\"type\":1,\"name\":\"Public Joy\",\"value\":-10.0}],\"flagEffects\":[],\"consequenceText\":\"The millionaire has the shelter so the animals are running all over town.\",\"anchorImage\":{\"description\":\"\",\"category\":\"\",\"filename\":\"\",\"flipX\":false,\"flipY\":false},\"characterImage\":{\"description\":\"\",\"category\":\"character\",\"filename\":\"Maria_Uh-Oh\",\"flipX\":false,\"flipY\":false}},{\"statEffects\":[{\"type\":1,\"name\":\"Funds\",\"value\":30.0}],\"flagEffects\":[],\"consequenceText\":\"Some people couldn't bear the chaos. They've collected money for a new shelter!\",\"anchorImage\":{\"description\":\"\",\"category\":\"\",\"filename\":\"\",\"flipX\":false,\"flipY\":false},\"characterImage\":{\"description\":\"\",\"category\":\"character\",\"filename\":\"Matt_Excited\",\"flipX\":false,\"flipY\":false}}],\"unlocks\":[{\"property\":{\"type\":4,\"name\":\"7\",\"value\":0.0},\"doUnlock\":true}],\"requirements\":[],\"secretUnlocked\":\"\"}],\"requirements\":[{\"check\":{\"type\":4,\"name\":\"animals_choice\",\"value\":0.0},\"checkType\":0,\"comparePropName\":\"\"}]},{\"decisionID\":\"puppy_bath\",\"decisionText\":\"A little boy found a puppy on the street. He wants us to give it a bath so his mother lets him keep it.\",\"speakerName\":\"\",\"type\":0,\"speakerImage\":{\"description\":\"\",\"category\":\"character\",\"filename\":\"Maria_Neutral\",\"flipX\":false,\"flipY\":false},\"anchorImage\":{\"description\":\"\",\"category\":\"\",\"filename\":\"\",\"flipX\":false,\"flipY\":false},\"choices\":[{\"choiceText\":\"Yes!\",\"choiceMadeSummary\":\"bathed a puppy for a little boy\",\"choiceNotMadeSummary\":\"\",\"attributeEffects\":[],\"metaEffects\":[{\"type\":6,\"name\":\"Friendliness\",\"value\":1.0}],\"consequences\":[{\"statEffects\":[{\"type\":1,\"name\":\"Funds\",\"value\":-10.0}],\"flagEffects\":[],\"consequenceText\":\"We had to use up our entire shampoo stock. The puppy was super smelly!\",\"anchorImage\":{\"description\":\"\",\"category\":\"\",\"filename\":\"\",\"flipX\":false,\"flipY\":false},\"characterImage\":{\"description\":\"\",\"category\":\"character\",\"filename\":\"Matt_Angry\",\"flipX\":false,\"flipY\":false}},{\"statEffects\":[{\"type\":1,\"name\":\"Public Joy\",\"value\":30.0}],\"flagEffects\":[],\"consequenceText\":\"But it looks like the boy’s mother will let him keep it now.\",\"anchorImage\":{\"description\":\"\",\"category\":\"\",\"filename\":\"\",\"flipX\":false,\"flipY\":false},\"characterImage\":{\"description\":\"\",\"category\":\"character\",\"filename\":\"Maria_Neutral\",\"flipX\":false,\"flipY\":false}}],\"unlocks\":[{\"property\":{\"type\":4,\"name\":\"15\",\"value\":0.0},\"doUnlock\":true}],\"requirements\":[],\"secretUnlocked\":\"\"},{\"choiceText\":\"No! Shampoo is expensive.\",\"choiceMadeSummary\":\"refused to bathe a puppy for a little boy\",\"choiceNotMadeSummary\":\"\",\"attributeEffects\":[],\"metaEffects\":[{\"type\":6,\"name\":\"Practicality\",\"value\":1.0}],\"consequences\":[{\"statEffects\":[{\"type\":1,\"name\":\"Animal Joy\",\"value\":30.0}],\"flagEffects\":[],\"consequenceText\":\"The boy’s mother didn’t let him keep the puppy. We have a new puppy!\",\"anchorImage\":{\"description\":\"\",\"category\":\"\",\"filename\":\"\",\"flipX\":false,\"flipY\":false},\"characterImage\":{\"description\":\"\",\"category\":\"character\",\"filename\":\"Maria_Curious\",\"flipX\":false,\"flipY\":false}}],\"unlocks\":[{\"property\":{\"type\":4,\"name\":\"Endgame_1A\",\"value\":0.0},\"doUnlock\":true},{\"property\":{\"type\":4,\"name\":\"15\",\"value\":0.0},\"doUnlock\":true}],\"requirements\":[],\"secretUnlocked\":\"\"}],\"requirements\":[]},{\"decisionID\":\"cow_tummy\",\"decisionText\":\"A volunteer wants to buy a pearl nose-ring for one of the bulls. Can we buy it with our donkey medicine budget?\",\"speakerName\":\"\",\"type\":0,\"speakerImage\":{\"description\":\"\",\"category\":\"character\",\"filename\":\"Maria_Intense\",\"flipX\":false,\"flipY\":false},\"anchorImage\":{\"description\":\"\",\"category\":\"\",\"filename\":\"\",\"flipX\":false,\"flipY\":false},\"choices\":[{\"choiceText\":\"Yes!\",\"choiceMadeSummary\":\"spent the donkey's medicine money on nose rings\",\"choiceNotMadeSummary\":\"\",\"attributeEffects\":[],\"metaEffects\":[{\"type\":6,\"name\":\"Generosity\",\"value\":1.0}],\"consequences\":[{\"statEffects\":[{\"type\":1,\"name\":\"Funds\",\"value\":-10.0}],\"flagEffects\":[],\"consequenceText\":\"But now we don't have money for our donkey's headache medicine.\",\"anchorImage\":{\"description\":\"\",\"category\":\"\",\"filename\":\"\",\"flipX\":false,\"flipY\":false},\"characterImage\":{\"description\":\"\",\"category\":\"character\",\"filename\":\"Matt_Irritated\",\"flipX\":false,\"flipY\":false}},{\"statEffects\":[{\"type\":1,\"name\":\"Animal Joy\",\"value\":-10.0}],\"flagEffects\":[],\"consequenceText\":\"And the donkey has a headache now.\",\"anchorImage\":{\"description\":\"\",\"category\":\"\",\"filename\":\"\",\"flipX\":false,\"flipY\":false},\"characterImage\":{\"description\":\"\",\"category\":\"character\",\"filename\":\"Matt_Glaring\",\"flipX\":false,\"flipY\":false}}],\"unlocks\":[{\"property\":{\"type\":4,\"name\":\"16\",\"value\":0.0},\"doUnlock\":true}],\"requirements\":[],\"secretUnlocked\":\"\"},{\"choiceText\":\"No!\",\"choiceMadeSummary\":\"didn't spend the donkey medicine budget on nose rings\",\"choiceNotMadeSummary\":\"\",\"attributeEffects\":[],\"metaEffects\":[{\"type\":6,\"name\":\"Practicality\",\"value\":1.0}],\"consequences\":[{\"statEffects\":[{\"type\":1,\"name\":\"Animal Joy\",\"value\":30.0}],\"flagEffects\":[],\"consequenceText\":\"We don't have bulls with pearl nose rings but we have healthy donkeys.\",\"anchorImage\":{\"description\":\"\",\"category\":\"\",\"filename\":\"\",\"flipX\":false,\"flipY\":false},\"characterImage\":{\"description\":\"\",\"category\":\"character\",\"filename\":\"Maria_Happy\",\"flipX\":false,\"flipY\":false}}],\"unlocks\":[{\"property\":{\"type\":4,\"name\":\"Endgame_1A\",\"value\":0.0},\"doUnlock\":true},{\"property\":{\"type\":4,\"name\":\"16\",\"value\":0.0},\"doUnlock\":true}],\"requirements\":[],\"secretUnlocked\":\"\"}],\"requirements\":[]},{\"decisionID\":\"pony_tail\",\"decisionText\":\"Our shelter pony is really proud of its long, beautiful tail. But the tail keeps getting stuck in fences. Should we trim it?\",\"speakerName\":\"\",\"type\":0,\"speakerImage\":{\"description\":\"\",\"category\":\"character\",\"filename\":\"Maria_Thinking\",\"flipX\":false,\"flipY\":false},\"anchorImage\":{\"description\":\"\",\"category\":\"\",\"filename\":\"\",\"flipX\":false,\"flipY\":false},\"choices\":[{\"choiceText\":\"Yes\",\"choiceMadeSummary\":\"trimmed the pony's tail for its own good\",\"choiceNotMadeSummary\":\"\",\"attributeEffects\":[],\"metaEffects\":[{\"type\":6,\"name\":\"Practicality\",\"value\":1.0}],\"consequences\":[{\"statEffects\":[{\"type\":1,\"name\":\"Animal Joy\",\"value\":30.0}],\"flagEffects\":[],\"consequenceText\":\"The pony can now trot without getting its tail caught (in the fences)!\",\"anchorImage\":{\"description\":\"\",\"category\":\"\",\"filename\":\"\",\"flipX\":false,\"flipY\":false},\"characterImage\":{\"description\":\"\",\"category\":\"character\",\"filename\":\"Maria_Excited\",\"flipX\":false,\"flipY\":false}},{\"statEffects\":[{\"type\":1,\"name\":\"Public Joy\",\"value\":-10.0}],\"flagEffects\":[],\"consequenceText\":\"But the public said ‘Nay’ to the Pony’s shortened tail!\",\"anchorImage\":{\"description\":\"\",\"category\":\"\",\"filename\":\"\",\"flipX\":false,\"flipY\":false},\"characterImage\":{\"description\":\"\",\"category\":\"character\",\"filename\":\"Maria_Uh-Oh\",\"flipX\":false,\"flipY\":false}}],\"unlocks\":[{\"property\":{\"type\":4,\"name\":\"17\",\"value\":0.0},\"doUnlock\":true}],\"requirements\":[],\"secretUnlocked\":\"tail_tale\"},{\"choiceText\":\"No, the pony will feel bad!\",\"choiceMadeSummary\":\"let the pony's tail get stuck in fences\",\"choiceNotMadeSummary\":\"\",\"attributeEffects\":[],\"metaEffects\":[{\"type\":6,\"name\":\"Friendliness\",\"value\":1.0}],\"consequences\":[{\"statEffects\":[{\"type\":1,\"name\":\"Animal Joy\",\"value\":-10.0}],\"flagEffects\":[],\"consequenceText\":\"The long tail keeps getting stuck in bushes and shrubs.\",\"anchorImage\":{\"description\":\"\",\"category\":\"\",\"filename\":\"\",\"flipX\":false,\"flipY\":false},\"characterImage\":{\"description\":\"\",\"category\":\"character\",\"filename\":\"Maria_Sad\",\"flipX\":false,\"flipY\":false}},{\"statEffects\":[{\"type\":1,\"name\":\"Funds\",\"value\":30.0}],\"flagEffects\":[],\"consequenceText\":\"But the visitors love coming to watch the pony and keep bringing food.\",\"anchorImage\":{\"description\":\"\",\"category\":\"\",\"filename\":\"\",\"flipX\":false,\"flipY\":false},\"characterImage\":{\"description\":\"\",\"category\":\"character\",\"filename\":\"Matt_Smirk\",\"flipX\":false,\"flipY\":false}}],\"unlocks\":[{\"property\":{\"type\":4,\"name\":\"Endgame_1A\",\"value\":0.0},\"doUnlock\":true},{\"property\":{\"type\":4,\"name\":\"17\",\"value\":0.0},\"doUnlock\":true}],\"requirements\":[],\"secretUnlocked\":\"\"}],\"requirements\":[]},{\"decisionID\":\"puppy_couple\",\"decisionText\":\"A couple wants to adopt a puppy but we don't have any right now. Can we spend gas money and drive around looking for abandoned puppies?\",\"speakerName\":\"\",\"type\":0,\"speakerImage\":{\"description\":\"\",\"category\":\"character\",\"filename\":\"Maria_Uh-Oh\",\"flipX\":false,\"flipY\":false},\"anchorImage\":{\"description\":\"\",\"category\":\"\",\"filename\":\"\",\"flipX\":false,\"flipY\":false},\"choices\":[{\"choiceText\":\"Yes!\",\"choiceMadeSummary\":\"spent money to look for puppies for adopters\",\"choiceNotMadeSummary\":\"\",\"attributeEffects\":[],\"metaEffects\":[{\"type\":6,\"name\":\"Friendliness\",\"value\":1.0}],\"consequences\":[{\"statEffects\":[{\"type\":1,\"name\":\"Funds\",\"value\":-10.0}],\"flagEffects\":[],\"consequenceText\":\"We had to drive around the town a couple of times. Who knew gas is so expensive!\",\"anchorImage\":{\"description\":\"\",\"category\":\"\",\"filename\":\"\",\"flipX\":false,\"flipY\":false},\"characterImage\":{\"description\":\"\",\"category\":\"character\",\"filename\":\"Matt_Irritated\",\"flipX\":false,\"flipY\":false}},{\"statEffects\":[{\"type\":1,\"name\":\"Public Joy\",\"value\":20.0}],\"flagEffects\":[],\"consequenceText\":\"But the couple was happy we made the effort.\",\"anchorImage\":{\"description\":\"\",\"category\":\"\",\"filename\":\"\",\"flipX\":false,\"flipY\":false},\"characterImage\":{\"description\":\"\",\"category\":\"character\",\"filename\":\"Maria_Happy\",\"flipX\":false,\"flipY\":false}}],\"unlocks\":[{\"property\":{\"type\":4,\"name\":\"18\",\"value\":0.0},\"doUnlock\":true}],\"requirements\":[],\"secretUnlocked\":\"\"},{\"choiceText\":\"Show them some young ferrets instead\",\"choiceMadeSummary\":\"gave ferrets to adopters when there were no puppies\",\"choiceNotMadeSummary\":\"\",\"attributeEffects\":[],\"metaEffects\":[{\"type\":6,\"name\":\"Practicality\",\"value\":1.0}],\"consequences\":[{\"statEffects\":[{\"type\":1,\"name\":\"Animal Joy\",\"value\":20.0}],\"flagEffects\":[],\"consequenceText\":\"The couple loved the little ferrets and adopted one!\",\"anchorImage\":{\"description\":\"\",\"category\":\"\",\"filename\":\"\",\"flipX\":false,\"flipY\":false},\"characterImage\":{\"description\":\"\",\"category\":\"character\",\"filename\":\"Maria_Excited\",\"flipX\":false,\"flipY\":false}}],\"unlocks\":[{\"property\":{\"type\":4,\"name\":\"Endgame_1A\",\"value\":0.0},\"doUnlock\":true},{\"property\":{\"type\":4,\"name\":\"18\",\"value\":0.0},\"doUnlock\":true}],\"requirements\":[],\"secretUnlocked\":\"\"}],\"requirements\":[]},{\"decisionID\":\"cat_return\",\"decisionText\":\"A man who had adopted a kitten last month wants to return it. He's allergic to it! Should we take it back?\",\"speakerName\":\"\",\"type\":0,\"speakerImage\":{\"description\":\"\",\"category\":\"character\",\"filename\":\"Matt_Irritated\",\"flipX\":false,\"flipY\":false},\"anchorImage\":{\"description\":\"\",\"category\":\"\",\"filename\":\"\",\"flipX\":false,\"flipY\":false},\"choices\":[{\"choiceText\":\"No returns!\",\"choiceMadeSummary\":\"refused to take a kitten back from an adopter\",\"choiceNotMadeSummary\":\"\",\"attributeEffects\":[],\"metaEffects\":[{\"type\":6,\"name\":\"Toughness\",\"value\":1.0}],\"consequences\":[{\"statEffects\":[{\"type\":1,\"name\":\"Public Joy\",\"value\":-10.0}],\"flagEffects\":[],\"consequenceText\":\"The man isn’t happy. He has threatened to purr-sue the matter in court!\",\"anchorImage\":{\"description\":\"\",\"category\":\"\",\"filename\":\"\",\"flipX\":false,\"flipY\":false},\"characterImage\":{\"description\":\"\",\"category\":\"character\",\"filename\":\"Matt_Glaring\",\"flipX\":false,\"flipY\":false}},{\"statEffects\":[{\"type\":1,\"name\":\"Animal Joy\",\"value\":-10.0}],\"flagEffects\":[],\"consequenceText\":\"But later he decided to abandon the kitty. You found her sad and hungry on the street.\",\"anchorImage\":{\"description\":\"\",\"category\":\"\",\"filename\":\"\",\"flipX\":false,\"flipY\":false},\"characterImage\":{\"description\":\"\",\"category\":\"character\",\"filename\":\"Maria_Neutral\",\"flipX\":false,\"flipY\":false}}],\"unlocks\":[{\"property\":{\"type\":4,\"name\":\"19\",\"value\":0.0},\"doUnlock\":true}],\"requirements\":[],\"secretUnlocked\":\"\"},{\"choiceText\":\"The poor guy! Take it back\",\"choiceMadeSummary\":\"took a kitten back from an adopter\",\"choiceNotMadeSummary\":\"\",\"attributeEffects\":[],\"metaEffects\":[{\"type\":6,\"name\":\"Friendliness\",\"value\":1.0}],\"consequences\":[{\"statEffects\":[{\"type\":1,\"name\":\"Animal Joy\",\"value\":30.0}],\"flagEffects\":[],\"consequenceText\":\"The kitty was happier to be back at the shelter where people loved her.\",\"anchorImage\":{\"description\":\"\",\"category\":\"\",\"filename\":\"\",\"flipX\":false,\"flipY\":false},\"characterImage\":{\"description\":\"\",\"category\":\"character\",\"filename\":\"Maria_Happy\",\"flipX\":false,\"flipY\":false}},{\"statEffects\":[{\"type\":1,\"name\":\"Funds\",\"value\":-10.0}],\"flagEffects\":[],\"consequenceText\":\"But the kitty was really weak. We had to spend some money on supplements.\",\"anchorImage\":{\"description\":\"\",\"category\":\"\",\"filename\":\"\",\"flipX\":false,\"flipY\":false},\"characterImage\":{\"description\":\"\",\"category\":\"character\",\"filename\":\"Matt_Irritated\",\"flipX\":false,\"flipY\":false}}],\"unlocks\":[{\"property\":{\"type\":4,\"name\":\"Endgame_1A\",\"value\":0.0},\"doUnlock\":true},{\"property\":{\"type\":4,\"name\":\"19\",\"value\":0.0},\"doUnlock\":true}],\"requirements\":[],\"secretUnlocked\":\"petty_petting\"}],\"requirements\":[]},{\"decisionID\":\"endangered_bird\",\"decisionText\":\"We just repaired the broken wing of a bird. Can we keep it at the shelter till it's brave enough to fly away?\",\"speakerName\":\"\",\"type\":0,\"speakerImage\":{\"description\":\"\",\"category\":\"character\",\"filename\":\"Maria_Thinking\",\"flipX\":false,\"flipY\":false},\"anchorImage\":{\"description\":\"\",\"category\":\"\",\"filename\":\"\",\"flipX\":false,\"flipY\":false},\"choices\":[{\"choiceText\":\"Yes\",\"choiceMadeSummary\":\"took care of a scared bird\",\"choiceNotMadeSummary\":\"\",\"attributeEffects\":[],\"metaEffects\":[{\"type\":6,\"name\":\"Friendliness\",\"value\":1.0}],\"consequences\":[{\"statEffects\":[{\"type\":1,\"name\":\"Funds\",\"value\":-10.0}],\"flagEffects\":[],\"consequenceText\":\"We had to spend extra money to buy special food and a big cage.\",\"anchorImage\":{\"description\":\"\",\"category\":\"\",\"filename\":\"\",\"flipX\":false,\"flipY\":false},\"characterImage\":{\"description\":\"\",\"category\":\"character\",\"filename\":\"Matt_Irritated\",\"flipX\":false,\"flipY\":false}}],\"unlocks\":[{\"property\":{\"type\":4,\"name\":\"22\",\"value\":0.0},\"doUnlock\":true}],\"requirements\":[],\"secretUnlocked\":\"\"},{\"choiceText\":\"No, it needs a push to fly\",\"choiceMadeSummary\":\"released a scared bird back into the wild\",\"choiceNotMadeSummary\":\"\",\"attributeEffects\":[],\"metaEffects\":[{\"type\":6,\"name\":\"Practicality\",\"value\":1.0}],\"consequences\":[{\"statEffects\":[{\"type\":1,\"name\":\"Animal Joy\",\"value\":20.0}],\"flagEffects\":[],\"consequenceText\":\"A bird is happiest in the sky.\",\"anchorImage\":{\"description\":\"\",\"category\":\"\",\"filename\":\"\",\"flipX\":false,\"flipY\":false},\"characterImage\":{\"description\":\"\",\"category\":\"character\",\"filename\":\"Maria_Happy\",\"flipX\":false,\"flipY\":false}}],\"unlocks\":[{\"property\":{\"type\":4,\"name\":\"Endgame_1A\",\"value\":0.0},\"doUnlock\":true},{\"property\":{\"type\":4,\"name\":\"22\",\"value\":0.0},\"doUnlock\":true}],\"requirements\":[],\"secretUnlocked\":\"\"}],\"requirements\":[]},{\"decisionID\":\"exotic_mafia\",\"decisionText\":\"The police have just arrested a mafia boss. He had an exotic bird from a country far away. Can we keep the bird?\",\"speakerName\":\"\",\"type\":0,\"speakerImage\":{\"description\":\"\",\"category\":\"character\",\"filename\":\"Maria_Excited\",\"flipX\":false,\"flipY\":false},\"anchorImage\":{\"description\":\"\",\"category\":\"\",\"filename\":\"\",\"flipX\":false,\"flipY\":false},\"choices\":[{\"choiceText\":\"Shhh... Yes!\",\"choiceMadeSummary\":\"didn't send the exotic bird back to its country\",\"choiceNotMadeSummary\":\"\",\"attributeEffects\":[],\"metaEffects\":[{\"type\":6,\"name\":\"Sneakiness\",\"value\":1.0}],\"consequences\":[{\"statEffects\":[{\"type\":1,\"name\":\"Public Joy\",\"value\":20.0}],\"flagEffects\":[],\"consequenceText\":\"Many townspeople are visiting the shelter to look at our new feathered foreigner!\",\"anchorImage\":{\"description\":\"\",\"category\":\"\",\"filename\":\"\",\"flipX\":false,\"flipY\":false},\"characterImage\":{\"description\":\"\",\"category\":\"character\",\"filename\":\"Maria_Happy\",\"flipX\":false,\"flipY\":false}}],\"unlocks\":[{\"property\":{\"type\":4,\"name\":\"24\",\"value\":0.0},\"doUnlock\":true}],\"requirements\":[],\"secretUnlocked\":\"\"},{\"choiceText\":\"No, pay to send it back home\",\"choiceMadeSummary\":\"sent the exotic bird back home\",\"choiceNotMadeSummary\":\"\",\"attributeEffects\":[],\"metaEffects\":[{\"type\":6,\"name\":\"Honesty\",\"value\":1.0}],\"consequences\":[{\"statEffects\":[{\"type\":1,\"name\":\"Animal Joy\",\"value\":20.0}],\"flagEffects\":[],\"consequenceText\":\"The bird is happy to find familiar feathered friends to flock with!\",\"anchorImage\":{\"description\":\"\",\"category\":\"\",\"filename\":\"\",\"flipX\":false,\"flipY\":false},\"characterImage\":{\"description\":\"\",\"category\":\"character\",\"filename\":\"Maria_Excited\",\"flipX\":false,\"flipY\":false}},{\"statEffects\":[{\"type\":1,\"name\":\"Funds\",\"value\":-10.0}],\"flagEffects\":[],\"consequenceText\":\"But it cost us an arm and a leg to transport our winged friend.\",\"anchorImage\":{\"description\":\"\",\"category\":\"\",\"filename\":\"\",\"flipX\":false,\"flipY\":false},\"characterImage\":{\"description\":\"\",\"category\":\"character\",\"filename\":\"Matt_Angry\",\"flipX\":false,\"flipY\":false}}],\"unlocks\":[{\"property\":{\"type\":4,\"name\":\"Endgame_1A\",\"value\":0.0},\"doUnlock\":true},{\"property\":{\"type\":4,\"name\":\"24\",\"value\":0.0},\"doUnlock\":true}],\"requirements\":[],\"secretUnlocked\":\"\"}],\"requirements\":[]}],\"secrets\":[\"tail_tale\",\"lab_experiments\",\"cat_spat\",\"petty_petting\",\"tough_love\"],\"interstitials\":[],\"goals\":[]}","playPattern":1,"isAvailable":true,"isPremium":false,"releaseOn":"","scenarioFile":{"instanceID":23452},"scenarioID":2,"character":{"description":"","category":"character","filename":"Matt_Happy","flipX":false,"flipY":false},"traitsName":["Kindness","Honor"]}